Identifiant,Année_naissance,Education,Situation_matrimoniale,Revenu,Enfant_charge,Ado_charge,Date_acquisition_client,Nombre_jours_depuis_dernier_achat,Montant_vin,Montant_fruits,Montant_viande,Montant_poisson,Montant_sucreries,Montant_luxe,Nb_achats_promo,Nb_achats_en_ligne,Achats_catalogue,Achats_magasin,Nb_visites_web_mois,Accepte_Campagne_3,Accepte_Campagne_4,Accepte_Campagne_5,Accepte_Campagne_1,Accepte_Campagne_2,Reclamation_client,Z_CostContact,Z_Revenue,Response,Depense_totale,Depense_plaisir,Part_plaisir,Taux_depense_sur_revenu,Total_achats,Part_achats_en_ligne,Part_achats_catalogue,Taux_visite_achat_web,Nb_enfants_total,Age,Score_engagement_marketing,Taux_acceptation_campagne
5524,1957,Graduation,Single,58138.0,0,0,2012-04-09,58,635.0,88.0,546.0,172.0,88.0,88.0,3,8,10,4,7,0,0,0,0,0,0,3.0,11.0,1,1617.0,811.0,0.5015460729746444,0.027813134266744644,22,0.36363636363636365,0.45454545454545453,1.1428571428571428,0,57,0,0.0
2174,1954,Graduation,Single,46344.0,1,1,2014-08-03,38,11.0,1.0,6.0,2.0,1.0,6.0,2,1,1,2,5,0,0,0,0,0,0,3.0,11.0,0,27.0,18.0,0.6666666666666666,0.0005825996892801658,4,0.25,0.25,0.2,2,60,0,0.0
4141,1965,Graduation,Together,71613.0,0,0,1970-01-01,26,426.0,49.0,127.0,111.0,21.0,42.0,1,8,2,10,4,0,0,0,0,0,0,3.0,11.0,0,776.0,489.0,0.6301546391752577,0.010836021392763883,20,0.4,0.1,2.0,0,49,0,0.0
6182,1984,Graduation,Together,26646.0,1,0,2014-10-02,26,11.0,4.0,20.0,10.0,3.0,5.0,2,2,0,4,6,0,0,0,0,0,0,3.0,11.0,0,53.0,19.0,0.3584905660377358,0.0019890415071680554,6,0.3333333333333333,0.0,0.3333333333333333,1,30,0,0.0
5324,1981,PhD,Married,58293.0,1,0,1970-01-01,94,173.0,43.0,118.0,46.0,27.0,15.0,5,5,3,6,5,0,0,0,0,0,0,3.0,11.0,0,422.0,215.0,0.509478672985782,0.007239291167035493,14,0.35714285714285715,0.21428571428571427,1.0,1,33,0,0.0
7446,1967,Master,Together,62513.0,0,1,2013-09-09,16,520.0,42.0,98.0,0.0,42.0,14.0,2,6,4,10,6,0,0,0,0,0,0,3.0,11.0,0,716.0,576.0,0.8044692737430168,0.011453617647529314,20,0.3,0.2,1.0,1,47,0,0.0
965,1971,Graduation,Divorced,55635.0,0,1,1970-01-01,34,235.0,65.0,164.0,50.0,49.0,27.0,4,7,3,7,6,0,0,0,0,0,0,3.0,11.0,0,590.0,311.0,0.5271186440677966,0.010604835085827267,17,0.4117647058823529,0.17647058823529413,1.1666666666666667,1,43,0,0.0
6177,1985,PhD,Married,33454.0,1,0,2013-08-05,32,76.0,10.0,56.0,3.0,1.0,23.0,2,4,0,4,8,0,0,0,0,0,0,3.0,11.0,0,169.0,100.0,0.591715976331361,0.0050517127996652115,8,0.5,0.0,0.5,1,29,0,0.0
4855,1974,PhD,Together,30351.0,1,0,2013-06-06,19,14.0,0.0,24.0,3.0,3.0,2.0,1,3,0,2,9,0,0,0,0,0,0,3.0,11.0,1,46.0,19.0,0.41304347826086957,0.001515600803927383,5,0.6,0.0,0.3333333333333333,1,40,0,0.0
5899,1950,PhD,Together,5648.0,1,1,1970-01-01,68,28.0,0.0,6.0,1.0,1.0,13.0,1,1,0,0,20,1,0,0,0,0,0,3.0,11.0,0,49.0,42.0,0.8571428571428571,0.008675637393767706,1,1.0,0.0,0.05,2,64,1,0.2
1994,1983,Graduation,Married,51371.0,1,0,1970-01-01,11,5.0,5.0,6.0,0.0,2.0,1.0,1,1,0,2,7,0,0,0,0,0,0,3.0,11.0,0,19.0,8.0,0.42105263157894735,0.0003698584804656324,3,0.3333333333333333,0.0,0.14285714285714285,1,31,0,0.0
387,1976,Basic,Married,7500.0,0,0,1970-01-01,59,6.0,16.0,11.0,11.0,1.0,16.0,1,2,0,3,8,0,0,0,0,0,0,3.0,11.0,0,61.0,23.0,0.3770491803278688,0.008133333333333333,5,0.4,0.0,0.25,0,38,0,0.0
2125,1959,Graduation,Divorced,63033.0,0,0,1970-01-01,82,194.0,61.0,480.0,225.0,112.0,30.0,1,3,4,8,2,0,0,0,0,0,0,3.0,11.0,0,1102.0,336.0,0.30490018148820325,0.01748290577951232,15,0.2,0.26666666666666666,1.5,0,55,0,0.0
8180,1952,Master,Divorced,59354.0,1,1,1970-01-01,53,233.0,2.0,53.0,3.0,5.0,14.0,3,6,1,5,6,0,0,0,0,0,0,3.0,11.0,0,310.0,252.0,0.8129032258064516,0.005222899888802777,12,0.5,0.08333333333333333,1.0,2,62,0,0.0
2569,1987,Graduation,Married,17323.0,0,0,2012-10-10,38,3.0,14.0,17.0,6.0,1.0,5.0,1,1,0,3,8,0,0,0,0,0,0,3.0,11.0,0,46.0,9.0,0.1956521739130435,0.0026554291981758355,4,0.25,0.0,0.125,0,27,0,0.0
2114,1946,PhD,Single,82800.0,0,0,1970-01-01,23,1006.0,22.0,115.0,59.0,68.0,45.0,1,7,6,12,3,0,0,1,1,0,0,3.0,11.0,1,1315.0,1119.0,0.8509505703422053,0.015881642512077295,25,0.28,0.24,2.3333333333333335,0,68,2,0.4
9736,1980,Graduation,Married,41850.0,1,1,1970-01-01,51,53.0,5.0,19.0,2.0,13.0,4.0,3,3,0,3,8,0,0,0,0,0,0,3.0,11.0,0,96.0,70.0,0.7291666666666666,0.0022939068100358423,6,0.5,0.0,0.375,2,34,0,0.0
4939,1946,Graduation,Together,37760.0,0,0,1970-01-01,20,84.0,5.0,38.0,150.0,12.0,28.0,2,4,1,6,7,0,0,0,0,0,0,3.0,11.0,0,317.0,124.0,0.3911671924290221,0.008395127118644067,11,0.36363636363636365,0.09090909090909091,0.5714285714285714,0,68,0,0.0
6565,1949,Master,Married,76995.0,0,1,1970-01-01,91,1012.0,80.0,498.0,0.0,16.0,176.0,2,11,4,9,5,0,0,0,1,0,0,3.0,11.0,0,1782.0,1204.0,0.675645342312009,0.023144360023378142,24,0.4583333333333333,0.16666666666666666,2.2,1,65,1,0.2
2278,1985,2n Cycle,Single,33812.0,1,0,2012-03-11,86,4.0,17.0,19.0,30.0,24.0,39.0,2,2,1,3,6,0,0,0,0,0,0,3.0,11.0,0,133.0,67.0,0.5037593984962406,0.003933514728498758,6,0.3333333333333333,0.16666666666666666,0.3333333333333333,1,29,0,0.0
9360,1982,Graduation,Married,37040.0,0,0,2012-08-08,41,86.0,2.0,73.0,69.0,38.0,48.0,1,4,2,5,8,0,0,0,0,0,0,3.0,11.0,0,316.0,172.0,0.5443037974683544,0.008531317494600432,11,0.36363636363636365,0.18181818181818182,0.5,0,32,0,0.0
5376,1979,Graduation,Married,2447.0,1,0,2013-06-01,42,1.0,1.0,1725.0,1.0,1.0,1.0,15,0,28,0,1,0,0,0,0,0,0,3.0,11.0,0,1730.0,3.0,0.0017341040462427746,0.7069881487535759,28,0.0,1.0,0.0,1,35,0,0.0
1993,1949,PhD,Married,58607.0,0,1,1970-01-01,63,867.0,0.0,86.0,0.0,0.0,19.0,3,2,3,9,8,0,1,0,0,0,0,3.0,11.0,0,972.0,886.0,0.911522633744856,0.01658504956745781,14,0.14285714285714285,0.21428571428571427,0.25,1,65,1,0.2
4047,1954,PhD,Married,65324.0,0,1,2014-11-01,0,384.0,0.0,102.0,21.0,32.0,5.0,3,6,2,9,4,0,0,0,0,0,0,3.0,11.0,0,544.0,421.0,0.7738970588235294,0.008327720286571551,17,0.35294117647058826,0.11764705882352941,1.5,1,60,0,0.0
1409,1951,Graduation,Together,40689.0,0,1,1970-01-01,69,270.0,3.0,27.0,39.0,6.0,99.0,7,7,1,5,8,0,0,0,0,0,0,3.0,11.0,0,444.0,375.0,0.8445945945945946,0.010912040109120402,13,0.5384615384615384,0.07692307692307693,0.875,1,63,0,0.0
7892,1969,Graduation,Single,18589.0,0,0,2013-02-01,89,6.0,4.0,25.0,15.0,12.0,13.0,2,2,1,3,7,0,0,0,0,0,0,3.0,11.0,0,75.0,31.0,0.41333333333333333,0.004034644144386465,6,0.3333333333333333,0.16666666666666666,0.2857142857142857,0,45,0,0.0
2404,1976,Graduation,Married,53359.0,1,1,1970-01-01,4,173.0,4.0,30.0,3.0,6.0,41.0,4,5,1,4,7,0,0,0,0,0,0,3.0,11.0,0,257.0,220.0,0.8560311284046692,0.004816432092055698,10,0.5,0.1,0.7142857142857143,2,38,0,0.0
5255,1986,Graduation,Single,51371.0,1,0,1970-01-01,19,5.0,1.0,3.0,3.0,263.0,362.0,0,27,0,0,1,0,0,0,0,0,0,3.0,11.0,0,637.0,630.0,0.989010989010989,0.012399992213505675,27,1.0,0.0,27.0,1,28,0,0.0
9422,1989,Graduation,Married,38360.0,1,0,1970-01-01,26,36.0,2.0,42.0,20.0,21.0,10.0,2,2,1,4,3,0,0,0,0,0,0,3.0,11.0,0,131.0,67.0,0.5114503816793893,0.0034150156412930135,7,0.2857142857142857,0.14285714285714285,0.6666666666666666,1,25,0,0.0
1966,1965,PhD,Married,84618.0,0,0,1970-01-01,96,684.0,100.0,801.0,21.0,66.0,0.0,1,6,9,10,2,0,0,1,0,0,0,3.0,11.0,0,1672.0,750.0,0.4485645933014354,0.019759389255241202,25,0.24,0.36,3.0,0,49,1,0.2
6864,1989,Master,Divorced,10979.0,0,0,1970-01-01,34,8.0,4.0,10.0,2.0,2.0,4.0,2,3,0,3,5,0,0,0,0,0,0,3.0,11.0,0,30.0,14.0,0.4666666666666667,0.0027324892977502505,6,0.5,0.0,0.6,0,25,0,0.0
3033,1963,Master,Together,38620.0,0,0,2013-11-05,56,112.0,17.0,44.0,34.0,22.0,89.0,1,2,5,3,3,0,0,0,0,0,0,3.0,11.0,0,318.0,223.0,0.7012578616352201,0.008234075608493008,10,0.2,0.5,0.6666666666666666,0,51,0,0.0
5710,1970,Graduation,Together,40548.0,0,1,2012-10-10,31,110.0,0.0,5.0,2.0,0.0,3.0,2,2,1,4,5,0,1,0,0,0,0,3.0,11.0,0,120.0,113.0,0.9416666666666667,0.002959455460195324,7,0.2857142857142857,0.14285714285714285,0.4,1,44,1,0.2
7373,1952,PhD,Divorced,46610.0,0,2,1970-01-01,8,96.0,12.0,96.0,33.0,22.0,43.0,6,4,1,6,6,0,0,0,0,0,0,3.0,11.0,1,302.0,161.0,0.5331125827814569,0.00647929628835014,11,0.36363636363636365,0.09090909090909091,0.6666666666666666,2,62,0,0.0
8755,1946,Master,Married,68657.0,0,0,1970-01-01,4,482.0,34.0,471.0,119.0,68.0,22.0,1,3,5,9,7,0,0,0,0,0,0,3.0,11.0,0,1196.0,572.0,0.4782608695652174,0.01741992804812328,17,0.17647058823529413,0.29411764705882354,0.42857142857142855,0,68,0,0.0
10738,1951,Master,Single,49389.0,1,1,1970-01-01,55,40.0,0.0,19.0,2.0,1.0,3.0,1,2,0,3,7,0,0,0,0,0,0,3.0,11.0,0,65.0,44.0,0.676923076923077,0.0013160825284982485,5,0.4,0.0,0.2857142857142857,2,63,0,0.0
4339,1970,PhD,Married,67353.0,0,1,1970-01-01,37,702.0,17.0,151.0,0.0,8.0,35.0,5,5,6,12,2,0,0,0,0,0,0,3.0,11.0,0,913.0,745.0,0.8159912376779846,0.013555446676465785,23,0.21739130434782608,0.2608695652173913,2.5,1,44,0,0.0
10755,1976,2n Cycle,Married,23718.0,1,0,2013-02-09,76,6.0,3.0,14.0,15.0,7.0,36.0,3,3,1,2,7,0,0,0,0,0,0,3.0,11.0,0,81.0,49.0,0.6049382716049383,0.0034151277510751326,6,0.5,0.16666666666666666,0.42857142857142855,1,38,0,0.0
8595,1973,Graduation,Widow,42429.0,0,1,2014-11-02,99,55.0,0.0,6.0,2.0,0.0,4.0,2,1,1,3,5,0,0,0,0,0,0,3.0,11.0,0,67.0,59.0,0.8805970149253731,0.0015791086285323716,5,0.2,0.2,0.2,1,41,0,0.0
2968,1943,PhD,Divorced,48948.0,0,0,2013-01-02,53,437.0,8.0,206.0,160.0,49.0,42.0,2,7,10,5,6,1,0,0,0,0,0,3.0,11.0,1,902.0,528.0,0.5853658536585366,0.01842771921222522,22,0.3181818181818182,0.45454545454545453,1.1666666666666667,0,71,1,0.2
8601,1980,Graduation,Married,80011.0,0,1,1970-01-01,3,421.0,76.0,536.0,82.0,178.0,102.0,2,8,6,5,4,0,0,0,0,0,0,3.0,11.0,0,1395.0,701.0,0.5025089605734767,0.01743510267338241,19,0.42105263157894735,0.3157894736842105,2.0,1,34,0,0.0
503,1985,Master,Married,20559.0,1,0,2013-12-03,88,13.0,1.0,29.0,3.0,0.0,7.0,2,2,0,3,8,0,0,0,0,0,0,3.0,11.0,0,53.0,20.0,0.37735849056603776,0.0025779463981711174,5,0.4,0.0,0.25,1,29,0,0.0
8430,1957,Graduation,Together,21994.0,0,1,1970-01-01,4,9.0,0.0,6.0,3.0,1.0,3.0,1,0,0,3,5,0,0,0,0,0,0,3.0,11.0,0,22.0,13.0,0.5909090909090909,0.0010002728016731835,3,0.0,0.0,0.0,1,57,0,0.0
7281,1959,PhD,Single,51371.0,0,0,2013-05-11,80,81.0,11.0,50.0,3.0,2.0,39.0,1,1,3,4,2,0,0,0,0,0,0,3.0,11.0,0,186.0,122.0,0.6559139784946236,0.003620719861400401,8,0.125,0.375,0.5,0,55,0,0.0
2139,1975,Master,Married,7500.0,1,0,2013-02-10,19,3.0,1.0,10.0,3.0,2.0,12.0,3,2,0,3,5,0,0,0,0,0,0,3.0,11.0,0,31.0,17.0,0.5483870967741935,0.0041333333333333335,5,0.4,0.0,0.4,1,39,0,0.0
1371,1976,Graduation,Single,79941.0,0,0,1970-01-01,72,123.0,164.0,266.0,227.0,30.0,174.0,1,2,4,9,1,0,0,0,0,0,0,3.0,11.0,0,984.0,327.0,0.3323170731707317,0.012309077944984426,15,0.13333333333333333,0.26666666666666666,2.0,0,38,0,0.0
9909,1996,2n Cycle,Married,7500.0,0,0,2012-09-11,24,3.0,18.0,14.0,15.0,22.0,50.0,3,3,1,3,9,0,0,0,0,0,0,3.0,11.0,1,122.0,75.0,0.6147540983606558,0.016266666666666665,7,0.42857142857142855,0.14285714285714285,0.3333333333333333,0,18,0,0.0
7286,1968,Graduation,Together,41728.0,1,0,1970-01-01,92,13.0,6.0,15.0,3.0,5.0,13.0,1,2,0,2,10,0,0,0,0,0,0,3.0,11.0,0,55.0,31.0,0.5636363636363636,0.0013180598159509202,4,0.5,0.0,0.2,1,46,0,0.0
7244,1951,Graduation,Single,51371.0,2,1,2014-01-01,96,48.0,5.0,48.0,6.0,10.0,7.0,3,2,1,4,6,0,0,0,0,0,0,3.0,11.0,0,124.0,65.0,0.5241935483870968,0.0024138132409336007,7,0.2857142857142857,0.14285714285714285,0.3333333333333333,3,63,0,0.0
6566,1954,PhD,Married,72550.0,1,1,2012-08-11,39,826.0,50.0,317.0,50.0,38.0,38.0,9,5,2,12,8,0,0,0,0,0,0,3.0,11.0,0,1319.0,902.0,0.6838514025777104,0.01818056512749828,19,0.2631578947368421,0.10526315789473684,0.625,2,60,0,0.0
8614,1957,Graduation,Widow,65486.0,0,1,2014-12-05,29,245.0,19.0,125.0,37.0,67.0,14.0,1,4,2,10,2,0,0,0,0,0,0,3.0,11.0,0,507.0,326.0,0.6429980276134122,0.0077421128180069024,16,0.25,0.125,2.0,1,57,0,0.0
4114,1964,Master,Married,79143.0,0,0,2012-11-08,2,650.0,37.0,780.0,27.0,167.0,32.0,1,6,9,13,3,0,0,0,0,0,0,3.0,11.0,0,1693.0,849.0,0.5014766686355582,0.021391658137801195,28,0.21428571428571427,0.32142857142857145,2.0,0,50,0,0.0
1331,1977,Graduation,Single,35790.0,1,0,2013-02-01,54,12.0,6.0,20.0,30.0,1.0,3.0,2,2,0,3,7,0,0,0,0,0,0,3.0,11.0,0,72.0,16.0,0.2222222222222222,0.00201173512154233,5,0.4,0.0,0.2857142857142857,1,37,0,0.0
2225,1977,Graduation,Divorced,82582.0,0,0,2014-07-06,54,510.0,120.0,550.0,156.0,40.0,241.0,1,4,9,7,1,1,0,0,1,0,0,3.0,11.0,1,1617.0,791.0,0.48917748917748916,0.019580538131796277,20,0.2,0.45,4.0,0,37,2,0.4
9381,1978,Graduation,Married,66373.0,1,1,2013-12-06,57,328.0,9.0,124.0,12.0,24.0,109.0,7,4,2,10,3,0,0,0,0,0,0,3.0,11.0,0,606.0,461.0,0.7607260726072608,0.009130218612990222,16,0.25,0.125,1.3333333333333333,2,36,0,0.0
6260,1955,Master,Together,82384.0,0,0,1970-01-01,55,984.0,51.0,432.0,180.0,120.0,190.0,1,3,10,13,1,0,0,1,0,0,0,3.0,11.0,1,1957.0,1294.0,0.6612161471640265,0.023754612546125462,26,0.11538461538461539,0.38461538461538464,3.0,0,59,1,0.2
10383,1966,Graduation,Divorced,70287.0,0,0,2013-02-04,30,295.0,35.0,482.0,121.0,120.0,40.0,1,5,5,10,3,0,0,0,0,0,0,3.0,11.0,1,1093.0,455.0,0.4162854528819762,0.015550528547242022,20,0.25,0.25,1.6666666666666667,0,48,0,0.0
7437,1988,Graduation,Single,27938.0,1,0,1970-01-01,31,13.0,0.0,8.0,2.0,1.0,5.0,1,1,0,4,3,0,0,0,0,0,0,3.0,11.0,0,29.0,19.0,0.6551724137931034,0.0010380127425012528,5,0.2,0.0,0.3333333333333333,1,26,0,0.0
8557,1982,Graduation,Single,51371.0,1,0,1970-01-01,57,11.0,3.0,22.0,2.0,2.0,6.0,2,2,0,3,6,0,0,0,0,0,0,3.0,11.0,0,46.0,19.0,0.41304347826086957,0.0008954468474431099,5,0.4,0.0,0.3333333333333333,1,32,0,0.0
8375,1968,PhD,Married,55954.0,0,1,2014-03-03,63,447.0,0.0,28.0,0.0,0.0,43.0,3,8,2,6,7,0,0,0,0,0,0,3.0,11.0,0,518.0,490.0,0.9459459459459459,0.009257604460807091,16,0.5,0.125,1.1428571428571428,1,46,0,0.0
6853,1982,Master,Single,75777.0,0,0,2013-04-07,12,712.0,26.0,538.0,69.0,13.0,80.0,1,3,6,11,1,0,1,1,0,0,0,3.0,11.0,1,1438.0,805.0,0.5598052851182197,0.018976734365308733,20,0.15,0.3,3.0,0,32,2,0.4
3076,1975,Graduation,Together,66653.0,1,1,2012-07-09,18,452.0,18.0,102.0,16.0,18.0,6.0,4,4,2,12,3,0,0,0,0,0,0,3.0,11.0,0,612.0,476.0,0.7777777777777778,0.009181882285868604,18,0.2222222222222222,0.1111111111111111,1.3333333333333333,2,39,0,0.0
1012,1952,Graduation,Single,61823.0,0,1,1970-01-01,26,523.0,7.0,134.0,37.0,14.0,169.0,4,8,2,10,7,0,0,0,0,0,0,3.0,11.0,0,884.0,706.0,0.7986425339366516,0.014298885528039726,20,0.4,0.1,1.1428571428571428,1,62,0,0.0
6518,1951,PhD,Widow,67680.0,0,1,2013-11-06,8,546.0,0.0,48.0,0.0,6.0,6.0,1,7,3,8,5,0,0,0,0,0,0,3.0,11.0,0,606.0,558.0,0.9207920792079208,0.008953900709219859,18,0.3888888888888889,0.16666666666666666,1.4,1,63,0,0.0
4137,1948,Graduation,Together,70666.0,0,0,2013-06-12,29,398.0,40.0,367.0,119.0,122.0,30.0,1,7,4,4,4,0,0,0,0,0,0,3.0,11.0,0,1076.0,550.0,0.5111524163568774,0.0152265587411202,15,0.4666666666666667,0.26666666666666666,1.75,0,66,0,0.0
8082,1971,Graduation,Married,25721.0,1,0,1970-01-01,75,1.0,3.0,6.0,3.0,6.0,15.0,1,1,1,2,7,0,0,0,0,0,0,3.0,11.0,1,34.0,22.0,0.6470588235294118,0.0013218770654329147,4,0.25,0.25,0.14285714285714285,1,43,0,0.0
1386,1967,Graduation,Together,32474.0,1,1,2014-11-05,0,10.0,0.0,1.0,0.0,0.0,0.0,1,1,0,2,7,0,0,0,0,0,0,3.0,11.0,0,11.0,10.0,0.9090909090909091,0.00033873252448112336,3,0.3333333333333333,0.0,0.14285714285714285,2,47,0,0.0
9369,1979,2n Cycle,Single,88194.0,0,1,1970-01-01,19,688.0,14.0,309.0,201.0,24.0,38.0,1,11,10,10,5,1,0,0,1,0,0,3.0,11.0,1,1274.0,750.0,0.5886970172684458,0.014445427126561898,31,0.3548387096774194,0.3225806451612903,2.2,1,35,2,0.4
4477,1958,Graduation,Together,69096.0,0,1,1970-01-01,4,247.0,49.0,159.0,7.0,82.0,109.0,1,5,2,10,4,0,0,0,0,0,0,3.0,11.0,0,653.0,438.0,0.6707503828483921,0.009450619428042144,17,0.29411764705882354,0.11764705882352941,1.25,1,56,0,0.0
1357,1970,Graduation,Together,74854.0,1,2,2013-08-04,90,856.0,59.0,487.0,58.0,29.0,73.0,7,2,5,5,5,0,0,0,0,0,0,3.0,11.0,0,1562.0,958.0,0.6133162612035852,0.020867288321265397,12,0.16666666666666666,0.4166666666666667,0.4,3,44,0,0.0
1402,1954,Master,Married,66991.0,0,0,2012-11-09,1,496.0,36.0,460.0,189.0,60.0,12.0,3,4,8,6,3,0,0,0,0,0,0,3.0,11.0,0,1253.0,568.0,0.4533120510774142,0.01870400501559911,18,0.2222222222222222,0.4444444444444444,1.3333333333333333,0,60,0,0.0
10629,1973,2n Cycle,Married,51371.0,1,0,1970-01-01,25,25.0,3.0,43.0,17.0,4.0,17.0,3,3,0,3,8,0,0,0,0,0,0,3.0,11.0,0,109.0,46.0,0.42201834862385323,0.002121819703723891,6,0.5,0.0,0.375,1,41,0,0.0
6312,1959,Graduation,Married,65031.0,0,1,1970-01-01,29,258.0,107.0,291.0,84.0,37.0,86.0,4,10,3,13,7,0,0,0,0,0,0,3.0,11.0,0,863.0,381.0,0.44148319814600234,0.013270594024388368,26,0.38461538461538464,0.11538461538461539,1.4285714285714286,1,55,0,0.0
8132,1975,PhD,Married,60631.0,1,1,2013-05-04,88,565.0,6.0,65.0,0.0,6.0,19.0,5,9,2,8,7,0,1,0,0,0,0,3.0,11.0,0,661.0,590.0,0.8925869894099848,0.01090201382131253,19,0.47368421052631576,0.10526315789473684,1.2857142857142858,2,39,1,0.2
1050,1952,Graduation,Married,28332.0,0,0,1970-01-01,58,14.0,10.0,13.0,4.0,15.0,9.0,1,2,1,4,2,0,0,0,0,0,0,3.0,11.0,0,65.0,38.0,0.5846153846153846,0.00229422561061697,7,0.2857142857142857,0.14285714285714285,1.0,0,62,0,0.0
5846,1977,Graduation,Divorced,40246.0,1,0,1970-01-01,68,2.0,1.0,6.0,2.0,1.0,1.0,1,1,0,2,6,0,0,0,0,0,0,3.0,11.0,0,13.0,4.0,0.3076923076923077,0.0003230134671768623,3,0.3333333333333333,0.0,0.16666666666666666,1,37,0,0.0
1859,1972,Master,Married,75251.0,0,0,1970-01-01,34,721.0,111.0,925.0,97.0,18.0,18.0,1,7,6,5,5,0,0,0,0,0,0,3.0,11.0,1,1890.0,757.0,0.4005291005291005,0.025115945303052452,18,0.3888888888888889,0.3333333333333333,1.4,0,42,0,0.0
7503,1976,Graduation,Single,75825.0,0,0,2012-12-10,40,1032.0,105.0,779.0,137.0,105.0,51.0,0,5,8,9,4,1,0,0,0,0,0,3.0,11.0,1,2209.0,1188.0,0.5377999094612947,0.02913287174414771,22,0.22727272727272727,0.36363636363636365,1.25,0,38,1,0.2
10401,1976,2n Cycle,Together,26326.0,0,0,2013-04-09,12,1.0,0.0,5.0,0.0,3.0,9.0,1,0,0,3,3,0,0,0,0,0,1,3.0,11.0,0,18.0,13.0,0.7222222222222222,0.0006837347109321583,3,0.0,0.0,0.0,0,38,0,0.0
1618,1965,Graduation,Together,56046.0,0,0,2013-02-01,9,577.0,0.0,64.0,0.0,0.0,51.0,2,10,1,8,8,1,0,0,0,0,0,3.0,11.0,1,692.0,628.0,0.9075144508670521,0.012347000678014489,19,0.5263157894736842,0.05263157894736842,1.25,0,49,1,0.2
3332,1985,Graduation,Single,29760.0,1,0,1970-01-01,87,64.0,4.0,68.0,7.0,5.0,17.0,4,3,1,4,8,0,0,0,0,0,0,3.0,11.0,0,165.0,86.0,0.5212121212121212,0.005544354838709678,8,0.375,0.125,0.375,1,29,0,0.0
2261,1969,Graduation,Married,26304.0,1,0,1970-01-01,5,4.0,1.0,5.0,2.0,0.0,4.0,1,1,0,2,7,0,0,0,0,0,0,3.0,11.0,0,16.0,8.0,0.5,0.0006082725060827251,3,0.3333333333333333,0.0,0.14285714285714285,1,45,0,0.0
5346,1973,2n Cycle,Married,23559.0,1,0,2013-03-07,87,25.0,5.0,19.0,7.0,0.0,23.0,3,3,0,3,7,0,0,0,0,0,0,3.0,11.0,0,79.0,48.0,0.6075949367088608,0.0033532832463177556,6,0.5,0.0,0.42857142857142855,1,41,0,0.0
4119,1963,Master,Together,38620.0,0,0,2013-11-05,56,112.0,17.0,44.0,34.0,22.0,89.0,1,2,5,3,3,0,0,0,0,0,0,3.0,11.0,0,318.0,223.0,0.7012578616352201,0.008234075608493008,10,0.2,0.5,0.6666666666666666,0,51,0,0.0
535,1987,Graduation,Divorced,81361.0,0,0,1970-01-01,18,163.0,23.0,424.0,27.0,65.0,76.0,1,3,10,13,1,0,0,0,0,0,0,3.0,11.0,0,778.0,304.0,0.390745501285347,0.009562321013753518,26,0.11538461538461539,0.38461538461538464,3.0,0,27,0,0.0
5268,1960,Graduation,Married,29440.0,1,1,2013-11-08,95,17.0,8.0,14.0,10.0,4.0,3.0,2,1,0,4,7,0,0,0,0,0,0,3.0,11.0,0,56.0,24.0,0.42857142857142855,0.0019021739130434783,5,0.2,0.0,0.14285714285714285,2,54,0,0.0
273,1970,Master,Married,36138.0,1,1,1970-01-01,48,130.0,0.0,16.0,0.0,0.0,5.0,5,3,1,4,7,0,1,0,0,0,0,3.0,11.0,0,151.0,135.0,0.8940397350993378,0.004178427140406221,8,0.375,0.125,0.42857142857142855,2,44,1,0.2
4452,1957,Graduation,Single,50388.0,0,1,1970-01-01,3,292.0,6.0,37.0,0.0,3.0,34.0,4,6,1,6,7,0,1,0,1,0,0,3.0,11.0,1,372.0,329.0,0.8844086021505376,0.007382710169087878,13,0.46153846153846156,0.07692307692307693,0.8571428571428571,1,57,2,0.4
8504,1973,Graduation,Married,79593.0,0,0,2014-12-05,70,350.0,60.0,568.0,110.0,133.0,145.0,1,5,6,7,2,0,0,1,0,0,0,3.0,11.0,0,1366.0,628.0,0.45973645680819913,0.01716231326875479,18,0.2777777777777778,0.3333333333333333,2.5,0,41,1,0.2
771,1967,Graduation,Together,54178.0,0,1,1970-01-01,79,135.0,9.0,39.0,4.0,0.0,7.0,1,2,2,5,2,0,0,0,0,0,0,3.0,11.0,0,194.0,142.0,0.7319587628865979,0.0035807892502491786,9,0.2222222222222222,0.2222222222222222,1.0,1,47,0,0.0
8996,1957,PhD,Married,51371.0,2,1,1970-01-01,4,230.0,42.0,192.0,49.0,37.0,53.0,12,7,2,8,9,0,0,0,0,0,0,3.0,11.0,0,603.0,320.0,0.5306799336650083,0.011738140195830332,17,0.4117647058823529,0.11764705882352941,0.7777777777777778,3,57,0,0.0
9235,1957,Graduation,Single,51371.0,1,1,1970-01-01,45,7.0,0.0,8.0,2.0,0.0,1.0,1,1,0,2,7,0,0,0,0,0,0,3.0,11.0,0,18.0,8.0,0.4444444444444444,0.00035039224465165174,3,0.3333333333333333,0.0,0.14285714285714285,2,57,0,0.0
5798,1973,Master,Together,51371.0,0,0,1970-01-01,87,445.0,37.0,359.0,98.0,28.0,18.0,1,2,4,8,1,0,0,0,0,0,0,3.0,11.0,0,985.0,491.0,0.4984771573604061,0.01917424227677094,14,0.14285714285714285,0.2857142857142857,2.0,0,41,0,0.0
11178,1972,Master,Single,42394.0,1,0,1970-01-01,69,15.0,2.0,10.0,0.0,1.0,4.0,1,1,0,3,7,0,0,0,0,0,0,3.0,11.0,0,32.0,20.0,0.625,0.0007548237958201632,4,0.25,0.0,0.14285714285714285,1,42,0,0.0
2230,1970,PhD,Married,23626.0,1,0,1970-01-01,84,27.0,2.0,14.0,0.0,0.0,0.0,3,3,1,3,5,0,0,0,0,0,0,3.0,11.0,0,43.0,27.0,0.627906976744186,0.0018200287818505036,7,0.42857142857142855,0.14285714285714285,0.6,1,44,0,0.0
7516,1983,Graduation,Married,30096.0,1,0,1970-01-01,30,5.0,3.0,11.0,12.0,5.0,9.0,1,2,0,3,6,0,0,0,0,0,0,3.0,11.0,0,45.0,19.0,0.4222222222222222,0.0014952153110047847,5,0.4,0.0,0.3333333333333333,1,31,0,0.0
7247,1960,Graduation,Widow,47916.0,0,1,1970-01-01,72,505.0,0.0,26.0,0.0,0.0,75.0,5,7,4,6,6,0,1,0,0,0,0,3.0,11.0,0,606.0,580.0,0.9570957095709571,0.012647132481843225,17,0.4117647058823529,0.23529411764705882,1.1666666666666667,1,54,1,0.2
11100,1972,Graduation,Divorced,51813.0,1,1,2013-11-04,37,51.0,2.0,7.0,0.0,1.0,2.0,2,2,0,3,7,0,0,0,0,0,0,3.0,11.0,0,63.0,54.0,0.8571428571428571,0.0012159110647906896,5,0.4,0.0,0.2857142857142857,2,42,0,0.0
4646,1951,2n Cycle,Married,78497.0,0,0,2013-01-12,44,207.0,26.0,447.0,75.0,0.0,223.0,1,5,7,12,2,0,0,0,1,0,0,3.0,11.0,0,978.0,430.0,0.4396728016359918,0.012459074869103278,24,0.20833333333333334,0.2916666666666667,2.5,0,63,1,0.2
3037,1983,PhD,Married,50150.0,0,0,1970-01-01,32,135.0,46.0,92.0,65.0,61.0,11.0,2,5,2,7,5,0,0,0,0,0,0,3.0,11.0,0,410.0,207.0,0.5048780487804878,0.008175473579262214,14,0.35714285714285715,0.14285714285714285,1.0,0,31,0,0.0
1473,1960,2n Cycle,Single,47823.0,0,1,1970-01-01,0,53.0,1.0,5.0,2.0,1.0,10.0,2,2,0,3,8,0,0,0,0,0,0,3.0,11.0,0,72.0,64.0,0.8888888888888888,0.001505551721974782,5,0.4,0.0,0.25,1,54,0,0.0
1016,1959,PhD,Single,34554.0,0,1,1970-01-01,43,41.0,1.0,6.0,2.0,0.0,5.0,2,2,0,3,6,0,0,0,0,0,0,3.0,11.0,0,55.0,46.0,0.8363636363636363,0.0015917115239914338,5,0.4,0.0,0.3333333333333333,1,55,0,0.0
4518,1979,Graduation,Together,85693.0,0,1,1970-01-01,59,386.0,172.0,183.0,185.0,132.0,111.0,2,9,5,11,5,0,0,0,0,0,0,3.0,11.0,0,1169.0,629.0,0.5380667236954663,0.013641721027388469,25,0.36,0.2,1.8,1,35,0,0.0
9370,1945,PhD,Married,65846.0,0,0,1970-01-01,68,562.0,81.0,276.0,80.0,40.0,81.0,1,6,3,6,4,0,0,0,0,0,0,3.0,11.0,0,1120.0,683.0,0.6098214285714286,0.017009385535947514,15,0.4,0.2,1.5,0,69,0,0.0
8908,1959,Graduation,Married,87195.0,0,0,2014-08-05,35,217.0,76.0,690.0,50.0,26.0,38.0,1,3,11,5,1,0,0,0,0,0,0,3.0,11.0,1,1097.0,281.0,0.2561531449407475,0.012580996616778485,19,0.15789473684210525,0.5789473684210527,3.0,0,55,0,0.0
8373,1979,Basic,Together,24594.0,1,0,2013-10-12,94,1.0,3.0,6.0,10.0,0.0,9.0,1,1,0,3,5,0,0,0,0,0,0,3.0,11.0,0,29.0,10.0,0.3448275862068966,0.0011791493860291128,4,0.25,0.0,0.2,1,35,0,0.0
7533,1964,Graduation,Married,49096.0,1,1,1970-01-01,15,144.0,1.0,32.0,2.0,1.0,7.0,4,4,1,4,7,0,0,0,0,0,0,3.0,11.0,0,187.0,152.0,0.8128342245989305,0.003808864265927978,9,0.4444444444444444,0.1111111111111111,0.5714285714285714,2,50,0,0.0
2683,1969,Graduation,Married,52413.0,0,2,2013-02-02,56,295.0,106.0,271.0,75.0,98.0,65.0,4,6,4,12,6,0,0,0,0,0,0,3.0,11.0,0,910.0,458.0,0.5032967032967033,0.017362104821322954,22,0.2727272727272727,0.18181818181818182,1.0,2,45,0,0.0
3629,1978,Graduation,Single,38557.0,1,0,1970-01-01,17,76.0,3.0,31.0,4.0,4.0,27.0,2,3,1,3,7,0,0,0,0,0,0,3.0,11.0,0,145.0,107.0,0.7379310344827587,0.0037606660269211816,7,0.42857142857142855,0.14285714285714285,0.42857142857142855,1,36,0,0.0
10991,1960,Master,Married,89058.0,0,0,2012-07-12,18,454.0,194.0,106.0,31.0,22.0,43.0,1,5,4,4,2,0,0,0,0,0,0,3.0,11.0,0,850.0,519.0,0.6105882352941177,0.009544341889555122,13,0.38461538461538464,0.3076923076923077,2.5,0,54,0,0.0
5077,1979,Graduation,Together,77298.0,0,1,2013-02-11,46,425.0,115.0,292.0,23.0,35.0,79.0,1,6,6,11,3,0,0,0,0,0,0,3.0,11.0,0,969.0,539.0,0.5562435500515995,0.012535900023286502,23,0.2608695652173913,0.2608695652173913,2.0,1,35,0,0.0
7431,1991,PhD,Single,68126.0,0,0,2012-10-11,40,1332.0,17.0,311.0,23.0,51.0,86.0,1,7,4,5,9,0,1,0,0,0,0,3.0,11.0,1,1820.0,1469.0,0.8071428571428572,0.026715204180489095,16,0.4375,0.25,0.7777777777777778,0,23,1,0.2
3267,1963,Master,Together,57288.0,0,1,1970-01-01,27,527.0,0.0,21.0,0.0,0.0,60.0,3,8,1,8,6,0,1,0,0,0,0,3.0,11.0,0,608.0,587.0,0.9654605263157895,0.010613042871107387,17,0.47058823529411764,0.058823529411764705,1.3333333333333333,1,51,1,0.2
999,1991,Graduation,Single,86037.0,0,0,2013-02-01,95,490.0,44.0,125.0,29.0,20.0,22.0,1,6,7,11,3,0,1,1,0,0,0,3.0,11.0,1,730.0,532.0,0.7287671232876712,0.008484721689505677,24,0.25,0.2916666666666667,2.0,0,23,2,0.4
9215,1980,PhD,Married,43974.0,1,0,2012-12-12,19,378.0,0.0,101.0,0.0,0.0,72.0,5,6,4,6,7,0,0,0,0,0,0,3.0,11.0,0,551.0,450.0,0.8166969147005445,0.012530131441306226,16,0.375,0.25,0.8571428571428571,1,34,0,0.0
2286,1962,Graduation,Single,50785.0,1,1,2013-10-09,27,64.0,1.0,21.0,0.0,1.0,27.0,2,2,1,3,6,0,0,0,0,0,0,3.0,11.0,0,114.0,92.0,0.8070175438596491,0.0022447573102293986,6,0.3333333333333333,0.16666666666666666,0.3333333333333333,2,52,0,0.0
1592,1970,Graduation,Married,90765.0,0,0,1970-01-01,25,547.0,99.0,812.0,151.0,82.0,33.0,0,4,6,5,1,0,0,1,1,0,0,3.0,11.0,0,1724.0,662.0,0.3839907192575406,0.018994105657467085,15,0.26666666666666666,0.4,4.0,0,44,2,0.4
367,1978,2n Cycle,Married,36550.0,1,0,1970-01-01,74,47.0,90.0,94.0,123.0,103.0,120.0,5,9,1,5,9,0,0,0,0,0,0,3.0,11.0,0,577.0,270.0,0.4679376083188908,0.015786593707250343,15,0.6,0.06666666666666667,1.0,1,36,0,0.0
5234,1967,2n Cycle,Together,30753.0,1,1,2013-11-07,85,12.0,5.0,25.0,0.0,9.0,30.0,2,1,1,3,5,0,0,0,0,0,0,3.0,11.0,0,81.0,51.0,0.6296296296296297,0.0026338893766461808,5,0.2,0.2,0.2,2,47,0,0.0
9862,1969,Graduation,Together,21918.0,1,0,1970-01-01,37,1.0,6.0,7.0,11.0,5.0,3.0,2,2,0,3,6,0,0,0,0,0,0,3.0,11.0,0,33.0,9.0,0.2727272727272727,0.0015056118258965235,5,0.4,0.0,0.3333333333333333,1,45,0,0.0
9805,1953,Master,Together,56129.0,0,1,1970-01-01,65,320.0,48.0,133.0,39.0,72.0,48.0,4,6,2,10,4,0,0,0,0,0,0,3.0,11.0,0,660.0,440.0,0.6666666666666666,0.01175862744748704,18,0.3333333333333333,0.1111111111111111,1.5,1,61,0,0.0
6205,1967,Master,Single,32557.0,1,0,1970-01-01,13,34.0,3.0,29.0,0.0,4.0,10.0,3,2,1,3,5,0,0,0,0,0,0,3.0,11.0,1,80.0,48.0,0.6,0.0024572288601529624,6,0.3333333333333333,0.16666666666666666,0.4,1,47,0,0.0
8442,1985,Master,Married,19510.0,2,0,2013-04-09,63,9.0,0.0,7.0,3.0,4.0,7.0,2,1,0,3,7,0,0,0,0,0,0,3.0,11.0,0,30.0,20.0,0.6666666666666666,0.0015376729882111738,4,0.25,0.0,0.14285714285714285,2,29,0,0.0
7386,1976,Graduation,Divorced,30992.0,1,0,1970-01-01,83,17.0,0.0,14.0,7.0,3.0,2.0,1,1,0,3,7,0,0,0,0,0,0,3.0,11.0,0,43.0,22.0,0.5116279069767442,0.0013874548270521425,4,0.25,0.0,0.14285714285714285,1,38,0,0.0
7215,1983,Graduation,Single,101970.0,0,0,2013-12-03,69,722.0,27.0,102.0,44.0,72.0,168.0,0,6,8,13,2,0,1,1,1,0,0,3.0,11.0,1,1135.0,962.0,0.8475770925110132,0.011130724722957733,27,0.2222222222222222,0.2962962962962963,3.0,0,31,3,0.6
1491,1965,2n Cycle,Together,71488.0,0,0,1970-01-01,87,162.0,33.0,124.0,40.0,28.0,172.0,2,3,4,7,1,0,0,0,0,0,0,3.0,11.0,0,559.0,362.0,0.6475849731663685,0.00781949418084154,14,0.21428571428571427,0.2857142857142857,3.0,0,49,0,0.0
11071,1984,Graduation,Single,79607.0,0,0,1970-01-01,37,450.0,133.0,951.0,173.0,0.0,216.0,1,3,6,6,1,0,0,0,0,0,0,3.0,11.0,1,1923.0,666.0,0.3463338533541342,0.024156167171228662,15,0.2,0.4,3.0,0,30,0,0.0
3381,1953,Master,Married,54348.0,1,1,2014-08-06,51,70.0,0.0,16.0,0.0,0.0,4.0,2,2,0,4,6,0,0,0,0,0,0,3.0,11.0,0,90.0,74.0,0.8222222222222222,0.0016559947008169575,6,0.3333333333333333,0.0,0.3333333333333333,2,61,0,0.0
8268,1961,PhD,Married,51371.0,0,1,2013-11-07,23,352.0,0.0,27.0,10.0,0.0,15.0,3,6,1,7,6,0,0,0,0,0,0,3.0,11.0,0,404.0,367.0,0.9084158415841584,0.007864359268848183,14,0.42857142857142855,0.07142857142857142,1.0,1,53,0,0.0
11051,1956,PhD,Together,77376.0,1,1,2014-10-05,72,492.0,19.0,110.0,16.0,12.0,12.0,4,6,3,10,4,0,0,0,0,0,0,3.0,11.0,0,661.0,516.0,0.7806354009077155,0.008542700578990902,19,0.3157894736842105,0.15789473684210525,1.5,2,58,0,0.0
8026,1952,Graduation,Married,62998.0,0,1,1970-01-01,10,120.0,58.0,73.0,65.0,89.0,58.0,5,5,4,5,5,0,0,0,0,0,0,3.0,11.0,0,463.0,267.0,0.5766738660907127,0.007349439664751262,14,0.35714285714285715,0.2857142857142857,1.0,1,62,0,0.0
433,1958,Master,Single,61331.0,1,1,2013-10-03,42,534.0,5.0,47.0,0.0,5.0,41.0,5,11,1,6,8,0,0,0,0,0,0,3.0,11.0,0,632.0,580.0,0.9177215189873418,0.010304739854233585,18,0.6111111111111112,0.05555555555555555,1.375,2,56,0,0.0
9597,1969,Graduation,Married,73448.0,0,0,2014-10-02,10,236.0,106.0,189.0,23.0,41.0,130.0,1,7,2,9,4,0,0,0,0,0,0,3.0,11.0,0,725.0,407.0,0.5613793103448276,0.009870929092691428,18,0.3888888888888889,0.1111111111111111,1.75,0,45,0,0.0
1295,1963,Graduation,Married,51371.0,0,1,2013-11-08,96,231.0,65.0,196.0,38.0,71.0,124.0,1,6,5,7,4,0,0,0,0,0,0,3.0,11.0,0,725.0,426.0,0.5875862068965517,0.014113020965135972,18,0.3333333333333333,0.2777777777777778,1.5,1,51,0,0.0
5290,1964,PhD,Married,41551.0,1,1,1970-01-01,51,220.0,0.0,33.0,3.0,0.0,23.0,5,5,1,5,8,0,0,0,0,0,0,3.0,11.0,0,279.0,243.0,0.8709677419354839,0.006714639840196385,11,0.45454545454545453,0.09090909090909091,0.625,2,50,0,0.0
1685,1967,PhD,Together,62981.0,0,0,1970-01-01,21,796.0,14.0,590.0,38.0,44.0,0.0,1,4,5,13,3,0,1,0,0,0,0,3.0,11.0,0,1482.0,840.0,0.5668016194331984,0.02353090614629809,22,0.18181818181818182,0.22727272727272727,1.3333333333333333,0,47,1,0.2
5342,1976,Basic,Divorced,9548.0,1,0,2012-08-08,31,0.0,1.0,3.0,10.0,6.0,9.0,2,1,0,3,8,0,0,0,0,0,0,3.0,11.0,0,29.0,15.0,0.5172413793103449,0.0030372852953498117,4,0.25,0.0,0.125,1,38,0,0.0
9579,1959,PhD,Married,33762.0,2,1,2013-07-07,61,53.0,1.0,34.0,2.0,0.0,16.0,3,2,2,2,8,0,0,0,0,0,0,3.0,11.0,0,106.0,69.0,0.6509433962264151,0.003139624429832356,6,0.3333333333333333,0.3333333333333333,0.25,3,55,0,0.0
7660,1973,PhD,Single,35860.0,1,1,1970-01-01,37,15.0,0.0,8.0,4.0,2.0,20.0,2,1,1,2,5,1,0,0,0,0,0,3.0,11.0,1,49.0,37.0,0.7551020408163265,0.0013664249860568878,4,0.25,0.25,0.2,2,41,1,0.2
1461,1965,PhD,Divorced,36921.0,1,1,1970-01-01,74,17.0,1.0,12.0,3.0,1.0,4.0,2,2,0,3,7,0,0,0,0,0,0,3.0,11.0,0,38.0,22.0,0.5789473684210527,0.0010292245605481975,5,0.4,0.0,0.2857142857142857,2,49,0,0.0
821,1992,Master,Single,92859.0,0,0,1970-01-01,46,962.0,61.0,921.0,52.0,61.0,20.0,1,5,4,12,2,0,0,0,0,0,0,3.0,11.0,0,2077.0,1043.0,0.502166586422725,0.02236724496279305,21,0.23809523809523808,0.19047619047619047,2.5,0,22,0,0.0
11084,1976,Master,Together,65104.0,0,1,1970-01-01,4,738.0,0.0,232.0,13.0,20.0,50.0,2,3,5,7,7,0,0,0,0,0,0,3.0,11.0,1,1053.0,808.0,0.7673314339981007,0.016174121405750797,15,0.2,0.3333333333333333,0.42857142857142855,1,38,0,0.0
8690,1962,Graduation,Married,86111.0,0,0,1970-01-01,73,399.0,28.0,756.0,36.0,40.0,126.0,1,5,7,10,2,0,0,0,0,0,0,3.0,11.0,0,1385.0,565.0,0.40794223826714804,0.016083891721150607,22,0.22727272727272727,0.3181818181818182,2.5,0,52,0,0.0
2937,1974,PhD,Single,68352.0,0,1,1970-01-01,47,614.0,16.0,132.0,43.0,33.0,33.0,3,8,5,9,6,0,0,0,0,0,0,3.0,11.0,0,871.0,680.0,0.7807118254879449,0.012742860486891387,22,0.36363636363636365,0.22727272727272727,1.3333333333333333,1,40,0,0.0
9701,1988,Graduation,Together,41883.0,1,0,1970-01-01,13,32.0,34.0,41.0,73.0,16.0,116.0,3,4,2,3,7,0,0,0,0,0,0,3.0,11.0,0,312.0,164.0,0.5256410256410257,0.007449323114390087,9,0.4444444444444444,0.2222222222222222,0.5714285714285714,1,26,0,0.0
9949,1976,Graduation,Married,59809.0,0,2,1970-01-01,36,598.0,16.0,141.0,32.0,41.0,49.0,3,3,3,6,8,0,0,0,0,0,0,3.0,11.0,0,877.0,688.0,0.7844925883694412,0.01466334498152452,12,0.25,0.25,0.375,2,38,0,0.0
10837,1975,Graduation,Married,23957.0,1,0,1970-01-01,47,2.0,1.0,18.0,20.0,11.0,16.0,1,2,0,3,6,0,0,0,0,0,0,3.0,11.0,1,68.0,29.0,0.4264705882352941,0.002838418833743791,5,0.4,0.0,0.3333333333333333,1,39,0,0.0
3120,1981,Graduation,Together,38547.0,1,0,1970-01-01,49,6.0,1.0,10.0,0.0,1.0,4.0,1,1,0,2,8,0,0,0,0,0,1,3.0,11.0,0,22.0,11.0,0.5,0.0005707318338651516,3,0.3333333333333333,0.0,0.125,1,33,0,0.0
5885,1973,2n Cycle,Married,35688.0,2,1,1970-01-01,94,73.0,3.0,90.0,12.0,1.0,32.0,7,4,1,4,8,0,0,0,0,0,0,3.0,11.0,0,211.0,106.0,0.5023696682464455,0.005912351490697153,9,0.4444444444444444,0.1111111111111111,0.5,3,41,0,0.0
4050,1966,Master,Married,49605.0,0,0,1970-01-01,65,42.0,16.0,29.0,12.0,20.0,8.0,1,2,1,4,3,0,0,0,0,0,0,3.0,11.0,0,127.0,70.0,0.5511811023622047,0.0025602257836911603,7,0.2857142857142857,0.14285714285714285,0.6666666666666666,0,48,0,0.0
3830,1953,Master,Married,59354.0,0,2,1970-01-01,59,295.0,21.0,78.0,39.0,13.0,13.0,1,4,4,7,3,0,0,0,0,0,0,3.0,11.0,0,459.0,321.0,0.6993464052287581,0.007733261448259595,15,0.26666666666666666,0.26666666666666666,1.3333333333333333,2,61,0,0.0
7987,1969,Graduation,Married,65747.0,0,1,2014-07-03,96,346.0,17.0,48.0,23.0,13.0,13.0,4,8,1,6,6,0,1,0,0,0,0,3.0,11.0,0,460.0,372.0,0.808695652173913,0.006996516951343788,15,0.5333333333333333,0.06666666666666667,1.3333333333333333,1,45,1,0.2
7798,1972,2n Cycle,Together,46344.0,0,1,1970-01-01,28,233.0,20.0,57.0,8.0,20.0,91.0,4,7,1,5,7,0,0,0,0,0,0,3.0,11.0,0,429.0,344.0,0.8018648018648019,0.009256861729673745,13,0.5384615384615384,0.07692307692307693,1.0,1,42,0,0.0
92,1988,Graduation,Single,34176.0,1,0,2014-12-05,12,5.0,7.0,24.0,19.0,14.0,20.0,4,3,0,4,6,0,0,0,0,0,0,3.0,11.0,0,89.0,39.0,0.43820224719101125,0.0026041666666666665,7,0.42857142857142855,0.0,0.5,1,26,0,0.0
7055,1952,PhD,Together,61010.0,0,1,2012-09-10,57,888.0,0.0,57.0,0.0,0.0,76.0,2,8,5,11,5,0,0,0,0,0,0,3.0,11.0,0,1021.0,964.0,0.9441723800195886,0.016734961481724306,24,0.3333333333333333,0.20833333333333334,1.6,1,62,0,0.0
10240,1949,Graduation,Together,69372.0,0,0,1970-01-01,10,997.0,26.0,269.0,34.0,13.0,42.0,1,10,4,6,4,0,1,1,0,0,0,3.0,11.0,1,1381.0,1052.0,0.7617668356263577,0.01990716715677795,20,0.5,0.2,2.5,0,65,2,0.4
3025,1958,Graduation,Single,49967.0,0,1,2013-08-07,4,212.0,6.0,69.0,4.0,12.0,3.0,3,6,1,5,7,0,0,0,0,0,0,3.0,11.0,0,306.0,227.0,0.7418300653594772,0.006124041867632638,12,0.5,0.08333333333333333,0.8571428571428571,1,56,0,0.0
9283,1978,Graduation,Single,60199.0,1,2,2013-12-09,49,8.0,1.0,7.0,2.0,0.0,0.0,1,0,0,3,4,0,0,0,0,0,0,3.0,11.0,0,18.0,8.0,0.4444444444444444,0.0002990082891742388,3,0.0,0.0,0.0,3,36,0,0.0
9970,1977,Graduation,Together,55375.0,0,1,1970-01-01,3,42.0,11.0,57.0,10.0,28.0,14.0,1,1,1,6,2,0,0,0,0,0,0,3.0,11.0,0,162.0,84.0,0.5185185185185185,0.0029255079006772007,8,0.125,0.125,0.5,1,37,0,0.0
2730,1955,Graduation,Single,80317.0,0,0,1970-01-01,64,536.0,11.0,387.0,149.0,91.0,57.0,1,3,4,10,1,0,0,0,0,0,0,3.0,11.0,0,1231.0,684.0,0.5556458164094232,0.015326767683055891,17,0.17647058823529413,0.23529411764705882,3.0,0,59,0,0.0
2795,1958,Master,Single,30523.0,2,1,2013-01-07,0,5.0,0.0,3.0,0.0,0.0,5.0,1,1,0,2,7,0,0,0,0,0,0,3.0,11.0,0,13.0,10.0,0.7692307692307693,0.0004259083314222062,3,0.3333333333333333,0.0,0.14285714285714285,3,56,0,0.0
9260,1945,PhD,Married,70356.0,0,0,2012-05-11,20,1349.0,16.0,249.0,43.0,16.0,33.0,2,10,6,9,6,0,0,0,0,0,0,3.0,11.0,0,1706.0,1398.0,0.8194607268464243,0.024248109613963273,25,0.4,0.24,1.6666666666666667,0,69,0,0.0
8182,1984,Graduation,Married,23228.0,1,0,2014-05-01,91,53.0,3.0,49.0,7.0,4.0,5.0,4,3,0,4,8,0,0,0,0,0,0,3.0,11.0,0,121.0,62.0,0.512396694214876,0.0052092302393662825,7,0.42857142857142855,0.0,0.375,1,30,0,0.0
10095,1975,PhD,Divorced,74165.0,0,0,2013-01-05,9,1001.0,12.0,240.0,16.0,12.0,12.0,1,5,4,10,2,0,0,0,0,0,0,3.0,11.0,0,1293.0,1025.0,0.7927300850734725,0.0174340996426886,19,0.2631578947368421,0.21052631578947367,2.5,0,39,0,0.0
8475,1973,PhD,Married,157243.0,0,1,2014-01-03,98,20.0,2.0,1582.0,1.0,2.0,1.0,15,0,22,0,0,0,0,0,0,0,0,3.0,11.0,0,1608.0,23.0,0.014303482587064677,0.01022621038774381,22,0.0,1.0,,1,41,0,0.0
4370,1966,Graduation,Together,43482.0,2,1,1970-01-01,83,18.0,1.0,32.0,6.0,3.0,28.0,3,2,0,4,6,0,0,0,0,0,0,3.0,11.0,0,88.0,49.0,0.5568181818181818,0.002023825950968217,6,0.3333333333333333,0.0,0.3333333333333333,3,48,0,0.0
10573,1953,Graduation,Divorced,62551.0,0,0,1970-01-01,27,125.0,16.0,98.0,134.0,21.0,27.0,1,6,7,4,3,1,0,0,0,0,0,3.0,11.0,0,421.0,173.0,0.41092636579572445,0.006730507905549072,17,0.35294117647058826,0.4117647058823529,2.0,0,61,1,0.2
3712,1959,Graduation,Divorced,52332.0,0,0,1970-01-01,63,212.0,5.0,33.0,7.0,0.0,2.0,1,3,2,6,4,0,1,0,0,0,0,3.0,11.0,0,259.0,214.0,0.8262548262548263,0.004949170679507758,11,0.2727272727272727,0.18181818181818182,0.75,0,55,1,0.2
6637,1988,Graduation,Single,66951.0,0,0,2013-02-11,46,277.0,162.0,305.0,173.0,76.0,124.0,1,3,4,7,1,0,0,0,0,0,0,3.0,11.0,0,1117.0,477.0,0.4270367054610564,0.016683843407865454,14,0.21428571428571427,0.2857142857142857,3.0,0,26,0,0.0
3152,1957,Graduation,Together,26091.0,1,1,1970-01-01,84,15.0,10.0,19.0,8.0,17.0,20.0,3,2,1,3,5,0,0,0,0,0,0,3.0,11.0,0,89.0,52.0,0.5842696629213483,0.0034111379402859223,6,0.3333333333333333,0.16666666666666666,0.4,2,57,0,0.0
5610,1965,Graduation,Together,33456.0,1,1,1970-01-01,58,7.0,3.0,10.0,8.0,1.0,7.0,2,1,0,3,7,0,0,0,0,0,0,3.0,11.0,0,36.0,15.0,0.4166666666666667,0.0010760401721664275,4,0.25,0.0,0.14285714285714285,2,49,0,0.0
6460,1982,Graduation,Married,28718.0,1,0,1970-01-01,78,12.0,4.0,6.0,11.0,8.0,16.0,2,2,0,3,8,0,0,0,0,0,0,3.0,11.0,0,57.0,36.0,0.631578947368421,0.001984817884253778,5,0.4,0.0,0.25,1,32,0,0.0
1349,1970,Graduation,Married,50447.0,2,0,1970-01-01,4,85.0,7.0,24.0,2.0,3.0,27.0,1,3,1,3,6,0,0,0,0,0,0,3.0,11.0,0,148.0,115.0,0.777027027027027,0.0029337720776260235,7,0.42857142857142855,0.14285714285714285,0.5,2,44,0,0.0
1880,1959,PhD,Together,53537.0,1,1,1970-01-01,17,81.0,0.0,6.0,0.0,0.0,6.0,2,2,1,3,5,0,0,0,0,0,0,3.0,11.0,0,93.0,87.0,0.9354838709677419,0.0017371163867979154,6,0.3333333333333333,0.16666666666666666,0.4,2,55,0,0.0
641,1967,Graduation,Single,52074.0,0,1,2014-04-04,77,59.0,0.0,12.0,0.0,0.0,48.0,1,2,2,2,4,1,0,0,0,0,0,3.0,11.0,0,119.0,107.0,0.8991596638655462,0.0022852095095441103,6,0.3333333333333333,0.3333333333333333,0.5,1,47,1,0.2
8717,1975,PhD,Married,80427.0,0,1,2012-12-09,56,1149.0,71.0,449.0,69.0,71.0,26.0,1,11,8,8,5,0,0,0,0,0,0,3.0,11.0,0,1835.0,1246.0,0.6790190735694823,0.022815721088689123,27,0.4074074074074074,0.2962962962962963,2.2,1,39,0,0.0
10314,1948,PhD,Married,83837.0,0,0,1970-01-01,79,847.0,66.0,119.0,86.0,89.0,111.0,1,9,10,5,4,0,1,0,1,0,0,3.0,11.0,1,1318.0,1047.0,0.7943854324734446,0.01572098238248029,24,0.375,0.4166666666666667,2.25,0,66,2,0.4
10854,1970,PhD,Married,38853.0,1,1,1970-01-01,90,29.0,0.0,14.0,0.0,0.0,2.0,2,2,0,3,7,0,0,0,0,0,0,3.0,11.0,0,45.0,31.0,0.6888888888888889,0.0011582117211026176,5,0.4,0.0,0.2857142857142857,2,44,0,0.0
10492,1959,Graduation,Together,38285.0,2,1,1970-01-01,96,2.0,0.0,5.0,2.0,0.0,1.0,1,0,0,3,2,0,0,0,0,0,0,3.0,11.0,0,10.0,3.0,0.3,0.0002611989029646076,3,0.0,0.0,0.0,3,55,0,0.0
6935,1951,2n Cycle,Married,78497.0,0,0,2013-01-12,44,207.0,26.0,447.0,75.0,0.0,223.0,1,5,7,12,2,0,0,0,1,0,0,3.0,11.0,0,978.0,430.0,0.4396728016359918,0.012459074869103278,24,0.20833333333333334,0.2916666666666667,2.5,0,63,1,0.2
7698,1976,PhD,Married,51650.0,0,1,2014-11-05,81,152.0,3.0,22.0,2.0,5.0,7.0,1,4,1,4,5,0,0,0,0,0,0,3.0,11.0,0,191.0,164.0,0.8586387434554974,0.0036979670861568247,9,0.4444444444444444,0.1111111111111111,0.8,1,38,0,0.0
3559,1988,2n Cycle,Married,16248.0,1,0,2014-10-05,77,12.0,11.0,10.0,3.0,12.0,9.0,3,2,1,3,6,0,0,0,0,0,0,3.0,11.0,0,57.0,33.0,0.5789473684210527,0.0035081240768094534,6,0.3333333333333333,0.16666666666666666,0.3333333333333333,1,26,0,0.0
10562,1946,Master,Married,66835.0,0,0,1970-01-01,21,620.0,26.0,195.0,34.0,17.0,141.0,1,6,4,13,2,0,0,0,0,0,0,3.0,11.0,0,1033.0,778.0,0.7531461761858664,0.015455973666492108,23,0.2608695652173913,0.17391304347826086,3.0,0,68,0,0.0
10796,1984,Master,Married,30477.0,1,0,1970-01-01,16,47.0,1.0,6.0,0.0,0.0,12.0,1,1,1,3,6,0,0,0,0,0,0,3.0,11.0,0,66.0,59.0,0.8939393939393939,0.002165567477113889,5,0.2,0.2,0.16666666666666666,1,30,0,0.0
2563,1961,Basic,Married,28249.0,0,0,1970-01-01,80,1.0,9.0,7.0,2.0,14.0,10.0,1,2,0,3,6,0,0,0,0,0,0,3.0,11.0,0,43.0,25.0,0.5813953488372093,0.0015221777762044674,5,0.4,0.0,0.3333333333333333,0,53,0,0.0
3518,1983,Graduation,Married,25271.0,1,0,2012-05-12,45,10.0,1.0,18.0,10.0,4.0,7.0,1,1,1,2,9,0,0,0,0,0,0,3.0,11.0,0,50.0,21.0,0.42,0.001978552490997586,4,0.25,0.25,0.1111111111111111,1,31,0,0.0
5823,1970,PhD,Single,32303.0,0,1,2014-08-03,63,35.0,0.0,2.0,0.0,0.0,2.0,2,1,0,4,5,0,0,0,0,0,0,3.0,11.0,0,39.0,37.0,0.9487179487179487,0.001207318205739405,5,0.2,0.0,0.2,1,44,0,0.0
3934,1966,Graduation,Married,61286.0,0,1,2013-02-08,34,356.0,0.0,107.0,19.0,9.0,117.0,2,7,1,8,5,0,0,0,0,0,0,3.0,11.0,0,608.0,482.0,0.7927631578947368,0.009920699670397807,16,0.4375,0.0625,1.4,1,48,0,0.0
6982,1976,Graduation,Married,74068.0,0,0,1970-01-01,14,783.0,30.0,537.0,140.0,76.0,15.0,1,4,10,9,2,0,0,0,0,0,0,3.0,11.0,0,1581.0,874.0,0.5528146742567995,0.021345250310525463,23,0.17391304347826086,0.43478260869565216,2.0,0,38,0,0.0
6431,1964,PhD,Married,45759.0,1,1,1970-01-01,13,42.0,1.0,18.0,3.0,0.0,4.0,2,2,0,3,7,0,0,0,0,0,0,3.0,11.0,0,68.0,46.0,0.6764705882352942,0.0014860464608055246,5,0.4,0.0,0.2857142857142857,2,50,0,0.0
9733,1978,Basic,Together,24882.0,1,0,2012-09-09,52,1.0,4.0,10.0,29.0,0.0,36.0,1,1,1,2,6,1,0,0,0,0,0,3.0,11.0,0,80.0,37.0,0.4625,0.0032151756289687324,4,0.25,0.25,0.16666666666666666,1,36,1,0.2
5602,1989,PhD,Together,66973.0,0,0,1970-01-01,98,466.0,22.0,432.0,147.0,113.0,102.0,1,8,7,12,3,0,0,0,0,0,0,3.0,11.0,0,1282.0,681.0,0.531201248049922,0.019142042315560003,27,0.2962962962962963,0.25925925925925924,2.6666666666666665,0,25,0,0.0
1324,1988,Graduation,Married,38872.0,1,0,1970-01-01,93,23.0,3.0,21.0,3.0,19.0,22.0,2,3,0,3,8,0,0,0,0,0,0,3.0,11.0,0,91.0,64.0,0.7032967032967034,0.0023410166700967277,6,0.5,0.0,0.375,1,26,0,0.0
326,1973,Graduation,Married,51148.0,1,1,1970-01-01,38,235.0,6.0,45.0,8.0,9.0,12.0,4,5,1,6,6,0,0,0,0,0,0,3.0,11.0,0,315.0,256.0,0.8126984126984127,0.00615859857667944,12,0.4166666666666667,0.08333333333333333,0.8333333333333334,2,41,0,0.0
7224,1977,Graduation,Married,31353.0,1,1,1970-01-01,24,10.0,0.0,10.0,3.0,1.0,7.0,2,1,1,2,8,0,0,0,0,0,0,3.0,11.0,0,31.0,18.0,0.5806451612903226,0.000988741109303735,4,0.25,0.25,0.125,2,37,0,0.0
6999,1980,Master,Married,69661.0,0,0,1970-01-01,80,656.0,16.0,106.0,32.0,16.0,8.0,1,7,3,12,3,0,0,0,0,0,0,3.0,11.0,0,834.0,680.0,0.815347721822542,0.01197226568668265,22,0.3181818181818182,0.13636363636363635,2.3333333333333335,0,34,0,0.0
9938,1954,Graduation,Married,80067.0,0,0,1970-01-01,82,519.0,17.0,813.0,27.0,173.0,51.0,1,4,6,6,2,0,0,1,0,0,0,3.0,11.0,0,1600.0,743.0,0.464375,0.019983264016386275,16,0.25,0.375,2.0,0,60,1,0.2
6422,1954,Graduation,Married,86718.0,0,0,1970-01-01,20,344.0,189.0,482.0,50.0,33.0,172.0,1,5,6,5,2,0,0,0,0,0,0,3.0,11.0,0,1270.0,549.0,0.4322834645669291,0.01464517170598953,16,0.3125,0.375,2.5,0,60,0,0.0
3182,1973,PhD,Single,46854.0,1,1,1970-01-01,81,96.0,1.0,79.0,7.0,1.0,79.0,6,5,1,3,8,1,0,0,0,0,0,3.0,11.0,1,263.0,176.0,0.6692015209125475,0.005613181371921287,9,0.5555555555555556,0.1111111111111111,0.625,2,41,1,0.2
7300,1952,Graduation,Divorced,69142.0,0,1,1970-01-01,50,448.0,4.0,34.0,6.0,4.0,39.0,3,8,1,7,5,0,1,0,0,0,0,3.0,11.0,0,535.0,491.0,0.9177570093457944,0.007737699227676376,16,0.5,0.0625,1.6,1,62,1,0.2
10424,1968,Graduation,Single,75922.0,0,0,2013-09-12,60,265.0,138.0,553.0,224.0,23.0,92.0,1,4,4,9,1,0,0,0,0,0,0,3.0,11.0,0,1295.0,380.0,0.29343629343629346,0.017056979531624564,17,0.23529411764705882,0.23529411764705882,4.0,0,46,0,0.0
8727,1978,Graduation,Divorced,63693.0,0,1,1970-01-01,63,587.0,43.0,337.0,42.0,87.0,54.0,3,11,6,9,6,0,0,0,0,0,0,3.0,11.0,0,1150.0,728.0,0.6330434782608696,0.018055359301650104,26,0.4230769230769231,0.23076923076923078,1.8333333333333333,1,36,0,0.0
2798,1977,PhD,Together,102160.0,0,0,2012-02-11,54,763.0,29.0,138.0,76.0,176.0,58.0,0,7,9,10,4,0,1,1,1,0,0,3.0,11.0,1,1240.0,997.0,0.8040322580645162,0.012137823022709476,26,0.2692307692307692,0.34615384615384615,1.75,0,37,3,0.6
1030,1965,PhD,Single,40637.0,1,1,1970-01-01,72,22.0,0.0,13.0,0.0,0.0,3.0,2,1,0,3,7,0,0,0,0,0,0,3.0,11.0,0,38.0,25.0,0.6578947368421053,0.0009351083987499077,4,0.25,0.0,0.14285714285714285,2,49,0,0.0
624,1984,Master,Single,18890.0,0,0,2012-10-11,5,6.0,4.0,1.0,7.0,2.0,15.0,1,0,1,2,6,1,0,0,0,0,0,3.0,11.0,1,35.0,23.0,0.6571428571428571,0.0018528321863419798,3,0.0,0.3333333333333333,0.0,0,30,1,0.2
5176,1988,Graduation,Together,29604.0,1,0,2013-08-12,88,7.0,6.0,13.0,7.0,6.0,14.0,1,1,0,3,9,1,0,0,0,0,0,3.0,11.0,0,53.0,27.0,0.5094339622641509,0.0017902986082961763,4,0.25,0.0,0.1111111111111111,1,26,1,0.2
5552,1963,Master,Divorced,48721.0,1,1,1970-01-01,50,81.0,18.0,113.0,47.0,13.0,21.0,6,4,2,5,6,0,0,0,0,0,0,3.0,11.0,0,293.0,115.0,0.3924914675767918,0.006013833870404959,11,0.36363636363636365,0.18181818181818182,0.6666666666666666,2,51,0,0.0
868,1966,Graduation,Married,44794.0,0,1,2014-08-06,99,54.0,0.0,7.0,0.0,0.0,4.0,1,2,0,3,6,0,0,0,0,0,0,3.0,11.0,0,65.0,58.0,0.8923076923076924,0.0014510871991784615,5,0.4,0.0,0.3333333333333333,1,48,0,0.0
380,1954,Graduation,Divorced,64497.0,0,1,2012-10-09,17,1170.0,48.0,320.0,42.0,32.0,192.0,5,11,4,9,8,1,0,0,0,0,0,3.0,11.0,1,1804.0,1394.0,0.7727272727272727,0.02797029319193141,24,0.4583333333333333,0.16666666666666666,1.375,1,60,1,0.2
2677,1956,Graduation,Together,46097.0,0,1,1970-01-01,11,72.0,24.0,68.0,65.0,4.0,8.0,5,3,1,6,4,0,0,0,0,0,0,3.0,11.0,0,241.0,84.0,0.34854771784232363,0.005228105950495694,10,0.3,0.1,0.75,1,58,0,0.0
6521,1954,Graduation,Together,77972.0,0,0,1970-01-01,18,613.0,22.0,319.0,33.0,102.0,12.0,1,4,6,9,1,0,0,0,0,0,0,3.0,11.0,0,1101.0,727.0,0.6603088101725704,0.014120453496126815,19,0.21052631578947367,0.3157894736842105,4.0,0,60,0,0.0
6927,1968,PhD,Married,44377.0,1,1,2012-05-10,70,224.0,0.0,30.0,0.0,0.0,10.0,8,5,1,5,8,0,0,0,0,0,0,3.0,11.0,0,264.0,234.0,0.8863636363636364,0.005949027649458052,11,0.45454545454545453,0.09090909090909091,0.625,2,46,0,0.0
2877,1974,Master,Together,46014.0,1,1,1970-01-01,21,410.0,0.0,59.0,19.0,9.0,44.0,10,7,1,8,7,0,0,0,0,0,0,3.0,11.0,0,541.0,463.0,0.8558225508317929,0.011757291259181988,16,0.4375,0.0625,1.0,2,40,0,0.0
0,1985,Graduation,Married,70951.0,0,0,2013-04-05,66,239.0,10.0,554.0,254.0,87.0,54.0,1,3,4,9,1,0,0,0,0,0,0,3.0,11.0,0,1198.0,380.0,0.31719532554257096,0.016884892390523036,16,0.1875,0.25,3.0,0,29,0,0.0
1584,1977,Graduation,Married,41443.0,1,0,2014-01-04,79,171.0,7.0,171.0,25.0,19.0,89.0,6,8,1,5,8,0,0,0,0,0,0,3.0,11.0,0,482.0,279.0,0.578838174273859,0.01163043215983399,14,0.5714285714285714,0.07142857142857142,1.0,1,37,0,0.0
7264,1978,2n Cycle,Single,52195.0,2,1,2014-12-05,2,12.0,0.0,4.0,0.0,0.0,1.0,1,1,0,2,8,0,0,0,0,0,0,3.0,11.0,0,17.0,13.0,0.7647058823529411,0.00032570169556470925,3,0.3333333333333333,0.0,0.125,3,36,0,0.0
6274,1948,Master,Married,83790.0,0,0,1970-01-01,81,1076.0,16.0,417.0,42.0,48.0,16.0,1,8,10,6,3,0,1,1,0,0,0,3.0,11.0,0,1615.0,1140.0,0.7058823529411765,0.01927437641723356,24,0.3333333333333333,0.4166666666666667,2.6666666666666665,0,66,2,0.4
1377,1954,Master,Widow,44551.0,0,1,1970-01-01,24,182.0,4.0,33.0,0.0,0.0,66.0,2,4,1,5,7,0,0,0,0,0,0,3.0,11.0,0,285.0,248.0,0.8701754385964913,0.0063971628021817694,10,0.4,0.1,0.5714285714285714,1,60,0,0.0
454,1980,Graduation,Together,69508.0,1,0,1970-01-01,48,824.0,32.0,162.0,42.0,32.0,43.0,2,11,4,11,6,0,0,0,0,0,0,3.0,11.0,0,1135.0,899.0,0.7920704845814978,0.016329055648270703,26,0.4230769230769231,0.15384615384615385,1.8333333333333333,1,34,0,0.0
1755,1988,2n Cycle,Together,45204.0,1,0,2014-11-04,93,30.0,11.0,25.0,29.0,1.0,18.0,1,1,1,4,3,0,0,0,0,0,0,3.0,11.0,0,114.0,49.0,0.4298245614035088,0.00252190071675073,6,0.16666666666666666,0.16666666666666666,0.3333333333333333,1,26,0,0.0
2075,1969,Graduation,Married,72460.0,0,0,1970-01-01,56,377.0,10.0,540.0,80.0,30.0,10.0,1,3,5,7,1,0,0,0,0,0,0,3.0,11.0,0,1047.0,417.0,0.3982808022922636,0.014449351366271046,15,0.2,0.3333333333333333,3.0,0,45,0,0.0
4785,1970,PhD,Together,77622.0,0,2,1970-01-01,3,520.0,7.0,154.0,19.0,0.0,14.0,2,6,3,11,3,0,0,0,0,0,0,3.0,11.0,0,714.0,534.0,0.7478991596638656,0.009198423127463863,20,0.3,0.15,2.0,2,44,0,0.0
9076,1980,PhD,Married,30732.0,1,0,2013-05-01,44,155.0,1.0,25.0,0.0,1.0,3.0,4,4,1,4,8,0,0,0,0,0,0,3.0,11.0,0,185.0,159.0,0.8594594594594595,0.006019783938565664,9,0.4444444444444444,0.1111111111111111,0.5,1,34,0,0.0
7079,1962,Graduation,Divorced,63887.0,0,1,2012-08-09,38,897.0,23.0,207.0,15.0,11.0,92.0,5,9,6,12,6,0,0,0,0,0,0,3.0,11.0,0,1245.0,1000.0,0.8032128514056225,0.019487532674879085,27,0.3333333333333333,0.2222222222222222,1.5,1,52,0,0.0
4653,1978,Graduation,Together,42011.0,1,0,1970-01-01,46,131.0,0.0,16.0,2.0,1.0,39.0,4,3,1,4,8,0,0,0,0,0,0,3.0,11.0,0,189.0,171.0,0.9047619047619048,0.004498821737164076,8,0.375,0.125,0.375,1,36,0,0.0
7375,1976,Graduation,Together,51369.0,0,1,1970-01-01,84,297.0,7.0,79.0,0.0,11.0,182.0,2,8,2,4,8,0,0,0,0,0,0,3.0,11.0,0,576.0,490.0,0.8506944444444444,0.011212988378204754,14,0.5714285714285714,0.14285714285714285,1.0,1,38,0,0.0
709,1952,Graduation,Divorced,51537.0,0,1,2012-09-12,27,787.0,20.0,204.0,0.0,0.0,92.0,3,2,2,11,8,0,0,0,0,0,0,3.0,11.0,0,1103.0,879.0,0.7969174977334542,0.02140209946252207,15,0.13333333333333333,0.13333333333333333,0.25,1,62,0,0.0
460,1972,PhD,Married,79930.0,0,0,2012-08-08,72,792.0,86.0,740.0,67.0,51.0,17.0,1,3,5,8,2,0,0,0,0,0,0,3.0,11.0,0,1753.0,860.0,0.4905875641756988,0.02193169022895033,16,0.1875,0.3125,1.5,0,42,0,0.0
3726,1986,PhD,Together,34320.0,1,0,1970-01-01,66,4.0,1.0,9.0,3.0,0.0,0.0,1,1,0,2,8,0,0,0,0,0,0,3.0,11.0,0,17.0,4.0,0.23529411764705882,0.0004953379953379954,3,0.3333333333333333,0.0,0.125,1,28,0,0.0
6798,1966,Graduation,Single,37070.0,1,1,1970-01-01,30,231.0,7.0,137.0,4.0,15.0,39.0,9,5,1,8,7,0,0,0,0,0,0,3.0,11.0,1,433.0,285.0,0.6581986143187067,0.011680604262206636,14,0.35714285714285715,0.07142857142857142,0.7142857142857143,2,48,0,0.0
5341,1962,2n Cycle,Divorced,81975.0,0,1,2013-05-01,2,983.0,76.0,184.0,180.0,138.0,27.0,1,6,3,4,7,0,0,1,0,0,0,3.0,11.0,0,1588.0,1148.0,0.7229219143576826,0.01937175968283013,13,0.46153846153846156,0.23076923076923078,0.8571428571428571,1,52,1,0.2
1606,1971,Graduation,Together,38590.0,1,0,1970-01-01,65,3.0,1.0,8.0,4.0,3.0,3.0,1,1,0,2,8,0,0,0,0,0,0,3.0,11.0,0,22.0,9.0,0.4090909090909091,0.0005700958797615963,3,0.3333333333333333,0.0,0.125,1,43,0,0.0
9617,1951,Graduation,Single,15033.0,0,0,1970-01-01,37,0.0,4.0,5.0,6.0,0.0,4.0,1,1,0,3,3,0,0,0,0,0,0,3.0,11.0,0,19.0,4.0,0.21052631578947367,0.0012638861172088072,4,0.25,0.0,0.3333333333333333,0,63,0,0.0
3233,1965,PhD,Married,62745.0,0,1,1970-01-01,89,562.0,21.0,464.0,28.0,10.0,32.0,3,7,8,11,5,0,0,0,0,0,0,3.0,11.0,0,1117.0,604.0,0.540734109221128,0.01780221531596143,26,0.2692307692307692,0.3076923076923077,1.4,1,49,0,0.0
89,1975,2n Cycle,Married,22212.0,1,0,2013-09-12,49,5.0,9.0,20.0,6.0,8.0,21.0,2,2,0,4,6,0,0,0,0,0,0,3.0,11.0,0,69.0,34.0,0.4927536231884058,0.0031064289573203676,6,0.3333333333333333,0.0,0.3333333333333333,1,39,0,0.0
2936,1982,Master,Together,23661.0,1,0,2013-04-12,46,18.0,0.0,4.0,0.0,0.0,1.0,1,1,0,3,7,0,0,0,0,0,0,3.0,11.0,0,23.0,19.0,0.8260869565217391,0.0009720637335700098,4,0.25,0.0,0.14285714285714285,1,32,0,0.0
9449,1958,PhD,Single,79761.0,0,1,2013-04-10,32,415.0,5.0,124.0,15.0,35.0,11.0,1,5,2,11,3,0,0,0,0,0,0,3.0,11.0,0,605.0,461.0,0.7619834710743801,0.007585160667494139,18,0.2777777777777778,0.1111111111111111,1.6666666666666667,1,56,0,0.0
7297,1973,Graduation,Single,7500.0,1,0,1970-01-01,54,5.0,3.0,10.0,12.0,7.0,20.0,4,3,1,3,7,0,0,0,0,0,0,3.0,11.0,0,57.0,32.0,0.5614035087719298,0.0076,7,0.42857142857142855,0.14285714285714285,0.42857142857142855,1,41,0,0.0
313,1968,Graduation,Widow,73455.0,0,0,1970-01-01,98,901.0,61.0,757.0,186.0,163.0,20.0,1,6,5,10,3,0,1,0,0,0,0,3.0,11.0,0,2088.0,1084.0,0.5191570881226054,0.028425566673473554,21,0.2857142857142857,0.23809523809523808,2.0,0,46,1,0.2
9940,1958,Graduation,Together,64961.0,0,1,1970-01-01,97,382.0,114.0,276.0,75.0,124.0,38.0,2,6,4,4,3,0,0,0,0,0,0,3.0,11.0,0,1009.0,544.0,0.5391476709613479,0.01553239636089346,14,0.42857142857142855,0.2857142857142857,2.0,1,56,0,0.0
10735,1971,Graduation,Single,22804.0,1,0,1970-01-01,75,14.0,1.0,7.0,2.0,1.0,1.0,1,2,0,2,9,0,0,0,0,0,0,3.0,11.0,0,26.0,16.0,0.6153846153846154,0.0011401508507279424,4,0.5,0.0,0.2222222222222222,1,43,0,0.0
9529,1990,Graduation,Married,73687.0,0,0,1970-01-01,8,559.0,153.0,503.0,218.0,13.0,181.0,1,3,9,9,2,0,0,0,1,0,0,3.0,11.0,1,1627.0,753.0,0.46281499692685923,0.022079878404603254,21,0.14285714285714285,0.42857142857142855,1.5,0,24,1,0.2
6439,1958,Graduation,Married,61074.0,0,1,1970-01-01,37,789.0,0.0,133.0,0.0,28.0,152.0,7,11,5,8,7,0,0,0,0,0,0,3.0,11.0,0,1102.0,969.0,0.8793103448275862,0.018043684710351376,24,0.4583333333333333,0.20833333333333334,1.5714285714285714,1,56,0,0.0
7411,1964,PhD,Married,31686.0,1,1,2014-05-06,31,11.0,0.0,5.0,0.0,0.0,1.0,2,1,0,3,6,0,0,0,0,0,0,3.0,11.0,0,17.0,12.0,0.7058823529411765,0.000536514549012182,4,0.25,0.0,0.16666666666666666,2,50,0,0.0
2176,1972,Graduation,Married,80134.0,1,0,1970-01-01,40,1218.0,16.0,272.0,104.0,0.0,80.0,2,5,3,6,6,0,1,1,1,0,0,3.0,11.0,1,1690.0,1298.0,0.7680473372781065,0.021089674794718846,14,0.35714285714285715,0.21428571428571427,0.8333333333333334,1,42,3,0.6
9265,1953,Graduation,Married,75027.0,0,1,2013-09-01,74,925.0,64.0,179.0,133.0,12.0,77.0,2,9,4,6,5,0,0,0,0,0,0,3.0,11.0,0,1390.0,1014.0,0.7294964028776978,0.018526663734388955,19,0.47368421052631576,0.21052631578947367,1.8,1,61,0,0.0
8867,1988,PhD,Married,67546.0,0,0,1970-01-01,90,864.0,134.0,768.0,150.0,38.0,172.0,1,4,10,5,3,0,0,0,0,0,0,3.0,11.0,0,2126.0,1074.0,0.5051740357478833,0.03147484677108933,19,0.21052631578947367,0.5263157894736842,1.3333333333333333,0,26,0,0.0
8932,1969,Master,Together,65176.0,0,1,1970-01-01,57,960.0,28.0,183.0,220.0,70.0,70.0,4,9,6,6,6,0,0,0,0,0,0,3.0,11.0,0,1531.0,1100.0,0.7184846505551927,0.02349024180680005,21,0.42857142857142855,0.2857142857142857,1.5,1,45,0,0.0
10236,1975,Master,Single,31160.0,1,0,1970-01-01,59,16.0,3.0,25.0,6.0,1.0,13.0,2,2,0,3,8,0,0,0,0,0,0,3.0,11.0,0,64.0,30.0,0.46875,0.0020539152759948653,5,0.4,0.0,0.25,1,39,0,0.0
6340,1985,Graduation,Single,29938.0,1,0,1970-01-01,52,3.0,3.0,7.0,0.0,2.0,11.0,2,1,0,3,6,0,0,0,0,0,0,3.0,11.0,0,26.0,16.0,0.6153846153846154,0.0008684614870732848,4,0.25,0.0,0.16666666666666666,1,29,0,0.0
10089,1974,Graduation,Divorced,102692.0,0,0,2013-05-04,5,168.0,148.0,444.0,32.0,172.0,148.0,1,6,9,13,2,0,1,1,1,1,0,3.0,11.0,1,1112.0,488.0,0.43884892086330934,0.01082849686441008,28,0.21428571428571427,0.32142857142857145,3.0,0,40,4,0.8
2227,1958,2n Cycle,Together,26490.0,0,0,1970-01-01,92,45.0,47.0,52.0,21.0,20.0,25.0,2,3,1,5,6,0,0,0,0,0,0,3.0,11.0,0,210.0,90.0,0.42857142857142855,0.007927519818799546,9,0.3333333333333333,0.1111111111111111,0.5,0,56,0,0.0
10992,1967,Graduation,Together,75702.0,1,1,1970-01-01,77,650.0,28.0,353.0,45.0,42.0,30.0,5,4,6,11,8,0,0,0,0,0,0,3.0,11.0,0,1148.0,722.0,0.6289198606271778,0.015164724842144197,21,0.19047619047619047,0.2857142857142857,0.5,2,47,0,0.0
5304,1974,PhD,Single,30899.0,1,0,1970-01-01,35,24.0,0.0,8.0,0.0,0.0,1.0,2,1,0,3,6,0,0,0,0,0,0,3.0,11.0,0,33.0,25.0,0.7575757575757576,0.001067995728017088,4,0.25,0.0,0.16666666666666666,1,40,0,0.0
309,1961,PhD,Together,63342.0,0,1,1970-01-01,48,918.0,21.0,118.0,13.0,10.0,21.0,3,8,3,5,6,0,1,0,0,0,0,3.0,11.0,0,1101.0,949.0,0.8619436875567665,0.017381831959837075,16,0.5,0.1875,1.3333333333333333,1,53,1,0.2
3406,1964,Graduation,Single,45989.0,0,1,1970-01-01,97,138.0,33.0,87.0,28.0,24.0,12.0,4,3,2,7,3,0,0,0,0,0,0,3.0,11.0,0,322.0,174.0,0.5403726708074534,0.007001674313422775,12,0.25,0.16666666666666666,1.0,1,50,0,0.0
2661,1964,Graduation,Single,18701.0,1,1,2013-04-06,95,12.0,4.0,2.0,10.0,6.0,10.0,4,2,0,4,5,0,0,0,0,0,0,3.0,11.0,0,44.0,28.0,0.6363636363636364,0.002352815357467515,6,0.3333333333333333,0.0,0.4,2,50,0,0.0
3153,1957,PhD,Single,40737.0,2,1,2013-08-12,24,11.0,0.0,4.0,0.0,0.0,2.0,1,1,0,2,8,0,0,0,0,0,0,3.0,11.0,0,17.0,13.0,0.7647058823529411,0.0004173110440140413,3,0.3333333333333333,0.0,0.125,3,57,0,0.0
10264,1979,Graduation,Divorced,15287.0,1,0,2012-10-10,60,1.0,2.0,8.0,4.0,3.0,13.0,2,1,1,2,7,1,0,0,0,0,0,3.0,11.0,1,31.0,17.0,0.5483870967741935,0.0020278668149407994,4,0.25,0.25,0.14285714285714285,1,35,1,0.2
1184,1968,PhD,Divorced,69674.0,0,2,1970-01-01,46,554.0,41.0,215.0,11.0,0.0,24.0,3,10,2,10,5,0,0,0,0,0,0,3.0,11.0,0,845.0,578.0,0.6840236686390533,0.012127909980767574,22,0.45454545454545453,0.09090909090909091,2.0,2,46,0,0.0
4200,1970,Master,Married,44159.0,1,0,1970-01-01,85,167.0,2.0,62.0,24.0,13.0,7.0,4,4,1,6,5,0,0,0,0,0,0,3.0,11.0,0,275.0,187.0,0.68,0.006227496093661541,11,0.36363636363636365,0.09090909090909091,0.8,1,44,0,0.0
9396,1978,PhD,Married,37717.0,1,0,1970-01-01,31,9.0,0.0,6.0,4.0,1.0,5.0,1,1,0,2,9,0,0,0,0,0,0,3.0,11.0,0,25.0,15.0,0.6,0.0006628310841265212,3,0.3333333333333333,0.0,0.1111111111111111,1,36,0,0.0
2387,1952,Master,Together,43776.0,1,1,2013-03-02,9,177.0,2.0,71.0,3.0,2.0,20.0,6,5,2,4,8,0,0,0,0,0,0,3.0,11.0,1,275.0,199.0,0.7236363636363636,0.006281980994152047,11,0.45454545454545453,0.18181818181818182,0.625,2,62,0,0.0
6690,1966,Master,Married,38179.0,1,1,1970-01-01,30,38.0,4.0,22.0,4.0,2.0,20.0,4,3,1,3,7,0,0,0,0,0,0,3.0,11.0,0,90.0,60.0,0.6666666666666666,0.0023573168495769924,7,0.42857142857142855,0.14285714285714285,0.42857142857142855,2,48,0,0.0
1225,1963,Graduation,Married,80124.0,0,0,1970-01-01,47,483.0,84.0,398.0,205.0,84.0,241.0,1,3,7,8,1,1,0,0,0,0,0,3.0,11.0,0,1495.0,808.0,0.5404682274247492,0.018658579202236535,18,0.16666666666666666,0.3888888888888889,3.0,0,51,1,0.2
9703,1970,PhD,Married,38097.0,1,1,1970-01-01,70,77.0,2.0,35.0,0.0,1.0,69.0,4,3,2,2,7,1,0,0,0,0,0,3.0,11.0,1,184.0,147.0,0.7989130434782609,0.004829776622831194,7,0.42857142857142855,0.2857142857142857,0.42857142857142855,2,44,1,0.2
291,1970,Graduation,Married,72940.0,0,0,1970-01-01,13,182.0,74.0,298.0,162.0,149.0,116.0,1,3,3,6,1,0,0,0,0,0,0,3.0,11.0,0,981.0,447.0,0.45565749235474007,0.01344941047436249,12,0.25,0.25,3.0,0,44,0,0.0
4557,1970,Graduation,Together,22070.0,1,0,2013-04-10,11,10.0,7.0,19.0,8.0,2.0,21.0,2,2,2,2,6,0,0,0,0,0,0,3.0,11.0,0,67.0,33.0,0.4925373134328358,0.003035795197100136,6,0.3333333333333333,0.3333333333333333,0.3333333333333333,1,44,0,0.0
2379,1953,Graduation,Single,69267.0,0,0,1970-01-01,31,778.0,44.0,499.0,95.0,73.0,146.0,2,3,4,5,7,0,0,0,0,0,0,3.0,11.0,1,1635.0,997.0,0.6097859327217126,0.02360431374247477,12,0.25,0.3333333333333333,0.42857142857142855,0,61,0,0.0
5726,1983,Master,Single,31788.0,1,0,1970-01-01,15,16.0,7.0,23.0,0.0,8.0,6.0,3,3,0,4,5,0,0,0,0,0,1,3.0,11.0,0,60.0,30.0,0.5,0.001887504718761797,7,0.42857142857142855,0.0,0.6,1,31,0,0.0
3066,1975,PhD,Together,61905.0,0,1,2014-04-02,2,167.0,0.0,43.0,6.0,2.0,13.0,2,4,2,4,5,0,0,0,0,0,0,3.0,11.0,0,231.0,182.0,0.7878787878787878,0.0037315241095226557,10,0.4,0.2,0.8,1,39,0,0.0
6336,1960,Graduation,Married,29315.0,1,1,2014-06-04,55,13.0,2.0,14.0,8.0,7.0,4.0,4,2,0,4,6,0,0,0,0,0,0,3.0,11.0,0,48.0,24.0,0.5,0.0016373870032406618,6,0.3333333333333333,0.0,0.3333333333333333,2,54,0,0.0
10967,1963,Graduation,Divorced,33378.0,1,1,2013-06-02,38,33.0,6.0,40.0,3.0,7.0,10.0,3,2,0,4,7,0,0,0,0,0,0,3.0,11.0,0,99.0,50.0,0.5050505050505051,0.0029660255257954343,6,0.3333333333333333,0.0,0.2857142857142857,2,51,0,0.0
2304,1963,PhD,Together,66313.0,0,1,1970-01-01,86,625.0,7.0,99.0,10.0,22.0,7.0,2,6,3,12,4,0,0,0,0,0,0,3.0,11.0,0,770.0,654.0,0.8493506493506493,0.011611599535536019,21,0.2857142857142857,0.14285714285714285,1.5,1,51,0,0.0
3445,1956,Graduation,Single,60714.0,0,0,1970-01-01,56,216.0,162.0,224.0,101.0,92.0,162.0,2,7,4,10,5,0,0,0,0,0,0,3.0,11.0,1,957.0,470.0,0.49111807732497387,0.015762427117304082,21,0.3333333333333333,0.19047619047619047,1.4,0,58,0,0.0
7828,1981,Master,Together,77882.0,0,0,1970-01-01,29,68.0,129.0,396.0,188.0,22.0,15.0,1,3,3,5,1,0,0,0,0,0,0,3.0,11.0,0,818.0,105.0,0.12836185819070906,0.010503068745024524,11,0.2727272727272727,0.2727272727272727,3.0,0,33,0,0.0
3762,1986,PhD,Single,69867.0,0,0,2013-02-04,30,196.0,0.0,512.0,33.0,130.0,54.0,1,3,5,8,1,0,0,0,1,0,0,3.0,11.0,1,925.0,380.0,0.41081081081081083,0.01323944065152361,16,0.1875,0.3125,3.0,0,28,1,0.2
4391,1968,Master,Divorced,63841.0,0,1,1970-01-01,64,635.0,15.0,100.0,20.0,7.0,131.0,1,9,3,9,6,0,0,0,0,0,0,3.0,11.0,0,908.0,773.0,0.8513215859030837,0.014222834855343744,21,0.42857142857142855,0.14285714285714285,1.5,1,46,0,0.0
4669,1981,Basic,Married,24480.0,1,0,2013-11-02,46,4.0,19.0,9.0,28.0,25.0,17.0,3,3,0,4,7,0,0,0,0,0,0,3.0,11.0,0,102.0,46.0,0.45098039215686275,0.004166666666666667,7,0.42857142857142855,0.0,0.42857142857142855,1,33,0,0.0
10144,1976,Graduation,Together,51369.0,0,1,1970-01-01,84,297.0,7.0,79.0,0.0,11.0,182.0,2,8,2,4,8,0,0,0,0,0,0,3.0,11.0,0,576.0,490.0,0.8506944444444444,0.011212988378204754,14,0.5714285714285714,0.14285714285714285,1.0,1,38,0,0.0
8652,1946,Graduation,Together,37760.0,0,0,1970-01-01,20,84.0,5.0,38.0,150.0,12.0,28.0,2,4,1,6,7,0,0,0,0,0,0,3.0,11.0,0,317.0,124.0,0.3911671924290221,0.008395127118644067,11,0.36363636363636365,0.09090909090909091,0.5714285714285714,0,68,0,0.0
1672,1974,PhD,Together,65640.0,0,1,2014-01-03,74,204.0,7.0,149.0,20.0,15.0,66.0,1,5,1,8,2,0,0,0,0,0,0,3.0,11.0,0,461.0,285.0,0.6182212581344902,0.00702315661182206,14,0.35714285714285715,0.07142857142857142,2.5,1,40,0,0.0
8962,1975,Master,Married,44319.0,1,1,1970-01-01,18,26.0,0.0,8.0,0.0,0.0,3.0,2,2,0,3,5,0,0,0,0,0,0,3.0,11.0,0,37.0,29.0,0.7837837837837838,0.0008348563821385861,5,0.4,0.0,0.4,2,39,0,0.0
9974,1974,Graduation,Married,30631.0,1,0,2013-12-07,75,15.0,6.0,20.0,4.0,5.0,20.0,1,3,1,2,7,0,0,0,0,0,0,3.0,11.0,0,70.0,40.0,0.5714285714285714,0.002285266560020894,6,0.5,0.16666666666666666,0.42857142857142855,1,40,0,0.0
10983,1952,Graduation,Together,75278.0,0,0,1970-01-01,17,304.0,98.0,230.0,150.0,74.0,74.0,1,6,3,13,3,0,0,0,0,0,0,3.0,11.0,0,930.0,452.0,0.4860215053763441,0.012354207072451447,22,0.2727272727272727,0.13636363636363635,2.0,0,62,0,0.0
8148,1956,Master,Together,50898.0,1,1,2013-08-01,88,285.0,28.0,242.0,55.0,114.0,135.0,13,6,2,12,5,0,0,0,0,0,0,3.0,11.0,0,859.0,534.0,0.6216530849825378,0.016876891036975913,20,0.3,0.1,1.2,2,58,0,0.0
10102,1966,Graduation,Widow,79946.0,0,0,2014-12-05,19,395.0,183.0,565.0,166.0,141.0,28.0,1,5,11,5,3,0,0,0,0,0,0,3.0,11.0,0,1478.0,564.0,0.38159675236806495,0.018487479048357642,21,0.23809523809523808,0.5238095238095238,1.6666666666666667,0,48,0,0.0
4697,1949,Master,Divorced,35416.0,0,0,1970-01-01,62,248.0,3.0,81.0,4.0,3.0,51.0,3,7,1,5,8,0,0,0,0,0,0,3.0,11.0,0,390.0,302.0,0.7743589743589744,0.011011971990060989,13,0.5384615384615384,0.07692307692307693,0.875,0,65,0,0.0
9262,1984,2n Cycle,Together,32414.0,0,0,2013-04-07,11,20.0,6.0,5.0,0.0,9.0,12.0,1,1,0,3,7,1,0,0,0,0,0,3.0,11.0,0,52.0,41.0,0.7884615384615384,0.001604245079286728,4,0.25,0.0,0.14285714285714285,0,30,1,0.2
7254,1969,Graduation,Together,38361.0,1,0,1970-01-01,74,39.0,0.0,56.0,20.0,8.0,14.0,3,3,1,3,7,0,0,0,0,0,0,3.0,11.0,0,137.0,61.0,0.44525547445255476,0.0035713354709209877,7,0.42857142857142855,0.14285714285714285,0.42857142857142855,1,45,0,0.0
4543,1980,Graduation,Married,82497.0,0,0,1970-01-01,32,777.0,129.0,573.0,216.0,21.0,203.0,1,2,7,9,4,0,0,1,0,0,0,3.0,11.0,0,1919.0,1001.0,0.5216258467952058,0.02326145193158539,18,0.1111111111111111,0.3888888888888889,0.5,0,34,1,0.2
4927,1971,Graduation,Together,16626.0,2,0,1970-01-01,76,8.0,3.0,22.0,21.0,1.0,13.0,3,3,0,3,9,0,0,0,0,0,0,3.0,11.0,0,68.0,22.0,0.3235294117647059,0.00408997955010225,6,0.5,0.0,0.3333333333333333,2,43,0,0.0
10451,1965,Graduation,Together,29672.0,1,1,2013-12-03,6,9.0,1.0,3.0,0.0,4.0,8.0,1,0,0,3,6,0,0,0,0,0,0,3.0,11.0,0,25.0,21.0,0.84,0.0008425451604205986,3,0.0,0.0,0.0,2,49,0,0.0
2926,1952,Master,Together,55951.0,0,1,1970-01-01,62,1241.0,0.0,80.0,0.0,13.0,40.0,3,3,6,11,8,0,1,0,0,1,0,3.0,11.0,0,1374.0,1294.0,0.9417758369723436,0.02455720183732194,20,0.15,0.3,0.375,1,62,2,0.4
2874,1988,2n Cycle,Divorced,35388.0,1,0,2013-07-03,20,6.0,4.0,7.0,4.0,3.0,8.0,1,1,0,3,7,0,0,0,0,0,0,3.0,11.0,0,32.0,17.0,0.53125,0.0009042613315248107,4,0.25,0.0,0.14285714285714285,1,26,0,0.0
9738,1986,Master,Together,42386.0,1,0,1970-01-01,43,65.0,4.0,16.0,0.0,4.0,11.0,1,3,0,3,8,0,0,0,0,0,0,3.0,11.0,0,100.0,80.0,0.8,0.0023592695701410843,6,0.5,0.0,0.375,1,28,0,0.0
7119,1982,Graduation,Single,68627.0,0,0,2013-12-01,45,395.0,15.0,263.0,60.0,54.0,38.0,1,2,3,6,1,0,0,0,0,0,0,3.0,11.0,0,825.0,487.0,0.5903030303030303,0.012021507569906888,11,0.18181818181818182,0.2727272727272727,2.0,0,32,0,0.0
3924,1965,PhD,Divorced,57912.0,0,1,1970-01-01,34,801.0,0.0,80.0,0.0,0.0,35.0,5,8,3,12,5,0,1,0,0,0,0,3.0,11.0,0,916.0,836.0,0.9126637554585153,0.015817101809642214,23,0.34782608695652173,0.13043478260869565,1.6,1,49,1,0.2
5827,1958,Graduation,Divorced,35246.0,1,1,1970-01-01,53,36.0,0.0,12.0,2.0,2.0,10.0,4,3,1,3,5,0,0,0,0,0,0,3.0,11.0,0,62.0,48.0,0.7741935483870968,0.0017590648584236508,7,0.42857142857142855,0.14285714285714285,0.6,2,56,0,0.0
5596,1956,2n Cycle,Together,58821.0,0,1,2013-12-10,44,513.0,14.0,154.0,19.0,0.0,28.0,1,9,2,9,6,0,0,0,0,0,0,3.0,11.0,0,728.0,541.0,0.7431318681318682,0.012376532190884209,20,0.45,0.1,1.5,1,58,0,0.0
10812,1978,PhD,Married,46377.0,1,0,2014-01-03,89,37.0,0.0,46.0,4.0,3.0,0.0,1,2,1,3,4,0,0,0,0,0,0,3.0,11.0,0,90.0,40.0,0.4444444444444444,0.0019406171162429653,6,0.3333333333333333,0.16666666666666666,0.5,1,36,0,0.0
1717,1988,Graduation,Single,39747.0,1,0,1970-01-01,43,80.0,15.0,93.0,20.0,13.0,52.0,3,5,1,4,8,0,0,0,0,0,0,3.0,11.0,0,273.0,145.0,0.5311355311355311,0.006868442901351046,10,0.5,0.1,0.625,1,26,0,0.0
9491,1984,Graduation,Together,23976.0,1,0,1970-01-01,68,14.0,1.0,21.0,2.0,3.0,25.0,3,3,1,3,7,0,0,0,0,0,0,3.0,11.0,0,66.0,42.0,0.6363636363636364,0.0027527527527527527,7,0.42857142857142855,0.14285714285714285,0.42857142857142855,1,30,0,0.0
9274,1961,Master,Married,80950.0,0,0,1970-01-01,44,525.0,147.0,112.0,219.0,147.0,63.0,1,6,7,9,2,0,0,0,1,0,0,3.0,11.0,0,1213.0,735.0,0.6059356966199505,0.014984558369363805,22,0.2727272727272727,0.3181818181818182,3.0,0,53,1,0.2
6609,1966,Graduation,Widow,27038.0,0,0,1970-01-01,64,1.0,26.0,25.0,17.0,23.0,15.0,1,3,0,3,9,0,0,0,0,0,0,3.0,11.0,1,107.0,39.0,0.3644859813084112,0.003957393298320882,6,0.5,0.0,0.3333333333333333,0,48,0,0.0
6963,1947,Graduation,Single,77457.0,0,0,2014-05-03,85,675.0,11.0,400.0,15.0,45.0,11.0,1,2,5,10,1,0,0,1,0,0,0,3.0,11.0,0,1157.0,731.0,0.6318063958513397,0.014937320061453452,17,0.11764705882352941,0.29411764705882354,2.0,0,67,1,0.2
4440,1964,Master,Married,64100.0,0,1,2013-10-09,93,509.0,0.0,27.0,0.0,0.0,10.0,1,8,3,6,7,0,1,0,0,0,0,3.0,11.0,0,546.0,519.0,0.9505494505494505,0.008517940717628705,17,0.47058823529411764,0.17647058823529413,1.1428571428571428,1,50,1,0.2
1379,1992,Master,Together,42670.0,0,0,1970-01-01,12,154.0,2.0,46.0,20.0,4.0,15.0,1,4,2,4,4,0,0,0,0,0,0,3.0,11.0,0,241.0,173.0,0.7178423236514523,0.005647996250292946,10,0.4,0.2,1.0,0,22,0,0.0
10032,1976,Graduation,Divorced,12571.0,1,0,1970-01-01,86,3.0,5.0,14.0,2.0,12.0,17.0,4,3,1,3,6,0,0,0,0,0,0,3.0,11.0,0,53.0,32.0,0.6037735849056604,0.004216052819982499,7,0.42857142857142855,0.14285714285714285,0.5,1,38,0,0.0
2826,1967,Graduation,Married,22574.0,2,1,1970-01-01,28,25.0,0.0,8.0,2.0,0.0,2.0,2,2,0,3,7,0,0,0,0,0,0,3.0,11.0,0,37.0,27.0,0.7297297297297297,0.0016390537786834412,5,0.4,0.0,0.2857142857142857,3,47,0,0.0
2437,1989,Graduation,Married,51371.0,0,0,2013-03-06,69,861.0,138.0,461.0,60.0,30.0,61.0,1,6,5,12,3,0,1,0,1,0,0,3.0,11.0,0,1611.0,952.0,0.590937306021105,0.03136010589632283,23,0.2608695652173913,0.21739130434782608,2.0,0,25,2,0.4
6320,1976,Master,Single,70893.0,0,0,2013-06-02,42,768.0,44.0,561.0,77.0,44.0,14.0,1,6,6,10,3,0,0,0,0,0,0,3.0,11.0,0,1508.0,826.0,0.5477453580901857,0.021271493659458622,22,0.2727272727272727,0.2727272727272727,2.0,0,38,0,0.0
3050,1966,Graduation,Married,54198.0,1,1,1970-01-01,13,185.0,0.0,28.0,3.0,2.0,17.0,6,3,1,6,4,0,0,0,0,0,0,3.0,11.0,0,235.0,204.0,0.8680851063829788,0.004335953356212406,10,0.3,0.1,0.75,2,48,0,0.0
231,1956,Master,Together,28839.0,1,1,2014-11-03,86,24.0,0.0,7.0,0.0,0.0,1.0,2,2,0,3,5,0,0,0,0,0,0,3.0,11.0,0,32.0,25.0,0.78125,0.0011096085162453622,5,0.4,0.0,0.4,2,58,0,0.0
2392,1972,Graduation,Married,40321.0,1,1,1970-01-01,59,44.0,4.0,21.0,6.0,0.0,27.0,2,3,0,3,7,0,0,0,0,0,0,3.0,11.0,0,102.0,71.0,0.696078431372549,0.002529699164207237,6,0.5,0.0,0.42857142857142855,2,42,0,0.0
9478,1985,Graduation,Single,66503.0,1,0,1970-01-01,30,91.0,64.0,128.0,65.0,3.0,50.0,2,4,3,6,3,0,0,0,0,0,0,3.0,11.0,0,401.0,144.0,0.35910224438902744,0.006029803166774431,13,0.3076923076923077,0.23076923076923078,1.3333333333333333,1,29,0,0.0
113,1951,Graduation,Married,30833.0,1,1,1970-01-01,33,11.0,0.0,7.0,3.0,1.0,6.0,2,1,0,3,5,0,0,0,0,0,0,3.0,11.0,0,28.0,18.0,0.6428571428571429,0.0009081179255991957,4,0.25,0.0,0.2,2,63,0,0.0
2863,1970,Graduation,Single,51371.0,1,2,1970-01-01,67,738.0,20.0,172.0,52.0,50.0,20.0,6,2,3,10,7,0,1,0,1,0,0,3.0,11.0,0,1052.0,808.0,0.7680608365019012,0.020478480076307645,15,0.13333333333333333,0.2,0.2857142857142857,3,44,2,0.4
1802,1971,Graduation,Married,64795.0,0,1,1970-01-01,23,412.0,5.0,119.0,38.0,29.0,77.0,3,3,3,12,2,0,0,0,0,0,0,3.0,11.0,0,680.0,518.0,0.7617647058823529,0.010494636931862027,18,0.16666666666666666,0.16666666666666666,1.5,1,43,0,0.0
520,1974,Graduation,Married,34421.0,1,0,2013-01-07,81,3.0,3.0,7.0,6.0,2.0,9.0,1,1,0,2,7,0,0,0,0,0,0,3.0,11.0,0,30.0,14.0,0.4666666666666667,0.00087156096568955,3,0.3333333333333333,0.0,0.14285714285714285,1,40,0,0.0
8275,1965,PhD,Divorced,47025.0,1,1,2014-09-02,6,16.0,0.0,3.0,0.0,0.0,1.0,1,1,0,2,7,0,0,0,0,0,0,3.0,11.0,0,20.0,17.0,0.85,0.0004253056884635832,3,0.3333333333333333,0.0,0.14285714285714285,2,49,0,0.0
9750,1961,PhD,Divorced,64325.0,0,1,2013-07-02,41,731.0,60.0,353.0,78.0,12.0,73.0,5,10,3,5,7,0,0,0,0,0,0,3.0,11.0,0,1307.0,816.0,0.6243305279265493,0.020318694131364168,18,0.5555555555555556,0.16666666666666666,1.4285714285714286,1,53,0,0.0
2607,1953,Graduation,Single,40464.0,0,1,2013-11-01,78,424.0,17.0,118.0,7.0,23.0,41.0,6,8,2,8,8,0,0,0,0,0,0,3.0,11.0,0,630.0,488.0,0.7746031746031746,0.015569395017793594,18,0.4444444444444444,0.1111111111111111,1.0,1,61,0,0.0
7214,1957,Graduation,Married,62187.0,0,0,2013-05-07,49,792.0,0.0,275.0,45.0,45.0,126.0,1,4,8,5,3,0,0,0,0,0,0,3.0,11.0,0,1283.0,963.0,0.7505845674201091,0.020631321658867607,17,0.23529411764705882,0.47058823529411764,1.3333333333333333,0,57,0,0.0
5835,1976,PhD,Divorced,14849.0,1,0,2013-02-07,39,21.0,2.0,28.0,3.0,2.0,9.0,3,2,0,4,8,0,0,0,0,0,0,3.0,11.0,0,65.0,32.0,0.49230769230769234,0.004377399151458011,6,0.3333333333333333,0.0,0.25,1,38,0,0.0
3896,1984,Graduation,Married,27255.0,1,0,2013-07-11,3,22.0,1.0,11.0,0.0,1.0,2.0,1,1,0,3,7,0,0,0,0,0,0,3.0,11.0,0,37.0,25.0,0.6756756756756757,0.0013575490735644835,4,0.25,0.0,0.14285714285714285,1,30,0,0.0
10350,1950,PhD,Married,54432.0,2,1,2013-09-05,37,33.0,0.0,5.0,0.0,0.0,0.0,1,1,0,3,4,0,0,0,0,0,0,3.0,11.0,0,38.0,33.0,0.868421052631579,0.0006981187536743092,4,0.25,0.0,0.25,3,64,0,0.0
7786,1986,PhD,Single,29999.0,1,0,1970-01-01,22,68.0,7.0,59.0,10.0,5.0,11.0,4,3,1,4,8,0,0,0,0,0,0,3.0,11.0,0,160.0,84.0,0.525,0.005333511117037235,8,0.375,0.125,0.375,1,28,0,0.0
2861,1983,Graduation,Single,24072.0,1,0,1970-01-01,79,9.0,1.0,6.0,3.0,0.0,4.0,1,1,0,2,8,0,0,0,0,0,0,3.0,11.0,0,23.0,13.0,0.5652173913043478,0.0009554669325357261,3,0.3333333333333333,0.0,0.125,1,31,0,0.0
663,1989,PhD,Single,33996.0,0,0,2013-11-09,46,40.0,2.0,15.0,8.0,0.0,6.0,1,1,1,3,4,0,0,0,0,0,0,3.0,11.0,0,71.0,46.0,0.647887323943662,0.002088480997764443,5,0.2,0.2,0.25,0,25,0,0.0
10675,1956,PhD,Married,66334.0,0,1,2013-03-04,82,909.0,11.0,218.0,0.0,0.0,23.0,2,9,3,5,5,0,0,0,0,0,0,3.0,11.0,1,1161.0,932.0,0.8027562446167097,0.017502336659933067,17,0.5294117647058824,0.17647058823529413,1.8,1,58,0,0.0
2521,1971,Master,Married,35178.0,1,0,2013-10-01,10,23.0,1.0,13.0,2.0,2.0,18.0,1,1,1,2,7,1,0,0,0,0,0,3.0,11.0,1,59.0,43.0,0.7288135593220338,0.0016771846040138723,4,0.25,0.25,0.14285714285714285,1,43,1,0.2
9592,1983,Graduation,Together,22010.0,1,0,1970-01-01,51,11.0,2.0,9.0,3.0,0.0,8.0,2,2,0,3,8,0,0,0,0,0,0,3.0,11.0,0,33.0,19.0,0.5757575757575758,0.0014993184915947297,5,0.4,0.0,0.25,1,31,0,0.0
10151,1960,Graduation,Divorced,62204.0,0,2,2012-12-09,38,317.0,46.0,247.0,151.0,46.0,139.0,1,4,5,12,3,0,0,0,0,0,0,3.0,11.0,0,946.0,502.0,0.5306553911205074,0.015208025207382162,21,0.19047619047619047,0.23809523809523808,1.3333333333333333,2,54,0,0.0
7381,1968,Graduation,Divorced,75693.0,0,0,2012-06-12,10,797.0,153.0,293.0,72.0,97.0,30.0,1,11,4,6,4,0,1,1,1,0,0,3.0,11.0,1,1442.0,924.0,0.6407766990291263,0.019050638764482847,21,0.5238095238095238,0.19047619047619047,2.75,0,46,3,0.6
4099,1972,Graduation,Married,30675.0,1,0,2012-12-11,14,10.0,2.0,16.0,11.0,2.0,21.0,1,1,0,3,8,0,0,0,0,0,0,3.0,11.0,0,62.0,33.0,0.532258064516129,0.00202118989405053,4,0.25,0.0,0.125,1,42,0,0.0
9560,1965,Graduation,Together,83003.0,0,0,2013-03-03,18,856.0,61.0,570.0,40.0,25.0,122.0,1,7,6,8,3,0,0,1,0,0,0,3.0,11.0,1,1674.0,1003.0,0.5991636798088411,0.020167945736901075,21,0.3333333333333333,0.2857142857142857,2.3333333333333335,0,49,1,0.2
10172,1988,Graduation,Single,68655.0,0,0,2012-10-08,95,456.0,19.0,832.0,75.0,118.0,38.0,1,4,5,11,3,0,0,0,0,0,0,3.0,11.0,0,1538.0,612.0,0.39791937581274384,0.022401864394435946,20,0.2,0.25,1.3333333333333333,0,26,0,0.0
11191,1986,Graduation,Divorced,41411.0,0,0,2013-07-12,11,37.0,32.0,38.0,11.0,3.0,18.0,1,2,1,4,6,0,0,0,0,0,0,3.0,11.0,0,139.0,58.0,0.4172661870503597,0.0033565960735070393,7,0.2857142857142857,0.14285714285714285,0.3333333333333333,0,28,0,0.0
9707,1969,PhD,Married,55212.0,0,1,1970-01-01,65,1103.0,0.0,45.0,0.0,0.0,34.0,3,4,2,11,8,0,1,0,0,1,0,3.0,11.0,0,1182.0,1137.0,0.9619289340101523,0.021408389480547706,17,0.23529411764705882,0.11764705882352941,0.5,1,45,2,0.4
6245,1950,PhD,Together,59292.0,0,1,1970-01-01,71,378.0,14.0,68.0,19.0,14.0,14.0,2,3,5,8,3,0,0,0,0,0,0,3.0,11.0,0,507.0,406.0,0.8007889546351085,0.00855090062740336,16,0.1875,0.3125,1.0,1,64,0,0.0
8234,1973,Basic,Together,27190.0,1,0,1970-01-01,13,1.0,6.0,7.0,0.0,1.0,3.0,1,1,0,2,8,1,0,0,0,0,0,3.0,11.0,1,18.0,5.0,0.2777777777777778,0.0006620080912100037,3,0.3333333333333333,0.0,0.125,1,41,1,0.2
1411,1952,Graduation,Divorced,82623.0,0,0,2013-10-11,58,204.0,34.0,204.0,172.0,153.0,173.0,1,2,9,4,1,0,0,0,0,0,0,3.0,11.0,0,940.0,530.0,0.5638297872340425,0.011376977354973797,15,0.13333333333333333,0.6,2.0,0,62,0,0.0
8553,1965,Graduation,Married,44300.0,1,1,1970-01-01,65,30.0,0.0,9.0,0.0,0.0,3.0,2,1,0,3,6,0,0,0,0,0,0,3.0,11.0,0,42.0,33.0,0.7857142857142857,0.0009480812641083522,4,0.25,0.0,0.16666666666666666,2,49,0,0.0
1826,1970,Graduation,Divorced,84835.0,0,0,1970-01-01,0,189.0,104.0,379.0,111.0,189.0,218.0,1,4,4,6,1,0,0,0,0,0,0,3.0,11.0,1,1190.0,596.0,0.5008403361344538,0.014027229327518124,14,0.2857142857142857,0.2857142857142857,4.0,0,44,0,0.0
8842,1971,Graduation,Widow,30372.0,1,1,1970-01-01,33,15.0,0.0,12.0,7.0,3.0,7.0,3,2,0,3,7,0,0,0,0,0,0,3.0,11.0,0,44.0,25.0,0.5681818181818182,0.0014487027525352297,5,0.4,0.0,0.2857142857142857,2,43,0,0.0
11030,1976,Master,Married,33181.0,1,0,2014-03-01,90,9.0,0.0,3.0,0.0,0.0,4.0,1,1,0,2,6,1,0,0,0,0,0,3.0,11.0,0,16.0,13.0,0.8125,0.00048220367077544377,3,0.3333333333333333,0.0,0.16666666666666666,1,38,1,0.2
2579,1957,Graduation,Married,71113.0,0,1,1970-01-01,95,495.0,33.0,255.0,11.0,33.0,8.0,4,6,7,9,4,0,0,0,0,0,0,3.0,11.0,0,835.0,536.0,0.6419161676646706,0.011741875606429204,22,0.2727272727272727,0.3181818181818182,1.5,1,57,0,0.0
175,1986,Graduation,Married,71952.0,1,0,2013-10-01,93,656.0,80.0,455.0,52.0,107.0,93.0,2,8,4,8,4,1,0,1,0,0,0,3.0,11.0,0,1443.0,856.0,0.5932085932085932,0.020055036691127417,20,0.4,0.2,2.0,1,28,2,0.4
9185,1966,PhD,Single,69759.0,0,0,1970-01-01,38,452.0,20.0,514.0,13.0,30.0,0.0,3,4,6,5,3,0,0,0,0,0,0,3.0,11.0,1,1029.0,482.0,0.4684159378036929,0.01475078484496624,15,0.26666666666666666,0.4,1.3333333333333333,0,48,0,0.0
11056,1974,Graduation,Married,72099.0,0,0,1970-01-01,18,546.0,91.0,410.0,119.0,0.0,22.0,1,3,4,10,1,0,0,0,0,0,0,3.0,11.0,0,1188.0,568.0,0.4781144781144781,0.016477343652477845,17,0.17647058823529413,0.23529411764705882,3.0,0,40,0,0.0
9365,1976,PhD,Single,60000.0,0,1,1970-01-01,57,1048.0,0.0,217.0,0.0,0.0,12.0,5,11,3,5,6,0,0,0,0,0,0,3.0,11.0,0,1277.0,1060.0,0.8300704776820673,0.021283333333333335,19,0.5789473684210527,0.15789473684210525,1.8333333333333333,1,38,0,0.0
6201,1978,Graduation,Single,38643.0,1,1,1970-01-01,45,22.0,2.0,14.0,0.0,1.0,10.0,2,2,0,3,7,0,0,0,0,0,1,3.0,11.0,0,49.0,33.0,0.673469387755102,0.0012680174934658283,5,0.4,0.0,0.2857142857142857,2,36,0,0.0
2061,1955,Graduation,Married,50737.0,0,1,2013-11-05,61,78.0,0.0,11.0,0.0,0.0,10.0,1,2,0,4,6,0,1,0,0,0,0,3.0,11.0,0,99.0,88.0,0.8888888888888888,0.001951238740958275,6,0.3333333333333333,0.0,0.3333333333333333,1,59,1,0.2
6184,1969,PhD,Married,68462.0,0,0,2012-12-12,6,561.0,64.0,785.0,84.0,128.0,48.0,1,3,3,8,1,0,0,0,0,0,0,3.0,11.0,0,1670.0,737.0,0.4413173652694611,0.024393093979141713,14,0.21428571428571427,0.21428571428571427,3.0,0,45,0,0.0
6142,1943,Master,Married,65073.0,0,0,1970-01-01,65,629.0,17.0,177.0,69.0,0.0,8.0,1,5,3,5,2,0,0,0,0,0,1,3.0,11.0,0,900.0,637.0,0.7077777777777777,0.01383062099488267,13,0.38461538461538464,0.23076923076923078,2.5,0,71,0,0.0
4107,1948,PhD,Together,46681.0,0,2,2013-08-10,52,269.0,15.0,69.0,15.0,19.0,38.0,2,4,6,4,5,0,0,0,0,0,0,3.0,11.0,0,425.0,326.0,0.7670588235294118,0.009104346522139628,14,0.2857142857142857,0.42857142857142855,0.8,2,66,0,0.0
7274,1957,Graduation,Married,78618.0,0,0,1970-01-01,87,736.0,163.0,818.0,212.0,163.0,61.0,1,4,7,10,2,0,1,0,0,0,0,3.0,11.0,0,2153.0,960.0,0.4458894565722248,0.027385585998117478,21,0.19047619047619047,0.3333333333333333,2.0,0,57,1,0.2
9336,1969,PhD,Widow,62187.0,0,1,1970-01-01,38,512.0,0.0,83.0,0.0,0.0,41.0,3,6,2,10,4,0,0,0,0,0,0,3.0,11.0,0,636.0,553.0,0.8694968553459119,0.010227217907279656,18,0.3333333333333333,0.1111111111111111,1.5,1,45,0,0.0
2958,1978,Graduation,Married,28442.0,2,0,1970-01-01,53,19.0,3.0,10.0,11.0,8.0,6.0,3,2,1,4,4,0,0,0,0,0,0,3.0,11.0,0,57.0,33.0,0.5789473684210527,0.0020040784754939878,7,0.2857142857142857,0.14285714285714285,0.5,2,36,0,0.0
933,1978,PhD,Married,37717.0,1,0,1970-01-01,31,9.0,0.0,6.0,4.0,1.0,5.0,1,1,0,2,9,0,0,0,0,0,0,3.0,11.0,0,25.0,15.0,0.6,0.0006628310841265212,3,0.3333333333333333,0.0,0.1111111111111111,1,36,0,0.0
5837,1967,Graduation,Married,51479.0,1,1,1970-01-01,67,247.0,8.0,160.0,6.0,8.0,65.0,7,6,3,6,7,0,0,0,0,0,0,3.0,11.0,0,494.0,320.0,0.6477732793522267,0.009596146001282077,15,0.4,0.2,0.8571428571428571,2,47,0,0.0
10704,1969,Graduation,Single,54803.0,0,1,1970-01-01,65,404.0,0.0,92.0,28.0,27.0,142.0,2,6,2,9,4,0,0,0,0,0,0,3.0,11.0,0,693.0,573.0,0.8268398268398268,0.012645293140886448,17,0.35294117647058826,0.11764705882352941,1.5,1,45,0,0.0
5125,1960,Graduation,Married,79530.0,0,0,1970-01-01,64,333.0,0.0,815.0,129.0,42.0,29.0,1,4,10,11,2,0,0,0,0,0,0,3.0,11.0,0,1348.0,404.0,0.2997032640949555,0.016949578775304917,25,0.16,0.4,2.0,0,54,0,0.0
4432,1976,Graduation,Divorced,31615.0,1,0,1970-01-01,82,2.0,3.0,20.0,6.0,11.0,9.0,2,2,0,3,7,0,0,0,0,0,0,3.0,11.0,0,51.0,22.0,0.43137254901960786,0.0016131583109283568,5,0.4,0.0,0.2857142857142857,1,38,0,0.0
5955,1962,Graduation,Together,72025.0,0,0,1970-01-01,27,833.0,33.0,549.0,151.0,133.0,233.0,1,4,3,8,3,0,0,0,0,0,0,3.0,11.0,0,1932.0,1199.0,0.620600414078675,0.026824019437695246,15,0.26666666666666666,0.2,1.3333333333333333,0,52,0,0.0
2928,1975,PhD,Single,52614.0,0,1,2012-01-12,63,789.0,0.0,142.0,12.0,9.0,38.0,2,2,4,8,8,0,0,0,0,0,0,3.0,11.0,0,990.0,836.0,0.8444444444444444,0.01881628463906945,14,0.14285714285714285,0.2857142857142857,0.25,1,39,0,0.0
5680,1984,2n Cycle,Married,35684.0,1,0,1970-01-01,66,10.0,4.0,7.0,0.0,6.0,3.0,1,1,0,3,6,0,0,0,0,0,0,3.0,11.0,0,30.0,19.0,0.6333333333333333,0.0008407129245600269,4,0.25,0.0,0.16666666666666666,1,30,0,0.0
10313,1975,Graduation,Married,48178.0,1,1,1970-01-01,69,159.0,4.0,45.0,6.0,2.0,38.0,6,5,1,4,8,0,0,0,0,0,0,3.0,11.0,0,254.0,199.0,0.7834645669291339,0.005272115903524431,10,0.5,0.1,0.625,2,39,0,0.0
2557,1970,Master,Single,29548.0,1,0,1970-01-01,52,7.0,1.0,6.0,3.0,1.0,11.0,1,1,1,2,4,1,0,0,0,0,0,3.0,11.0,0,29.0,19.0,0.6551724137931034,0.0009814539055096791,4,0.25,0.25,0.25,1,44,1,0.2
1245,1966,Graduation,Single,63810.0,0,1,2012-11-11,45,977.0,12.0,253.0,16.0,12.0,101.0,4,4,3,12,8,0,1,0,0,0,0,3.0,11.0,0,1371.0,1090.0,0.7950401167031363,0.02148566055477198,19,0.21052631578947367,0.15789473684210525,0.5,1,48,1,0.2
1519,1972,PhD,Single,38578.0,1,1,1970-01-01,2,38.0,4.0,22.0,3.0,3.0,3.0,3,3,0,3,8,0,0,0,0,0,0,3.0,11.0,1,73.0,44.0,0.6027397260273972,0.0018922702058167867,6,0.5,0.0,0.375,2,42,0,0.0
10703,1975,Master,Single,46098.0,1,1,1970-01-01,86,57.0,0.0,27.0,0.0,0.0,36.0,4,3,2,2,8,0,0,0,0,0,0,3.0,11.0,0,120.0,93.0,0.775,0.0026031498112716388,7,0.42857142857142855,0.2857142857142857,0.375,2,39,0,0.0
1726,1970,Graduation,Single,22585.0,0,0,1970-01-01,23,3.0,9.0,15.0,13.0,2.0,39.0,1,1,1,2,9,1,0,0,0,0,0,3.0,11.0,1,81.0,44.0,0.5432098765432098,0.0035864511844144343,4,0.25,0.25,0.1111111111111111,0,44,1,0.2
4459,1989,Graduation,Single,30279.0,1,0,1970-01-01,13,10.0,4.0,14.0,4.0,4.0,1.0,1,1,0,3,8,0,0,0,0,0,0,3.0,11.0,0,37.0,15.0,0.40540540540540543,0.0012219690214339972,4,0.25,0.0,0.125,1,25,0,0.0
1729,1961,PhD,Together,66426.0,0,1,2013-02-10,14,1043.0,24.0,97.0,32.0,24.0,157.0,2,3,5,10,6,0,0,0,0,0,0,3.0,11.0,0,1377.0,1224.0,0.8888888888888888,0.020729834703278837,18,0.16666666666666666,0.2777777777777778,0.5,1,53,0,0.0
1517,1969,Graduation,Single,30822.0,1,0,1970-01-01,92,3.0,9.0,13.0,2.0,12.0,12.0,1,1,0,3,7,0,0,0,0,0,0,3.0,11.0,0,51.0,27.0,0.5294117647058824,0.0016546622542339888,4,0.25,0.0,0.14285714285714285,1,45,0,0.0
2098,1969,PhD,Married,33581.0,2,0,2013-08-01,38,11.0,0.0,5.0,0.0,0.0,1.0,1,1,0,2,8,0,0,0,0,0,0,3.0,11.0,0,17.0,12.0,0.7058823529411765,0.0005062386468538757,3,0.3333333333333333,0.0,0.125,2,45,0,0.0
9543,1985,Graduation,Married,19986.0,1,0,1970-01-01,74,3.0,6.0,5.0,0.0,2.0,6.0,1,0,0,3,7,0,0,0,0,0,0,3.0,11.0,0,22.0,11.0,0.5,0.0011007705393775644,3,0.0,0.0,0.0,1,29,0,0.0
6878,1954,Graduation,Widow,27421.0,0,0,2012-12-12,14,43.0,12.0,96.0,78.0,40.0,55.0,3,4,1,6,7,0,0,0,0,0,0,3.0,11.0,0,324.0,138.0,0.42592592592592593,0.011815761642536742,11,0.36363636363636365,0.09090909090909091,0.5714285714285714,0,60,0,0.0
3310,1973,2n Cycle,Married,35688.0,2,1,1970-01-01,94,73.0,3.0,90.0,12.0,1.0,32.0,7,4,1,4,8,0,0,0,0,0,0,3.0,11.0,0,211.0,106.0,0.5023696682464455,0.005912351490697153,9,0.4444444444444444,0.1111111111111111,0.5,3,41,0,0.0
2724,1981,Master,Single,36143.0,1,0,1970-01-01,33,12.0,0.0,1.0,0.0,0.0,6.0,1,0,1,2,3,0,0,0,0,0,0,3.0,11.0,0,19.0,18.0,0.9473684210526315,0.0005256896217801511,3,0.0,0.3333333333333333,0.0,1,33,0,0.0
948,1971,Graduation,Single,10245.0,1,0,1970-01-01,32,4.0,7.0,7.0,6.0,4.0,13.0,3,1,2,2,5,0,0,0,0,0,0,3.0,11.0,0,41.0,21.0,0.5121951219512195,0.004001952171791117,5,0.2,0.4,0.2,1,43,0,0.0
6720,1968,Master,Together,43795.0,0,1,1970-01-01,11,314.0,11.0,53.0,4.0,3.0,107.0,3,7,3,4,7,0,1,0,0,0,0,3.0,11.0,1,492.0,424.0,0.8617886178861789,0.011234159150587966,14,0.5,0.21428571428571427,1.0,1,46,1,0.2
6202,1960,Graduation,Together,63381.0,0,1,2012-05-10,78,571.0,50.0,142.0,33.0,50.0,159.0,4,4,5,13,2,0,0,0,0,0,0,3.0,11.0,0,1005.0,780.0,0.7761194029850746,0.015856486959814457,22,0.18181818181818182,0.22727272727272727,2.0,1,54,0,0.0
2066,1949,Graduation,Together,38823.0,0,1,1970-01-01,56,70.0,0.0,11.0,2.0,8.0,23.0,1,2,1,3,6,0,0,0,0,0,0,3.0,11.0,0,114.0,101.0,0.8859649122807017,0.002936403678231976,6,0.3333333333333333,0.16666666666666666,0.3333333333333333,1,65,0,0.0
9799,1968,PhD,Divorced,83664.0,1,1,2013-08-05,57,866.0,21.0,151.0,28.0,21.0,86.0,3,2,2,12,5,0,0,0,0,0,0,3.0,11.0,0,1173.0,973.0,0.8294970161977835,0.014020367183017786,16,0.125,0.125,0.4,2,46,0,0.0
8318,1979,Graduation,Together,90300.0,0,0,2014-03-01,7,594.0,134.0,786.0,33.0,134.0,57.0,0,5,6,8,1,0,0,1,0,0,0,3.0,11.0,0,1738.0,785.0,0.451668584579977,0.019246954595791805,19,0.2631578947368421,0.3157894736842105,5.0,0,35,1,0.2
5642,1979,Master,Together,62499.0,1,0,2013-09-12,0,140.0,4.0,61.0,0.0,13.0,4.0,2,3,1,6,4,0,0,0,0,0,0,3.0,11.0,0,222.0,157.0,0.7072072072072072,0.0035520568329093266,10,0.3,0.1,0.75,1,35,0,0.0
2669,1993,Graduation,Single,74293.0,0,0,2014-04-05,66,375.0,152.0,335.0,93.0,91.0,81.0,1,5,4,6,2,0,0,0,0,0,0,3.0,11.0,0,1127.0,547.0,0.48535936113575867,0.015169666051983364,15,0.3333333333333333,0.26666666666666666,2.5,0,21,0,0.0
455,1946,PhD,Married,51012.0,0,0,1970-01-01,86,102.0,9.0,63.0,2.0,9.0,24.0,1,4,1,4,6,0,0,0,0,0,0,3.0,11.0,0,209.0,135.0,0.645933014354067,0.00409707519799263,9,0.4444444444444444,0.1111111111111111,0.6666666666666666,0,68,0,0.0
7683,1968,Master,Married,70777.0,0,1,1970-01-01,80,554.0,35.0,113.0,0.0,7.0,78.0,3,5,3,12,3,0,0,0,0,0,0,3.0,11.0,0,787.0,639.0,0.8119440914866582,0.011119431453720841,20,0.25,0.15,1.6666666666666667,1,46,0,0.0
3428,1991,PhD,Together,68682.0,0,0,2013-06-10,56,919.0,0.0,505.0,99.0,30.0,45.0,1,4,9,10,2,0,0,0,0,0,0,3.0,11.0,0,1598.0,994.0,0.6220275344180225,0.023266649194839988,23,0.17391304347826086,0.391304347826087,2.0,0,23,0,0.0
7414,1971,Graduation,Married,43824.0,1,1,1970-01-01,18,96.0,1.0,42.0,12.0,3.0,32.0,4,3,1,4,8,0,0,0,0,0,0,3.0,11.0,0,186.0,131.0,0.7043010752688172,0.004244249726177437,8,0.375,0.125,0.375,2,43,0,0.0
6354,1984,Graduation,Together,15345.0,1,0,1970-01-01,51,5.0,2.0,16.0,3.0,2.0,19.0,2,1,1,2,8,0,0,0,0,0,0,3.0,11.0,1,47.0,26.0,0.5531914893617021,0.003062886933854676,4,0.25,0.25,0.125,1,30,0,0.0
798,1987,Graduation,Single,23442.0,1,0,1970-01-01,71,2.0,0.0,6.0,8.0,6.0,5.0,1,1,0,3,7,0,0,0,0,0,0,3.0,11.0,0,27.0,13.0,0.48148148148148145,0.001151778858459176,4,0.25,0.0,0.14285714285714285,1,27,0,0.0
8213,1980,2n Cycle,Together,14515.0,1,0,2012-09-11,71,6.0,4.0,9.0,6.0,36.0,35.0,4,2,2,3,7,0,0,0,0,0,0,3.0,11.0,1,96.0,77.0,0.8020833333333334,0.0066138477437134,7,0.2857142857142857,0.2857142857142857,0.2857142857142857,1,34,0,0.0
2488,1956,2n Cycle,Divorced,31395.0,1,1,1970-01-01,80,23.0,1.0,25.0,0.0,8.0,7.0,4,2,1,3,6,0,0,0,0,0,0,3.0,11.0,0,64.0,38.0,0.59375,0.0020385411689759518,6,0.3333333333333333,0.16666666666666666,0.3333333333333333,2,58,0,0.0
9999,1965,Graduation,Together,75276.0,0,0,1970-01-01,2,610.0,105.0,125.0,137.0,42.0,21.0,1,9,4,9,5,0,0,0,0,0,0,3.0,11.0,0,1040.0,673.0,0.6471153846153846,0.013815824432754132,22,0.4090909090909091,0.18181818181818182,1.8,0,49,0,0.0
7617,1974,Graduation,Single,42373.0,1,1,1970-01-01,83,67.0,5.0,61.0,3.0,8.0,19.0,5,2,1,5,5,0,0,0,0,0,0,3.0,11.0,0,163.0,94.0,0.5766871165644172,0.0038467892289901586,8,0.25,0.125,0.4,2,40,0,0.0
615,1960,Graduation,Together,30507.0,0,0,2013-11-03,29,65.0,36.0,74.0,38.0,20.0,110.0,1,5,1,4,7,0,0,0,0,0,0,3.0,11.0,0,343.0,195.0,0.5685131195335277,0.011243321204969351,10,0.5,0.1,0.7142857142857143,0,54,0,0.0
2552,1955,PhD,Single,55521.0,1,2,1970-01-01,11,416.0,0.0,26.0,0.0,0.0,4.0,9,6,3,6,7,0,1,0,0,0,0,3.0,11.0,1,446.0,420.0,0.9417040358744395,0.008032996523837828,15,0.4,0.2,0.8571428571428571,3,59,1,0.2
194,1965,Graduation,Married,48006.0,1,1,2014-09-06,55,23.0,0.0,11.0,3.0,2.0,2.0,1,1,0,3,6,0,0,0,0,0,0,3.0,11.0,0,41.0,27.0,0.6585365853658537,0.0008540599091780194,4,0.25,0.0,0.16666666666666666,2,49,0,0.0
3645,1972,PhD,Single,27213.0,1,0,1970-01-01,19,19.0,3.0,26.0,10.0,9.0,3.0,3,2,0,4,8,0,0,0,0,0,0,3.0,11.0,1,70.0,31.0,0.44285714285714284,0.002572300003674714,6,0.3333333333333333,0.0,0.25,1,42,0,0.0
8890,1971,PhD,Divorced,65808.0,1,1,1970-01-01,1,155.0,7.0,80.0,13.0,7.0,10.0,3,5,1,5,6,0,0,0,0,0,0,3.0,11.0,0,272.0,172.0,0.6323529411764706,0.004133236080719669,11,0.45454545454545453,0.09090909090909091,0.8333333333333334,2,43,0,0.0
5049,1974,PhD,Together,30351.0,1,0,2013-06-06,19,14.0,0.0,24.0,3.0,3.0,2.0,1,3,0,2,9,0,0,0,0,0,0,3.0,11.0,0,46.0,19.0,0.41304347826086957,0.001515600803927383,5,0.6,0.0,0.3333333333333333,1,40,0,0.0
9973,1963,Graduation,Married,50437.0,0,2,1970-01-01,28,370.0,9.0,92.0,6.0,9.0,4.0,3,7,1,8,7,0,0,0,0,0,0,3.0,11.0,0,490.0,383.0,0.7816326530612245,0.009715090112417472,16,0.4375,0.0625,1.0,2,51,0,0.0
7301,1982,2n Cycle,Single,23616.0,1,0,1970-01-01,76,4.0,22.0,11.0,3.0,7.0,32.0,2,3,0,3,8,0,0,0,0,0,0,3.0,11.0,1,79.0,43.0,0.5443037974683544,0.003345189701897019,6,0.5,0.0,0.375,1,32,0,0.0
10882,1976,Graduation,Married,53858.0,0,1,2012-09-11,50,407.0,53.0,221.0,58.0,150.0,26.0,4,4,3,6,4,0,0,0,0,0,0,3.0,11.0,0,915.0,583.0,0.6371584699453552,0.0169891195365591,13,0.3076923076923077,0.23076923076923078,1.0,1,38,0,0.0
7030,1955,PhD,Married,66465.0,0,1,1970-01-01,1,1200.0,0.0,204.0,38.0,29.0,14.0,3,11,9,12,6,0,0,0,1,0,0,3.0,11.0,0,1485.0,1243.0,0.837037037037037,0.02234258632362898,32,0.34375,0.28125,1.8333333333333333,1,59,1,0.2
7422,1987,Graduation,Single,46923.0,1,0,1970-01-01,90,85.0,44.0,54.0,102.0,78.0,6.0,3,5,1,7,7,0,0,0,0,0,0,3.0,11.0,0,369.0,169.0,0.45799457994579945,0.007863947317946422,13,0.38461538461538464,0.07692307692307693,0.7142857142857143,1,27,0,0.0
3523,1962,Graduation,Together,75072.0,0,1,1970-01-01,83,583.0,34.0,309.0,0.0,22.0,125.0,2,5,4,8,3,0,0,0,0,0,0,3.0,11.0,0,1073.0,730.0,0.6803355079217148,0.014292945439045183,17,0.29411764705882354,0.23529411764705882,1.6666666666666667,1,52,0,0.0
7106,1943,PhD,Married,75865.0,0,0,1970-01-01,73,483.0,0.0,591.0,156.0,0.0,12.0,1,3,5,10,1,0,0,0,0,0,0,3.0,11.0,0,1242.0,495.0,0.39855072463768115,0.016371185658735913,18,0.16666666666666666,0.2777777777777778,3.0,0,71,0,0.0
6504,1975,2n Cycle,Together,19789.0,1,0,1970-01-01,24,2.0,5.0,9.0,28.0,6.0,28.0,3,2,1,3,5,1,0,0,0,0,0,3.0,11.0,0,78.0,36.0,0.46153846153846156,0.0039415837081206734,6,0.3333333333333333,0.16666666666666666,0.4,1,39,1,0.2
5067,1994,Graduation,Together,80134.0,0,0,1970-01-01,11,966.0,26.0,282.0,52.0,26.0,26.0,1,2,7,11,5,0,1,1,1,1,0,3.0,11.0,0,1378.0,1018.0,0.7387518142235123,0.017196196371078443,20,0.1,0.35,0.4,0,20,4,0.8
4216,1981,Graduation,Single,91065.0,0,0,1970-01-01,33,822.0,114.0,108.0,179.0,137.0,114.0,1,7,9,9,3,0,0,1,1,0,0,3.0,11.0,1,1474.0,1073.0,0.7279511533242876,0.0161862405973755,25,0.28,0.36,2.3333333333333335,0,33,2,0.4
8581,1971,Master,Married,49505.0,1,1,2013-05-03,4,604.0,0.0,100.0,19.0,0.0,28.0,9,10,2,8,8,0,0,0,0,0,0,3.0,11.0,0,751.0,632.0,0.8415446071904128,0.01517018482981517,20,0.5,0.1,1.25,2,43,0,0.0
5929,1973,PhD,Married,37401.0,1,0,2014-06-05,14,19.0,3.0,19.0,3.0,1.0,3.0,2,2,0,3,7,0,0,0,0,0,0,3.0,11.0,0,48.0,23.0,0.4791666666666667,0.0012833881447020133,5,0.4,0.0,0.2857142857142857,1,41,0,0.0
3129,1983,Graduation,Married,30096.0,1,0,1970-01-01,30,5.0,3.0,11.0,12.0,5.0,9.0,1,2,0,3,6,0,0,0,0,0,0,3.0,11.0,0,45.0,19.0,0.4222222222222222,0.0014952153110047847,5,0.4,0.0,0.3333333333333333,1,31,0,0.0
6528,1982,Master,Together,18492.0,1,0,2014-05-06,75,2.0,2.0,2.0,2.0,1.0,1.0,1,1,0,2,8,0,0,0,0,0,0,3.0,11.0,0,10.0,4.0,0.4,0.0005407743889249405,3,0.3333333333333333,0.0,0.125,1,32,0,0.0
1361,1974,Master,Married,82584.0,0,0,2013-04-06,26,1076.0,68.0,103.0,29.0,91.0,68.0,1,3,4,8,1,0,1,1,0,0,0,3.0,11.0,1,1435.0,1235.0,0.8606271777003485,0.017376247214956893,15,0.2,0.26666666666666666,3.0,0,40,2,0.4
6932,1941,PhD,Married,93027.0,0,0,1970-01-01,77,1285.0,42.0,716.0,55.0,0.0,21.0,0,7,10,5,2,0,0,1,0,0,0,3.0,11.0,0,2119.0,1306.0,0.6163284568192544,0.022778333172089823,22,0.3181818181818182,0.45454545454545453,3.5,0,73,1,0.2
7284,1953,Graduation,Married,48686.0,1,2,2013-04-12,8,10.0,0.0,7.0,2.0,0.0,1.0,1,1,0,2,8,0,0,0,0,0,0,3.0,11.0,0,20.0,11.0,0.55,0.0004107957112927741,3,0.3333333333333333,0.0,0.125,3,61,0,0.0
1340,1986,Graduation,Married,92910.0,0,0,1970-01-01,42,551.0,137.0,792.0,179.0,103.0,33.0,1,6,7,13,1,0,1,1,1,0,0,3.0,11.0,0,1795.0,687.0,0.38272980501392756,0.01931977182219352,26,0.23076923076923078,0.2692307692307692,6.0,0,28,3,0.6
8746,1989,Graduation,Married,75433.0,1,0,2014-05-04,28,800.0,0.0,297.0,0.0,34.0,57.0,2,2,5,10,6,0,1,0,1,0,0,3.0,11.0,0,1188.0,891.0,0.75,0.015749075338379753,17,0.11764705882352941,0.29411764705882354,0.3333333333333333,1,25,2,0.4
5987,1989,2n Cycle,Together,10404.0,1,0,2014-04-05,52,2.0,2.0,11.0,10.0,6.0,12.0,2,1,0,4,5,0,0,0,0,0,0,3.0,11.0,0,43.0,20.0,0.46511627906976744,0.004133025759323337,5,0.2,0.0,0.2,1,25,0,0.0
3767,1968,Graduation,Married,61314.0,0,1,1970-01-01,1,378.0,0.0,189.0,97.0,172.0,172.0,2,5,5,12,3,0,0,0,0,0,0,3.0,11.0,0,1008.0,722.0,0.7162698412698413,0.01643996477150406,22,0.22727272727272727,0.22727272727272727,1.6666666666666667,1,46,0,0.0
3725,1961,PhD,Single,84865.0,0,0,2013-09-05,1,1248.0,16.0,349.0,43.0,16.0,16.0,1,2,4,9,4,0,1,1,1,1,0,3.0,11.0,1,1688.0,1280.0,0.7582938388625592,0.019890414187238557,15,0.13333333333333333,0.26666666666666666,0.5,0,53,4,0.8
4324,1989,Graduation,Married,42387.0,1,0,1970-01-01,42,235.0,0.0,235.0,19.0,4.0,191.0,5,8,1,7,8,0,0,0,0,0,0,3.0,11.0,0,684.0,430.0,0.6286549707602339,0.016137023143888457,16,0.5,0.0625,1.0,1,25,0,0.0
238,1967,2n Cycle,Together,67309.0,1,1,1970-01-01,76,515.0,47.0,181.0,149.0,95.0,95.0,15,9,6,9,7,0,0,0,0,0,0,3.0,11.0,0,1082.0,705.0,0.6515711645101664,0.01607511625488419,24,0.375,0.25,1.2857142857142858,2,47,0,0.0
6694,1964,Graduation,Married,75236.0,0,1,1970-01-01,27,438.0,66.0,400.0,12.0,38.0,114.0,1,8,3,13,4,0,0,0,0,0,0,3.0,11.0,0,1068.0,590.0,0.552434456928839,0.014195332021904407,24,0.3333333333333333,0.125,2.0,1,50,0,0.0
498,1970,Graduation,Single,30015.0,1,0,2014-02-02,28,25.0,0.0,22.0,2.0,3.0,5.0,2,1,0,4,5,0,0,0,0,0,0,3.0,11.0,0,57.0,33.0,0.5789473684210527,0.0018990504747626188,5,0.2,0.0,0.2,1,44,0,0.0
9347,1956,Master,Together,50943.0,0,1,1970-01-01,49,31.0,0.0,7.0,2.0,0.0,6.0,1,1,0,3,5,0,0,0,0,0,0,3.0,11.0,0,46.0,37.0,0.8043478260869565,0.0009029699860628545,4,0.25,0.0,0.2,1,58,0,0.0
9699,1966,Graduation,Divorced,67272.0,0,1,1970-01-01,12,357.0,35.0,271.0,28.0,28.0,14.0,3,6,2,12,5,0,0,0,0,0,0,3.0,11.0,0,733.0,399.0,0.5443383356070941,0.010896063741229634,20,0.3,0.1,1.2,1,48,0,0.0
10664,1949,Master,Widow,51529.0,0,1,2013-07-09,14,400.0,4.0,35.0,6.0,0.0,22.0,2,9,1,5,8,0,0,0,0,0,0,3.0,11.0,0,467.0,422.0,0.9036402569593148,0.009062857808224495,15,0.6,0.06666666666666667,1.125,1,65,0,0.0
5455,1971,PhD,Married,32011.0,1,0,1970-01-01,89,99.0,0.0,15.0,2.0,1.0,5.0,3,2,1,4,7,0,0,0,0,0,0,3.0,11.0,0,122.0,105.0,0.860655737704918,0.003811189903470682,7,0.2857142857142857,0.14285714285714285,0.2857142857142857,1,43,0,0.0
456,1986,2n Cycle,Married,7500.0,1,0,2013-07-02,96,1.0,11.0,5.0,4.0,6.0,9.0,2,2,0,3,8,0,0,0,0,0,0,3.0,11.0,0,36.0,16.0,0.4444444444444444,0.0048,5,0.4,0.0,0.25,1,28,0,0.0
5012,1989,Graduation,Married,28691.0,1,0,2013-04-07,56,5.0,4.0,13.0,8.0,0.0,4.0,1,1,0,3,8,0,0,0,0,0,0,3.0,11.0,0,34.0,9.0,0.2647058823529412,0.0011850406050677913,4,0.25,0.0,0.125,1,25,0,0.0
7495,1948,PhD,Married,56223.0,0,1,1970-01-01,72,77.0,28.0,31.0,16.0,0.0,4.0,2,2,1,5,4,0,0,0,0,0,0,3.0,11.0,0,156.0,81.0,0.5192307692307693,0.002774665172616189,8,0.25,0.125,0.5,1,66,0,0.0
5029,1946,Graduation,Married,18100.0,0,0,2013-06-08,14,3.0,1.0,2.0,4.0,3.0,1.0,1,0,0,3,5,0,0,0,0,0,0,3.0,11.0,0,14.0,7.0,0.5,0.0007734806629834254,3,0.0,0.0,0.0,0,68,0,0.0
10642,1989,Graduation,Single,30279.0,1,0,1970-01-01,13,10.0,4.0,14.0,4.0,4.0,1.0,1,1,0,3,8,0,0,0,0,0,0,3.0,11.0,0,37.0,15.0,0.40540540540540543,0.0012219690214339972,4,0.25,0.0,0.125,1,25,0,0.0
2106,1974,2n Cycle,Married,20130.0,0,0,1970-01-01,99,0.0,6.0,3.0,7.0,6.0,12.0,1,1,0,3,8,0,0,0,0,0,0,3.0,11.0,0,34.0,18.0,0.5294117647058824,0.0016890213611525087,4,0.25,0.0,0.125,0,40,0,0.0
10364,1959,Graduation,Divorced,23295.0,0,0,1970-01-01,72,0.0,0.0,1.0,2.0,12.0,5.0,1,1,0,2,8,0,0,0,0,0,0,3.0,11.0,0,20.0,17.0,0.85,0.0008585533376261,3,0.3333333333333333,0.0,0.125,0,55,0,0.0
5954,1972,Master,Divorced,42618.0,1,0,2013-09-10,92,76.0,14.0,74.0,13.0,5.0,10.0,2,5,0,4,8,0,0,0,0,0,0,3.0,11.0,0,192.0,91.0,0.4739583333333333,0.004505138673799803,9,0.5555555555555556,0.0,0.625,1,42,0,0.0
1137,1964,Graduation,Single,81246.0,0,0,1970-01-01,87,398.0,190.0,537.0,61.0,156.0,37.0,1,4,5,7,1,1,0,0,1,0,0,3.0,11.0,0,1379.0,591.0,0.42857142857142855,0.01697314329320828,16,0.25,0.3125,4.0,0,50,2,0.4
2541,1976,Graduation,Married,24027.0,1,0,2013-09-06,7,14.0,7.0,11.0,11.0,0.0,5.0,2,2,0,3,8,0,0,0,0,0,0,3.0,11.0,0,48.0,19.0,0.3958333333333333,0.001997752528405544,5,0.4,0.0,0.25,1,38,0,0.0
1142,1953,PhD,Married,55707.0,0,1,1970-01-01,91,208.0,7.0,82.0,30.0,66.0,35.0,2,3,2,9,3,0,0,0,0,0,0,3.0,11.0,0,428.0,309.0,0.7219626168224299,0.007683055989372969,14,0.21428571428571427,0.14285714285714285,1.0,1,61,0,0.0
2276,1955,Graduation,Single,57959.0,0,1,2013-02-05,71,430.0,16.0,322.0,43.0,24.0,33.0,5,4,7,11,3,0,0,0,0,0,0,3.0,11.0,0,868.0,487.0,0.5610599078341014,0.014976103797512035,22,0.18181818181818182,0.3181818181818182,1.3333333333333333,1,59,0,0.0
2807,1969,Graduation,Married,56796.0,0,1,1970-01-01,24,656.0,38.0,161.0,62.0,47.0,37.0,3,8,9,7,7,0,0,0,0,0,0,3.0,11.0,0,1001.0,740.0,0.7392607392607392,0.017624480597225156,24,0.3333333333333333,0.375,1.1428571428571428,1,45,0,0.0
6471,1971,Master,Single,36230.0,1,0,1970-01-01,17,14.0,2.0,30.0,8.0,2.0,3.0,1,2,0,4,5,0,0,0,0,0,0,3.0,11.0,0,59.0,19.0,0.3220338983050847,0.0016284846812034226,6,0.3333333333333333,0.0,0.4,1,43,0,0.0
6131,1980,2n Cycle,Married,70829.0,1,1,2013-01-12,87,141.0,70.0,106.0,72.0,19.0,23.0,2,4,2,8,3,0,0,0,0,0,0,3.0,11.0,0,431.0,183.0,0.4245939675174014,0.006085078145957165,14,0.2857142857142857,0.14285714285714285,1.3333333333333333,2,34,0,0.0
6233,1976,Graduation,Married,65991.0,0,1,2012-07-09,21,507.0,19.0,364.0,25.0,47.0,9.0,3,9,5,10,7,0,0,0,0,0,0,3.0,11.0,0,971.0,563.0,0.5798146240988672,0.014714127684078131,24,0.375,0.20833333333333334,1.2857142857142858,1,38,0,0.0
4148,1972,Graduation,Married,38988.0,1,2,1970-01-01,90,164.0,24.0,103.0,12.0,3.0,42.0,7,5,1,6,8,0,0,0,0,0,0,3.0,11.0,0,348.0,209.0,0.6005747126436781,0.008925823330255463,12,0.4166666666666667,0.08333333333333333,0.625,3,42,0,0.0
4947,1966,2n Cycle,Single,89572.0,0,0,1970-01-01,44,606.0,24.0,974.0,197.0,194.0,64.0,1,7,7,9,4,0,1,0,1,0,0,3.0,11.0,1,2059.0,864.0,0.41962117532782905,0.022987094181217346,23,0.30434782608695654,0.30434782608695654,1.75,0,48,2,0.4
3225,1984,Master,Married,42207.0,1,0,2013-01-04,71,116.0,11.0,72.0,3.0,17.0,46.0,4,4,1,5,6,1,0,0,0,0,0,3.0,11.0,1,265.0,179.0,0.6754716981132075,0.0062785793825668726,10,0.4,0.1,0.6666666666666666,1,30,1,0.2
7540,1952,Graduation,Married,50300.0,0,1,1970-01-01,52,143.0,15.0,60.0,24.0,23.0,5.0,2,2,1,8,2,0,0,0,0,0,0,3.0,11.0,0,270.0,171.0,0.6333333333333333,0.00536779324055666,11,0.18181818181818182,0.09090909090909091,1.0,1,62,0,0.0
10648,1982,2n Cycle,Together,66664.0,0,0,1970-01-01,78,398.0,96.0,447.0,220.0,96.0,32.0,1,5,7,6,3,0,0,0,0,0,0,3.0,11.0,0,1289.0,526.0,0.40806826997672613,0.019335773430937238,18,0.2777777777777778,0.3888888888888889,1.6666666666666667,0,32,0,0.0
1992,1964,Graduation,Married,60597.0,0,1,2014-01-01,2,522.0,0.0,257.0,32.0,16.0,66.0,4,2,2,8,7,0,0,0,1,0,0,3.0,11.0,1,893.0,604.0,0.6763717805151176,0.014736703137118999,12,0.16666666666666666,0.16666666666666666,0.2857142857142857,1,50,1,0.2
7851,1949,Graduation,Widow,70165.0,0,0,1970-01-01,60,161.0,0.0,253.0,199.0,191.0,122.0,1,3,7,11,1,0,0,0,0,0,0,3.0,11.0,0,926.0,474.0,0.5118790496760259,0.013197463122639492,21,0.14285714285714285,0.3333333333333333,3.0,0,65,0,0.0
8594,1958,PhD,Widow,50520.0,0,1,1970-01-01,25,112.0,0.0,6.0,2.0,1.0,14.0,2,3,1,3,6,0,0,0,0,0,0,3.0,11.0,0,135.0,127.0,0.9407407407407408,0.002672209026128266,7,0.42857142857142855,0.14285714285714285,0.5,1,56,0,0.0
7059,1963,Graduation,Married,80124.0,0,0,1970-01-01,47,483.0,84.0,398.0,205.0,84.0,241.0,1,3,7,8,1,1,0,0,0,0,0,3.0,11.0,0,1495.0,808.0,0.5404682274247492,0.018658579202236535,18,0.16666666666666666,0.3888888888888889,3.0,0,51,1,0.2
2815,1975,Graduation,Married,33183.0,1,0,1970-01-01,46,7.0,5.0,39.0,17.0,15.0,37.0,2,4,0,3,7,0,0,0,0,0,0,3.0,11.0,0,120.0,59.0,0.49166666666666664,0.003616309556098002,7,0.5714285714285714,0.0,0.5714285714285714,1,39,0,0.0
2416,1969,PhD,Single,66582.0,0,0,2014-03-03,83,789.0,25.0,420.0,16.0,38.0,0.0,1,2,8,9,1,0,0,0,0,0,0,3.0,11.0,0,1288.0,827.0,0.6420807453416149,0.019344567600853083,19,0.10526315789473684,0.42105263157894735,2.0,0,45,0,0.0
7999,1955,PhD,Together,75261.0,0,0,1970-01-01,17,1239.0,17.0,413.0,23.0,34.0,17.0,1,5,6,5,2,0,1,1,0,0,0,3.0,11.0,1,1743.0,1290.0,0.7401032702237521,0.02315940526966158,16,0.3125,0.375,2.5,0,59,2,0.4
9213,1970,Graduation,Widow,31880.0,1,0,1970-01-01,13,4.0,1.0,5.0,2.0,0.0,3.0,1,1,0,2,8,0,0,0,0,0,0,3.0,11.0,0,15.0,7.0,0.4666666666666667,0.00047051442910915934,3,0.3333333333333333,0.0,0.125,1,44,0,0.0
9697,1951,Graduation,Married,53790.0,0,2,2014-06-03,86,335.0,42.0,127.0,28.0,5.0,5.0,3,7,2,8,6,0,0,0,0,0,0,3.0,11.0,0,542.0,345.0,0.6365313653136532,0.010076222346160997,17,0.4117647058823529,0.11764705882352941,1.1666666666666667,2,63,0,0.0
3916,1971,PhD,Together,49269.0,1,0,1970-01-01,92,639.0,8.0,166.0,11.0,8.0,58.0,3,7,3,12,7,0,0,0,0,0,0,3.0,11.0,0,890.0,705.0,0.7921348314606742,0.018064097099596096,22,0.3181818181818182,0.13636363636363635,1.0,1,43,0,0.0
2021,1975,Graduation,Married,61456.0,0,1,1970-01-01,47,563.0,76.0,384.0,84.0,192.0,89.0,4,6,10,13,4,0,0,0,0,0,0,3.0,11.0,0,1388.0,844.0,0.6080691642651297,0.022585264254100495,29,0.20689655172413793,0.3448275862068966,1.5,1,39,0,0.0
1581,1980,Graduation,Married,37406.0,1,0,2013-10-10,18,2.0,0.0,8.0,2.0,2.0,3.0,1,1,0,2,8,0,0,0,0,0,0,3.0,11.0,1,17.0,7.0,0.4117647058823529,0.0004544725445115757,3,0.3333333333333333,0.0,0.125,1,34,0,0.0
564,1981,PhD,Together,56937.0,1,0,2012-04-08,81,746.0,8.0,125.0,11.0,8.0,8.0,7,8,6,9,6,0,1,0,0,0,0,3.0,11.0,1,906.0,762.0,0.8410596026490066,0.01591232414774224,23,0.34782608695652173,0.2608695652173913,1.3333333333333333,1,33,1,0.2
6619,1978,Graduation,Married,38415.0,1,1,2013-02-01,91,22.0,1.0,13.0,4.0,0.0,4.0,2,1,0,3,7,0,0,0,0,0,0,3.0,11.0,0,44.0,26.0,0.5909090909090909,0.001145385916959521,4,0.25,0.0,0.14285714285714285,2,36,0,0.0
9081,1988,Graduation,Single,20518.0,1,0,1970-01-01,58,4.0,1.0,6.0,4.0,1.0,9.0,1,1,1,2,5,0,0,0,0,0,0,3.0,11.0,0,25.0,14.0,0.56,0.0012184423433083146,4,0.25,0.25,0.2,1,26,0,0.0
178,1956,Graduation,Married,62503.0,0,1,1970-01-01,40,478.0,0.0,193.0,110.0,75.0,117.0,4,8,3,11,5,0,0,0,0,0,0,3.0,11.0,0,973.0,670.0,0.6885919835560124,0.01556725277186695,22,0.36363636363636365,0.13636363636363635,1.6,1,58,0,0.0
916,1972,PhD,Single,41644.0,1,1,2014-09-05,67,20.0,3.0,4.0,2.0,0.0,2.0,2,1,0,3,3,0,0,0,0,0,0,3.0,11.0,0,31.0,22.0,0.7096774193548387,0.0007444049562962251,4,0.25,0.0,0.3333333333333333,2,42,0,0.0
5512,1977,Master,Married,55842.0,0,1,1970-01-01,19,451.0,0.0,39.0,0.0,4.0,24.0,1,7,1,8,5,0,0,0,0,0,0,3.0,11.0,0,518.0,479.0,0.9247104247104247,0.009276172056874754,16,0.4375,0.0625,1.4,1,37,0,0.0
8970,1972,PhD,Married,62010.0,0,1,1970-01-01,93,371.0,22.0,39.0,6.0,0.0,92.0,4,6,2,7,5,0,0,0,0,0,0,3.0,11.0,0,530.0,463.0,0.8735849056603774,0.008547008547008548,15,0.4,0.13333333333333333,1.2,1,42,0,0.0
10581,1977,Graduation,Married,41124.0,1,0,1970-01-01,41,281.0,7.0,84.0,15.0,0.0,119.0,7,7,3,4,8,0,0,0,0,0,0,3.0,11.0,0,506.0,400.0,0.7905138339920948,0.012304250559284116,14,0.5,0.21428571428571427,0.875,1,37,0,0.0
5300,1973,Master,Married,38961.0,1,0,1970-01-01,60,19.0,7.0,19.0,0.0,1.0,24.0,1,2,1,2,7,0,0,0,0,0,0,3.0,11.0,0,70.0,44.0,0.6285714285714286,0.00179666846333513,5,0.4,0.2,0.2857142857142857,1,41,0,0.0
5154,1972,Master,Divorced,37760.0,1,0,2013-11-08,54,26.0,3.0,13.0,2.0,10.0,0.0,1,2,0,3,6,0,0,0,0,0,0,3.0,11.0,0,54.0,36.0,0.6666666666666666,0.0014300847457627119,5,0.4,0.0,0.3333333333333333,1,42,0,0.0
8346,1974,Graduation,Single,32233.0,1,0,1970-01-01,26,138.0,15.0,35.0,25.0,11.0,72.0,2,6,2,2,9,1,0,0,0,0,0,3.0,11.0,1,296.0,221.0,0.7466216216216216,0.00918313529612509,10,0.6,0.2,0.6666666666666666,1,40,1,0.2
1676,1975,Graduation,Married,43057.0,0,1,1970-01-01,30,213.0,2.0,44.0,0.0,2.0,5.0,4,4,2,5,5,0,0,0,0,0,0,3.0,11.0,0,266.0,220.0,0.8270676691729323,0.006177857258982279,11,0.36363636363636365,0.18181818181818182,0.8,1,39,0,0.0
9286,1960,Master,Together,83151.0,0,0,2012-10-10,93,407.0,28.0,100.0,120.0,74.0,18.0,1,5,9,4,3,0,0,0,0,0,0,3.0,11.0,0,747.0,499.0,0.6680053547523427,0.008983656239852799,18,0.2777777777777778,0.5,1.6666666666666667,0,54,0,0.0
2426,1964,PhD,Divorced,78825.0,0,0,1970-01-01,35,483.0,74.0,114.0,169.0,37.0,18.0,1,5,10,13,3,0,0,0,0,0,0,3.0,11.0,1,895.0,538.0,0.6011173184357542,0.011354265778623533,28,0.17857142857142858,0.35714285714285715,1.6666666666666667,0,50,0,0.0
5172,1976,Master,Together,65104.0,0,1,1970-01-01,4,738.0,0.0,232.0,13.0,20.0,50.0,2,3,5,7,7,0,0,0,0,0,0,3.0,11.0,0,1053.0,808.0,0.7673314339981007,0.016174121405750797,15,0.2,0.3333333333333333,0.42857142857142855,1,38,0,0.0
5562,1974,Graduation,Married,60093.0,0,1,1970-01-01,92,502.0,12.0,109.0,16.0,6.0,90.0,2,7,2,10,6,0,0,0,0,0,0,3.0,11.0,0,735.0,598.0,0.8136054421768707,0.012231041885078129,19,0.3684210526315789,0.10526315789473684,1.1666666666666667,1,40,0,0.0
3436,1969,Graduation,Married,14045.0,1,0,1970-01-01,24,11.0,0.0,5.0,2.0,1.0,1.0,1,1,0,3,7,0,0,0,0,0,0,3.0,11.0,0,20.0,13.0,0.65,0.001423994304022784,4,0.25,0.0,0.14285714285714285,1,45,0,0.0
3921,1952,2n Cycle,Widow,28457.0,0,0,1970-01-01,96,24.0,1.0,108.0,29.0,29.0,14.0,1,4,1,4,8,0,0,0,0,0,0,3.0,11.0,0,205.0,67.0,0.32682926829268294,0.007203851424956952,9,0.4444444444444444,0.1111111111111111,0.5,0,62,0,0.0
3403,1958,PhD,Together,78952.0,0,1,1970-01-01,11,1170.0,19.0,594.0,99.0,76.0,134.0,2,2,5,12,6,0,0,0,0,0,0,3.0,11.0,0,2092.0,1380.0,0.6596558317399618,0.026497112169419395,19,0.10526315789473684,0.2631578947368421,0.3333333333333333,1,56,0,0.0
22,1976,Graduation,Divorced,46310.0,1,0,2012-03-12,99,185.0,2.0,88.0,15.0,5.0,14.0,2,6,1,5,8,0,0,0,0,0,0,3.0,11.0,0,309.0,204.0,0.6601941747572816,0.0066724249622111854,12,0.5,0.08333333333333333,0.75,1,38,0,0.0
10965,1955,Graduation,Together,76005.0,0,0,1970-01-01,72,983.0,20.0,389.0,240.0,50.0,40.0,1,3,5,13,6,0,0,0,1,0,0,3.0,11.0,0,1722.0,1073.0,0.6231126596980255,0.022656404183935268,21,0.14285714285714285,0.23809523809523808,0.5,0,59,1,0.2
9426,1964,Master,Single,58308.0,0,1,2013-12-01,77,691.0,0.0,69.0,10.0,0.0,130.0,4,2,6,3,8,0,0,0,0,0,0,3.0,11.0,0,900.0,821.0,0.9122222222222223,0.015435274747890512,11,0.18181818181818182,0.5454545454545454,0.25,1,50,0,0.0
6605,1944,PhD,Divorced,55614.0,0,0,1970-01-01,85,504.0,13.0,131.0,8.0,0.0,26.0,1,9,4,6,7,0,1,0,0,0,0,3.0,11.0,0,682.0,530.0,0.7771260997067448,0.012263099219620958,19,0.47368421052631576,0.21052631578947367,1.2857142857142858,0,70,1,0.2
3136,1962,Master,Divorced,59432.0,0,1,1970-01-01,88,317.0,25.0,265.0,25.0,19.0,12.0,3,5,3,11,5,0,0,0,0,0,0,3.0,11.0,0,663.0,348.0,0.5248868778280543,0.011155606407322655,19,0.2631578947368421,0.15789473684210525,1.0,1,52,0,0.0
8737,1978,Graduation,Divorced,55563.0,0,1,2014-05-04,22,29.0,1.0,9.0,2.0,0.0,2.0,1,2,0,3,3,0,0,0,0,0,0,3.0,11.0,0,43.0,31.0,0.7209302325581395,0.0007738962978960819,5,0.4,0.0,0.6666666666666666,1,36,0,0.0
11088,1971,PhD,Together,78642.0,0,1,1970-01-01,83,1396.0,0.0,322.0,46.0,35.0,17.0,1,4,9,4,6,0,0,0,0,0,0,3.0,11.0,0,1816.0,1448.0,0.7973568281938326,0.02309198647033392,17,0.23529411764705882,0.5294117647058824,0.6666666666666666,1,43,0,0.0
716,1949,PhD,Together,67911.0,0,1,1970-01-01,63,529.0,0.0,356.0,63.0,28.0,0.0,3,6,7,11,3,0,0,0,0,0,0,3.0,11.0,0,976.0,557.0,0.5706967213114754,0.01437175126268204,24,0.25,0.2916666666666667,2.0,1,65,0,0.0
466,1944,Graduation,Married,65275.0,0,0,2013-03-04,9,388.0,14.0,218.0,91.0,14.0,21.0,1,4,3,13,2,0,0,0,0,0,0,3.0,11.0,0,746.0,423.0,0.5670241286863271,0.011428571428571429,20,0.2,0.15,2.0,0,70,0,0.0
9135,1950,Graduation,Together,27203.0,1,1,2012-06-08,92,13.0,2.0,21.0,4.0,0.0,24.0,2,1,1,2,8,0,0,0,0,0,0,3.0,11.0,0,64.0,37.0,0.578125,0.0023526816895195384,4,0.25,0.25,0.125,2,64,0,0.0
10623,1961,Master,Together,48330.0,0,1,1970-01-01,2,28.0,0.0,4.0,0.0,0.0,0.0,1,1,0,3,5,0,0,0,0,0,0,3.0,11.0,0,32.0,28.0,0.875,0.0006621146285950755,4,0.25,0.0,0.2,1,53,0,0.0
8151,1990,Basic,Married,24279.0,0,0,1970-01-01,6,16.0,36.0,21.0,20.0,62.0,108.0,1,4,1,3,8,0,0,0,0,0,0,3.0,11.0,0,263.0,186.0,0.7072243346007605,0.010832406606532395,8,0.5,0.125,0.5,0,24,0,0.0
5140,1985,PhD,Married,64355.0,1,0,1970-01-01,66,1047.0,0.0,140.0,67.0,38.0,153.0,2,4,3,12,8,0,0,0,0,0,0,3.0,11.0,0,1445.0,1238.0,0.8567474048442907,0.022453577810581927,19,0.21052631578947367,0.15789473684210525,0.5,1,29,0,0.0
10160,1956,Master,Together,50943.0,0,1,1970-01-01,49,31.0,0.0,7.0,2.0,0.0,6.0,1,1,0,3,5,0,0,0,0,0,0,3.0,11.0,0,46.0,37.0,0.8043478260869565,0.0009029699860628545,4,0.25,0.0,0.2,1,58,0,0.0
4945,1953,Graduation,Widow,53653.0,0,0,2012-07-11,29,815.0,10.0,239.0,28.0,10.0,108.0,2,10,4,12,6,0,0,0,0,0,0,3.0,11.0,0,1210.0,933.0,0.7710743801652893,0.02255232699010307,26,0.38461538461538464,0.15384615384615385,1.6666666666666667,0,61,0,0.0
10584,1976,Graduation,Married,65665.0,0,1,2013-02-12,77,225.0,162.0,387.0,106.0,36.0,29.0,1,5,10,8,3,0,0,0,0,0,0,3.0,11.0,0,945.0,290.0,0.30687830687830686,0.014391228203761517,23,0.21739130434782608,0.43478260869565216,1.6666666666666667,1,38,0,0.0
6071,1989,Graduation,Single,81217.0,0,0,1970-01-01,77,493.0,70.0,324.0,146.0,40.0,84.0,1,3,7,11,1,0,0,0,0,0,0,3.0,11.0,0,1157.0,617.0,0.533275713050994,0.014245785980767573,21,0.14285714285714285,0.3333333333333333,3.0,0,25,0,0.0
3386,1992,Graduation,Married,34935.0,0,0,1970-01-01,71,34.0,4.0,66.0,3.0,10.0,20.0,1,2,1,4,7,0,0,0,0,0,0,3.0,11.0,0,137.0,64.0,0.46715328467153283,0.00392156862745098,7,0.2857142857142857,0.14285714285714285,0.2857142857142857,0,22,0,0.0
8939,1959,Graduation,Divorced,61250.0,0,1,1970-01-01,49,382.0,138.0,65.0,60.0,26.0,59.0,6,5,2,12,5,0,0,0,0,0,0,3.0,11.0,0,730.0,467.0,0.6397260273972603,0.011918367346938775,19,0.2631578947368421,0.10526315789473684,1.0,1,55,0,0.0
9925,1981,PhD,Together,39665.0,1,0,1970-01-01,97,127.0,1.0,56.0,0.0,1.0,31.0,3,4,2,3,7,1,0,0,0,0,0,3.0,11.0,0,216.0,159.0,0.7361111111111112,0.005445606958275557,9,0.4444444444444444,0.2222222222222222,0.5714285714285714,1,33,1,0.2
4320,1979,Graduation,Single,60152.0,0,1,1970-01-01,6,325.0,83.0,300.0,86.0,58.0,91.0,1,6,4,12,3,0,0,0,0,0,0,3.0,11.0,0,943.0,474.0,0.5026511134676565,0.015676951722303496,22,0.2727272727272727,0.18181818181818182,2.0,1,35,0,0.0
5389,1964,Graduation,Married,48920.0,0,2,1970-01-01,93,238.0,17.0,68.0,8.0,10.0,6.0,3,6,2,5,7,0,1,0,0,0,0,3.0,11.0,0,347.0,254.0,0.7319884726224783,0.007093213409648406,13,0.46153846153846156,0.15384615384615385,0.8571428571428571,2,50,1,0.2
6036,1959,Master,Together,89120.0,0,0,1970-01-01,78,1168.0,92.0,408.0,72.0,129.0,55.0,1,5,6,7,1,0,0,1,0,0,0,3.0,11.0,0,1924.0,1352.0,0.7027027027027027,0.021588868940754038,18,0.2777777777777778,0.3333333333333333,5.0,0,55,1,0.2
182,1946,PhD,Together,44124.0,0,1,2013-11-05,62,284.0,0.0,55.0,0.0,6.0,52.0,4,6,2,5,8,0,0,0,0,0,0,3.0,11.0,0,397.0,342.0,0.8614609571788413,0.008997371045236152,13,0.46153846153846156,0.15384615384615385,0.75,1,68,0,0.0
203,1975,Master,Single,81169.0,0,0,1970-01-01,47,1288.0,20.0,613.0,80.0,61.0,27.0,1,5,7,9,2,0,0,0,0,0,0,3.0,11.0,0,2089.0,1376.0,0.6586883676400191,0.025736426468232945,21,0.23809523809523808,0.3333333333333333,2.5,0,39,0,0.0
11025,1961,Graduation,Married,36443.0,1,1,2013-03-02,9,65.0,0.0,46.0,4.0,3.0,20.0,4,3,1,3,8,0,0,0,0,0,0,3.0,11.0,0,138.0,88.0,0.6376811594202898,0.0037867354498806356,7,0.42857142857142855,0.14285714285714285,0.375,2,53,0,0.0
10203,1990,Graduation,Single,26095.0,1,0,1970-01-01,77,11.0,7.0,9.0,3.0,1.0,11.0,1,1,0,3,7,0,0,0,0,0,0,3.0,11.0,0,42.0,23.0,0.5476190476190477,0.0016095037363479594,4,0.25,0.0,0.14285714285714285,1,24,0,0.0
4607,1959,Graduation,Together,71367.0,0,0,1970-01-01,24,227.0,23.0,389.0,42.0,21.0,75.0,1,4,5,7,2,0,0,0,0,0,0,3.0,11.0,0,777.0,323.0,0.4157014157014157,0.010887384925806045,16,0.25,0.3125,2.0,0,55,0,0.0
3711,1944,Master,Married,80184.0,0,0,2014-01-03,19,1035.0,134.0,670.0,25.0,38.0,0.0,1,6,3,10,3,0,0,1,1,0,0,3.0,11.0,0,1902.0,1073.0,0.564143007360673,0.02372044298114337,19,0.3157894736842105,0.15789473684210525,2.0,0,70,2,0.4
3696,1965,Graduation,Divorced,30630.0,1,1,1970-01-01,67,27.0,1.0,12.0,2.0,0.0,10.0,2,2,0,3,7,0,0,0,0,0,0,3.0,11.0,0,52.0,37.0,0.7115384615384616,0.0016976820111002284,5,0.4,0.0,0.2857142857142857,2,49,0,0.0
2532,1987,Master,Single,73454.0,0,0,2014-01-03,95,982.0,73.0,351.0,56.0,14.0,175.0,1,2,4,6,5,1,0,0,0,0,0,3.0,11.0,0,1651.0,1171.0,0.709267110841914,0.02247665205434694,12,0.16666666666666666,0.3333333333333333,0.4,0,27,1,0.2
9214,1991,Graduation,Married,42691.0,0,0,1970-01-01,48,179.0,2.0,64.0,38.0,17.0,58.0,1,5,1,6,5,0,0,0,0,0,0,3.0,11.0,0,358.0,254.0,0.7094972067039106,0.008385842449228175,12,0.4166666666666667,0.08333333333333333,1.0,0,23,0,0.0
4943,1953,Graduation,Married,70503.0,0,0,1970-01-01,73,1379.0,33.0,216.0,0.0,33.0,66.0,1,2,4,9,6,0,1,1,0,0,0,3.0,11.0,0,1727.0,1478.0,0.855819339895773,0.02449541154277123,15,0.13333333333333333,0.26666666666666666,0.3333333333333333,0,61,2,0.4
35,1987,Graduation,Married,25545.0,1,0,2012-08-09,35,32.0,1.0,64.0,16.0,12.0,85.0,3,2,2,3,6,0,0,0,0,0,0,3.0,11.0,1,210.0,129.0,0.6142857142857143,0.008220786846741044,7,0.2857142857142857,0.2857142857142857,0.3333333333333333,1,27,0,0.0
2258,1986,Graduation,Married,32880.0,1,0,2012-04-12,76,8.0,4.0,15.0,7.0,6.0,2.0,1,1,0,3,8,0,0,0,0,0,0,3.0,11.0,0,42.0,16.0,0.38095238095238093,0.0012773722627737226,4,0.25,0.0,0.125,1,28,0,0.0
4322,1958,PhD,Together,77863.0,0,0,1970-01-01,20,881.0,38.0,319.0,16.0,25.0,12.0,1,4,5,10,2,0,0,0,0,0,0,3.0,11.0,0,1291.0,918.0,0.7110766847405112,0.0165804040429986,19,0.21052631578947367,0.2631578947368421,2.0,0,56,0,0.0
713,1977,Master,Married,50353.0,0,0,2014-08-06,72,141.0,15.0,153.0,67.0,31.0,35.0,1,4,4,6,3,0,0,0,0,0,0,3.0,11.0,0,442.0,207.0,0.4683257918552036,0.008778027128472981,14,0.2857142857142857,0.2857142857142857,1.3333333333333333,0,37,0,0.0
4702,1964,Graduation,Single,61839.0,0,0,2012-12-08,20,1000.0,155.0,379.0,224.0,17.0,120.0,1,4,8,4,8,0,0,0,0,0,0,3.0,11.0,0,1895.0,1137.0,0.6,0.030644091916104725,16,0.25,0.5,0.5,0,50,0,0.0
3281,1960,PhD,Married,49154.0,1,1,2013-03-11,69,206.0,10.0,67.0,30.0,27.0,71.0,6,4,1,8,6,0,0,0,0,0,0,3.0,11.0,0,411.0,304.0,0.7396593673965937,0.008361476176913374,13,0.3076923076923077,0.07692307692307693,0.6666666666666666,2,54,0,0.0
702,1975,2n Cycle,Widow,47682.0,0,1,1970-01-01,80,162.0,61.0,83.0,97.0,57.0,61.0,4,4,3,8,5,0,0,0,0,0,0,3.0,11.0,0,521.0,280.0,0.5374280230326296,0.010926555094165513,15,0.26666666666666666,0.2,0.8,1,39,0,0.0
2004,1969,Graduation,Single,72679.0,0,1,1970-01-01,65,619.0,54.0,260.0,127.0,54.0,54.0,1,4,7,5,1,0,0,0,0,0,0,3.0,11.0,0,1168.0,727.0,0.622431506849315,0.0160706669051583,16,0.25,0.4375,4.0,1,45,0,0.0
4769,1977,Master,Together,57954.0,1,1,1970-01-01,52,456.0,4.0,24.0,0.0,0.0,9.0,7,8,2,6,7,0,1,0,0,0,0,3.0,11.0,0,493.0,465.0,0.9432048681541582,0.008506746730165304,16,0.5,0.125,1.1428571428571428,2,37,1,0.2
4437,1962,Graduation,Married,65316.0,1,1,1970-01-01,65,112.0,6.0,92.0,3.0,9.0,38.0,2,3,2,5,4,0,0,0,0,0,0,3.0,11.0,0,260.0,159.0,0.6115384615384616,0.003980647927001041,10,0.3,0.2,0.75,2,52,0,0.0
8724,1982,Graduation,Single,28567.0,1,0,1970-01-01,57,11.0,3.0,22.0,2.0,2.0,6.0,2,2,0,3,6,0,0,0,0,0,0,3.0,11.0,0,46.0,19.0,0.41304347826086957,0.0016102495886862465,5,0.4,0.0,0.3333333333333333,1,32,0,0.0
10741,1951,Master,Together,47352.0,0,1,2013-11-04,70,172.0,12.0,112.0,8.0,0.0,15.0,4,6,1,5,7,0,0,0,0,0,0,3.0,11.0,0,319.0,187.0,0.5862068965517241,0.006736779861463085,12,0.5,0.08333333333333333,0.8571428571428571,1,63,0,0.0
1991,1967,Graduation,Together,44931.0,0,1,1970-01-01,0,78.0,0.0,11.0,0.0,0.0,7.0,1,2,1,3,5,0,0,0,0,0,0,3.0,11.0,0,96.0,85.0,0.8854166666666666,0.0021366094678507046,6,0.3333333333333333,0.16666666666666666,0.4,1,47,0,0.0
6931,1967,Graduation,Divorced,76982.0,0,0,1970-01-01,19,464.0,151.0,292.0,65.0,60.0,30.0,1,8,3,4,4,0,0,1,0,0,0,3.0,11.0,1,1062.0,554.0,0.5216572504708098,0.013795432698552908,15,0.5333333333333333,0.2,2.0,0,47,1,0.2
11096,1952,2n Cycle,Together,57247.0,0,1,2013-08-08,50,99.0,4.0,32.0,37.0,54.0,6.0,2,2,1,7,2,0,0,0,0,0,0,3.0,11.0,0,232.0,159.0,0.6853448275862069,0.0040526141107830975,10,0.2,0.1,1.0,1,62,0,0.0
304,1981,Master,Single,22944.0,1,0,1970-01-01,67,19.0,3.0,19.0,4.0,5.0,26.0,3,3,0,3,7,0,0,0,0,0,0,3.0,11.0,0,76.0,50.0,0.6578947368421053,0.003312412831241283,6,0.5,0.0,0.42857142857142855,1,33,0,0.0
3665,1977,2n Cycle,Together,25315.0,1,0,2013-07-11,46,1.0,9.0,8.0,11.0,3.0,22.0,3,3,0,3,8,0,0,0,0,0,0,3.0,11.0,0,54.0,26.0,0.48148148148148145,0.002133122654552637,6,0.5,0.0,0.375,1,37,0,0.0
10591,1969,Graduation,Widow,43638.0,0,1,2012-06-08,37,63.0,10.0,83.0,7.0,19.0,19.0,2,4,1,4,7,0,0,0,0,0,0,3.0,11.0,0,201.0,101.0,0.5024875621890548,0.0046060772721022965,9,0.4444444444444444,0.1111111111111111,0.5714285714285714,1,45,0,0.0
5036,1984,PhD,Single,42710.0,1,0,1970-01-01,38,252.0,3.0,42.0,4.0,3.0,102.0,2,4,5,3,6,0,0,0,0,0,0,3.0,11.0,0,406.0,357.0,0.8793103448275862,0.009505970498712246,12,0.3333333333333333,0.4166666666666667,0.6666666666666666,1,30,0,0.0
5547,1982,PhD,Married,84169.0,0,0,2013-07-08,9,1478.0,19.0,403.0,0.0,19.0,0.0,1,7,6,6,3,0,1,1,0,0,0,3.0,11.0,1,1919.0,1497.0,0.7800937988535696,0.02279936793831458,19,0.3684210526315789,0.3157894736842105,2.3333333333333335,0,32,2,0.4
7822,1976,Graduation,Together,54058.0,0,1,2013-04-06,56,198.0,18.0,252.0,32.0,108.0,54.0,2,4,6,8,3,0,0,0,0,0,0,3.0,11.0,0,662.0,360.0,0.5438066465256798,0.0122461060342595,18,0.2222222222222222,0.3333333333333333,1.3333333333333333,1,38,0,0.0
8541,1990,2n Cycle,Married,24683.0,1,0,2014-08-03,98,8.0,4.0,10.0,6.0,7.0,6.0,2,2,0,4,5,0,0,0,0,0,0,3.0,11.0,0,41.0,21.0,0.5121951219512195,0.0016610622695782523,6,0.3333333333333333,0.0,0.4,1,24,0,0.0
10955,1964,Graduation,Widow,85620.0,0,0,2014-07-01,68,416.0,46.0,925.0,60.0,107.0,46.0,1,3,6,4,1,0,0,0,0,0,0,3.0,11.0,1,1600.0,569.0,0.355625,0.01868722261153936,13,0.23076923076923078,0.46153846153846156,3.0,0,50,0,0.0
4368,1980,Graduation,Married,47850.0,1,0,2013-03-12,72,42.0,7.0,43.0,20.0,12.0,10.0,1,3,0,4,6,0,0,0,0,0,0,3.0,11.0,0,134.0,64.0,0.47761194029850745,0.002800417972831766,7,0.42857142857142855,0.0,0.5,1,34,0,0.0
9671,1968,Graduation,Married,19514.0,1,1,1970-01-01,47,14.0,3.0,21.0,2.0,1.0,28.0,4,3,1,2,8,1,0,0,0,0,0,3.0,11.0,1,69.0,43.0,0.6231884057971014,0.0035359229271292405,6,0.5,0.16666666666666666,0.375,2,46,1,0.2
2256,1973,Master,Married,27159.0,1,1,1970-01-01,33,17.0,0.0,3.0,0.0,0.0,1.0,2,1,0,3,6,0,0,0,0,0,0,3.0,11.0,0,21.0,18.0,0.8571428571428571,0.0007732243455208218,4,0.25,0.0,0.16666666666666666,2,41,0,0.0
4279,1963,2n Cycle,Single,39548.0,1,1,1970-01-01,87,15.0,4.0,10.0,3.0,4.0,18.0,2,1,1,3,3,0,0,0,0,0,0,3.0,11.0,0,54.0,37.0,0.6851851851851852,0.0013654293516739153,5,0.2,0.2,0.3333333333333333,2,51,0,0.0
5371,1989,Graduation,Single,21474.0,1,0,2014-08-04,0,6.0,16.0,24.0,11.0,0.0,34.0,2,3,1,2,7,1,0,0,0,0,0,3.0,11.0,1,91.0,40.0,0.43956043956043955,0.004237682779174816,6,0.5,0.16666666666666666,0.42857142857142855,1,25,1,0.2
9240,1971,PhD,Single,60504.0,0,1,2014-07-02,73,458.0,0.0,24.0,6.0,4.0,34.0,2,6,2,8,6,0,0,0,0,0,0,3.0,11.0,0,526.0,496.0,0.9429657794676806,0.00869364008991141,16,0.375,0.125,1.0,1,43,0,0.0
9460,1963,Graduation,Married,22419.0,0,0,1970-01-01,74,30.0,3.0,47.0,19.0,21.0,42.0,1,3,2,2,8,0,0,0,0,0,0,3.0,11.0,0,162.0,93.0,0.5740740740740741,0.0072260136491368926,7,0.42857142857142855,0.2857142857142857,0.375,0,51,0,0.0
9504,1949,Master,Married,81698.0,0,0,2013-06-11,4,179.0,28.0,520.0,111.0,123.0,47.0,1,3,8,13,1,0,0,0,0,0,0,3.0,11.0,1,1008.0,349.0,0.3462301587301587,0.012338123332272516,24,0.125,0.3333333333333333,3.0,0,65,0,0.0
8692,1952,Graduation,Together,43462.0,1,1,2012-12-09,50,90.0,17.0,97.0,15.0,6.0,15.0,6,4,1,5,8,0,0,0,0,0,0,3.0,11.0,0,240.0,111.0,0.4625,0.005522065252404399,10,0.4,0.1,0.5,2,62,0,0.0
448,1978,PhD,Single,54880.0,1,0,2013-01-03,57,308.0,85.0,137.0,102.0,45.0,118.0,2,6,2,11,5,0,0,0,0,0,0,3.0,11.0,0,795.0,471.0,0.5924528301886792,0.014486151603498542,19,0.3157894736842105,0.10526315789473684,1.2,1,36,0,0.0
8314,1982,Graduation,Married,79908.0,0,0,2013-05-04,30,557.0,129.0,761.0,29.0,185.0,111.0,1,5,6,7,2,0,0,1,0,0,0,3.0,11.0,0,1772.0,853.0,0.4813769751693002,0.022175501827101166,18,0.2777777777777778,0.3333333333333333,2.5,0,32,1,0.2
8420,1970,2n Cycle,Married,15315.0,0,0,2013-03-08,27,7.0,4.0,13.0,15.0,8.0,17.0,2,2,0,4,5,0,0,0,0,0,0,3.0,11.0,0,64.0,32.0,0.5,0.004178909565785178,6,0.3333333333333333,0.0,0.4,0,44,0,0.0
3174,1959,Graduation,Together,87771.0,0,1,1970-01-01,61,1492.0,38.0,287.0,50.0,57.0,33.0,1,5,10,4,6,0,1,1,1,1,0,3.0,11.0,1,1957.0,1582.0,0.8083801737353091,0.022296658349568763,19,0.2631578947368421,0.5263157894736842,0.8333333333333334,1,55,4,0.8
7685,1978,Graduation,Married,33039.0,1,0,2013-09-09,4,30.0,8.0,12.0,8.0,8.0,12.0,1,2,0,4,5,0,0,0,0,0,0,3.0,11.0,0,78.0,50.0,0.6410256410256411,0.002360846272586943,6,0.3333333333333333,0.0,0.4,1,36,0,0.0
3179,1980,Graduation,Single,81741.0,0,0,1970-01-01,75,249.0,153.0,940.0,58.0,134.0,38.0,0,6,6,7,2,0,0,0,0,0,0,3.0,11.0,0,1572.0,421.0,0.2678117048346056,0.01923147502477337,19,0.3157894736842105,0.3157894736842105,3.0,0,34,0,0.0
9780,1971,Master,Together,71499.0,0,1,1970-01-01,12,465.0,25.0,132.0,136.0,0.0,37.0,2,8,3,13,4,0,0,0,0,0,0,3.0,11.0,0,795.0,502.0,0.6314465408805031,0.011119036629882936,24,0.3333333333333333,0.125,2.0,1,43,0,0.0
10681,1970,2n Cycle,Married,62466.0,0,1,1970-01-01,13,129.0,129.0,259.0,168.0,121.0,83.0,5,6,3,12,4,0,0,0,0,0,0,3.0,11.0,0,889.0,333.0,0.374578177727784,0.01423174206768482,21,0.2857142857142857,0.14285714285714285,1.5,1,44,0,0.0
10232,1963,PhD,Divorced,48799.0,0,1,2013-05-11,9,174.0,18.0,81.0,28.0,6.0,24.0,3,3,2,7,3,0,0,0,0,0,0,3.0,11.0,0,331.0,204.0,0.6163141993957704,0.006782925879628681,12,0.25,0.16666666666666666,1.0,1,51,0,0.0
4184,1950,PhD,Together,52157.0,0,1,2014-07-06,48,189.0,2.0,29.0,3.0,2.0,40.0,2,3,2,5,4,0,0,0,0,0,0,3.0,11.0,0,265.0,231.0,0.8716981132075472,0.005080813697106812,10,0.3,0.2,0.75,1,64,0,0.0
9120,1962,Graduation,Single,66565.0,0,1,2012-05-12,80,747.0,10.0,161.0,65.0,40.0,42.0,4,4,2,9,8,0,0,0,0,0,0,3.0,11.0,0,1065.0,829.0,0.7784037558685446,0.015999399083602494,15,0.26666666666666666,0.13333333333333333,0.5,1,52,0,0.0
891,1951,Master,Together,29298.0,1,1,2013-07-09,60,6.0,0.0,2.0,2.0,0.0,1.0,1,1,0,2,5,0,0,0,0,0,0,3.0,11.0,0,11.0,7.0,0.6363636363636364,0.00037545224930029354,3,0.3333333333333333,0.0,0.2,2,63,0,0.0
10381,1979,Graduation,Single,47691.0,0,1,2013-05-07,43,14.0,0.0,3.0,0.0,0.0,4.0,1,1,0,2,6,0,0,0,0,0,0,3.0,11.0,0,21.0,18.0,0.8571428571428571,0.00044033465433729633,3,0.3333333333333333,0.0,0.16666666666666666,1,35,0,0.0
3525,1970,Graduation,Together,38200.0,1,1,2012-07-12,19,12.0,0.0,4.0,0.0,0.0,1.0,1,1,0,2,7,0,0,0,0,0,0,3.0,11.0,0,17.0,13.0,0.7647058823529411,0.0004450261780104712,3,0.3333333333333333,0.0,0.14285714285714285,2,44,0,0.0
6818,1974,Graduation,Married,44989.0,0,1,2012-12-09,26,98.0,0.0,106.0,49.0,10.0,106.0,5,5,1,5,6,0,0,0,0,0,0,3.0,11.0,0,369.0,214.0,0.5799457994579946,0.008202004934539554,11,0.45454545454545453,0.09090909090909091,0.8333333333333334,1,40,0,0.0
3526,1968,PhD,Married,38443.0,1,1,1970-01-01,58,32.0,0.0,5.0,0.0,0.0,1.0,2,1,0,3,7,0,0,0,0,0,0,3.0,11.0,0,38.0,33.0,0.868421052631579,0.0009884764456468019,4,0.25,0.0,0.14285714285714285,2,46,0,0.0
8181,1978,2n Cycle,Single,38593.0,1,0,1970-01-01,42,51.0,12.0,49.0,17.0,24.0,24.0,3,4,1,3,8,0,0,0,0,0,0,3.0,11.0,0,177.0,99.0,0.559322033898305,0.004586323944756821,8,0.5,0.125,0.5,1,36,0,0.0
1029,1970,PhD,Together,64413.0,0,1,2013-01-08,27,200.0,5.0,44.0,0.0,10.0,20.0,1,5,1,5,5,0,0,0,0,0,0,3.0,11.0,0,279.0,230.0,0.8243727598566308,0.00433142378091379,11,0.45454545454545453,0.09090909090909091,1.0,1,44,0,0.0
7369,1981,Master,Married,36959.0,1,0,2013-02-10,56,25.0,6.0,25.0,6.0,0.0,0.0,2,2,0,3,8,0,0,0,0,0,0,3.0,11.0,0,62.0,25.0,0.4032258064516129,0.0016775345653291486,5,0.4,0.0,0.25,1,33,0,0.0
2574,1977,PhD,Married,61996.0,0,1,1970-01-01,27,1050.0,12.0,144.0,0.0,0.0,24.0,3,6,4,8,5,0,1,0,1,1,0,3.0,11.0,1,1230.0,1074.0,0.8731707317073171,0.01983998967675334,18,0.3333333333333333,0.2222222222222222,1.2,1,37,3,0.6
8159,1968,Graduation,Married,51287.0,1,1,2014-01-04,10,117.0,0.0,22.0,13.0,0.0,30.0,3,4,1,3,7,0,0,0,0,0,0,3.0,11.0,0,182.0,147.0,0.8076923076923077,0.003548657554545986,8,0.5,0.125,0.5714285714285714,2,46,0,0.0
1160,1970,Graduation,Married,13260.0,1,1,1970-01-01,48,9.0,4.0,17.0,10.0,2.0,7.0,4,3,0,3,8,0,0,0,0,0,0,3.0,11.0,0,49.0,18.0,0.3673469387755102,0.0036953242835595776,6,0.5,0.0,0.375,2,44,0,0.0
10242,1966,PhD,Together,47472.0,1,1,1970-01-01,39,56.0,0.0,11.0,0.0,0.0,8.0,2,2,0,4,5,0,0,0,0,0,0,3.0,11.0,0,75.0,64.0,0.8533333333333334,0.0015798786653185035,6,0.3333333333333333,0.0,0.4,2,48,0,0.0
5253,1956,Master,Together,54603.0,1,1,2013-09-07,85,145.0,13.0,46.0,17.0,2.0,4.0,6,4,2,4,7,0,0,0,0,0,0,3.0,11.0,0,227.0,151.0,0.6651982378854625,0.004157280735490724,10,0.4,0.2,0.5714285714285714,2,58,0,0.0
5966,1974,PhD,Married,45207.0,1,1,2012-10-11,64,203.0,0.0,10.0,0.0,0.0,2.0,5,3,1,6,6,0,1,0,0,0,0,3.0,11.0,0,215.0,205.0,0.9534883720930233,0.0047559006348574335,10,0.3,0.1,0.5,2,40,1,0.2
5314,1951,Graduation,Together,40689.0,0,1,1970-01-01,69,270.0,3.0,27.0,39.0,6.0,99.0,7,7,1,5,8,0,0,0,0,0,0,3.0,11.0,0,444.0,375.0,0.8445945945945946,0.010912040109120402,13,0.5384615384615384,0.07692307692307693,0.875,1,63,0,0.0
5081,1967,2n Cycle,Together,47821.0,1,1,1970-01-01,54,9.0,0.0,16.0,6.0,6.0,10.0,1,1,0,3,8,0,0,0,0,0,0,3.0,11.0,0,47.0,25.0,0.5319148936170213,0.0009828318102925494,4,0.25,0.0,0.125,2,47,0,0.0
5123,1951,Master,Married,27450.0,0,0,1970-01-01,57,37.0,12.0,23.0,8.0,11.0,52.0,1,2,1,3,7,0,0,0,0,0,0,3.0,11.0,0,143.0,100.0,0.6993006993006993,0.0052094717668488165,6,0.3333333333333333,0.16666666666666666,0.2857142857142857,0,63,0,0.0
5756,1983,Graduation,Together,39453.0,1,0,2014-03-04,64,46.0,0.0,7.0,0.0,0.0,2.0,2,2,0,3,6,0,0,0,0,0,0,3.0,11.0,0,55.0,48.0,0.8727272727272727,0.0013940638227764681,5,0.4,0.0,0.3333333333333333,1,31,0,0.0
8036,1971,2n Cycle,Together,26850.0,1,1,1970-01-01,10,31.0,1.0,13.0,7.0,2.0,9.0,4,2,1,4,4,0,0,0,0,0,0,3.0,11.0,0,63.0,42.0,0.6666666666666666,0.0023463687150837987,7,0.2857142857142857,0.14285714285714285,0.5,2,43,0,0.0
9058,1955,Graduation,Widow,79800.0,0,0,1970-01-01,65,1060.0,21.0,530.0,32.0,0.0,224.0,1,5,11,5,3,1,0,1,1,0,0,3.0,11.0,1,1867.0,1284.0,0.6877343331547938,0.02339598997493734,21,0.23809523809523808,0.5238095238095238,1.6666666666666667,0,59,3,0.6
5057,1961,Master,Married,61794.0,0,1,1970-01-01,74,264.0,47.0,188.0,54.0,47.0,11.0,2,4,4,10,2,0,0,0,0,0,0,3.0,11.0,0,611.0,322.0,0.5270049099836334,0.00988769136162087,18,0.2222222222222222,0.2222222222222222,2.0,1,53,0,0.0
254,1955,Graduation,Together,53863.0,0,1,1970-01-01,4,399.0,4.0,30.0,6.0,4.0,30.0,3,7,1,7,7,0,1,0,0,0,0,3.0,11.0,0,473.0,433.0,0.9154334038054969,0.008781538347288492,15,0.4666666666666667,0.06666666666666667,1.0,1,59,1,0.2
4179,1959,Graduation,Together,24221.0,0,0,1970-01-01,94,8.0,9.0,9.0,2.0,5.0,22.0,1,1,1,3,4,0,0,0,0,0,0,3.0,11.0,0,55.0,35.0,0.6363636363636364,0.0022707567813054787,5,0.2,0.2,0.25,0,55,0,0.0
3710,1984,PhD,Single,39684.0,1,0,2012-12-10,41,19.0,0.0,35.0,6.0,4.0,17.0,2,2,1,2,7,0,0,0,0,0,1,3.0,11.0,1,81.0,40.0,0.49382716049382713,0.002041124886604173,5,0.4,0.2,0.2857142857142857,1,30,0,0.0
7627,1975,Master,Married,92163.0,0,0,2012-12-12,25,817.0,183.0,797.0,106.0,163.0,20.0,0,5,11,5,2,0,0,1,1,0,0,3.0,11.0,1,2086.0,1000.0,0.4793863854266539,0.02263381183338216,21,0.23809523809523808,0.5238095238095238,2.5,0,39,2,0.4
4501,1965,Master,Single,69882.0,0,0,2013-10-11,94,292.0,127.0,635.0,132.0,127.0,165.0,1,3,7,9,1,0,0,0,0,0,0,3.0,11.0,0,1478.0,584.0,0.395128552097429,0.0211499384677027,19,0.15789473684210525,0.3684210526315789,3.0,0,49,0,0.0
6424,1977,Graduation,Together,33178.0,1,0,1970-01-01,9,12.0,6.0,2.0,11.0,2.0,16.0,1,1,0,3,4,0,0,0,0,0,0,3.0,11.0,0,49.0,30.0,0.6122448979591837,0.0014768822713846525,4,0.25,0.0,0.25,1,37,0,0.0
3075,1972,PhD,Married,59973.0,0,0,2013-11-09,47,130.0,30.0,168.0,20.0,34.0,0.0,1,3,4,7,1,0,0,0,0,0,0,3.0,11.0,0,382.0,164.0,0.4293193717277487,0.0063695329564970905,14,0.21428571428571427,0.2857142857142857,3.0,0,42,0,0.0
4992,1975,Master,Together,17459.0,1,0,1970-01-01,12,6.0,4.0,16.0,3.0,10.0,30.0,3,3,1,2,7,0,0,0,0,0,0,3.0,11.0,1,69.0,46.0,0.6666666666666666,0.0039521163869637435,6,0.5,0.16666666666666666,0.42857142857142855,1,39,0,0.0
5252,1969,Graduation,Divorced,23910.0,1,0,1970-01-01,80,16.0,12.0,18.0,7.0,1.0,13.0,1,2,0,3,7,0,0,0,0,0,0,3.0,11.0,0,67.0,30.0,0.44776119402985076,0.0028021748222501045,5,0.4,0.0,0.2857142857142857,1,45,0,0.0
7444,1969,Master,Married,42169.0,1,1,1970-01-01,20,19.0,0.0,9.0,0.0,0.0,2.0,2,1,0,3,8,0,0,0,0,0,0,3.0,11.0,0,30.0,21.0,0.7,0.0007114230833076431,4,0.25,0.0,0.125,2,45,0,0.0
6919,1978,2n Cycle,Married,26224.0,1,0,2013-04-06,39,4.0,7.0,15.0,13.0,9.0,15.0,3,2,1,3,6,0,0,0,0,0,0,3.0,11.0,0,63.0,28.0,0.4444444444444444,0.002402379499694936,6,0.3333333333333333,0.16666666666666666,0.3333333333333333,1,36,0,0.0
3537,1981,Graduation,Together,31089.0,1,0,1970-01-01,57,31.0,3.0,31.0,2.0,8.0,4.0,3,3,0,4,8,0,0,0,0,0,0,3.0,11.0,0,79.0,43.0,0.5443037974683544,0.002541091704461385,7,0.42857142857142855,0.0,0.375,1,33,0,0.0
10277,1961,Graduation,Single,30081.0,0,1,1970-01-01,27,36.0,0.0,2.0,0.0,0.0,4.0,1,1,0,3,7,0,0,0,0,0,0,3.0,11.0,0,42.0,40.0,0.9523809523809523,0.0013962301785180014,4,0.25,0.0,0.14285714285714285,1,53,0,0.0
2453,1960,Graduation,Together,62807.0,0,1,1970-01-01,83,526.0,28.0,135.0,10.0,21.0,99.0,3,5,3,12,5,0,0,0,0,0,0,3.0,11.0,0,819.0,646.0,0.7887667887667887,0.013039947776521725,20,0.25,0.15,1.0,1,54,0,0.0
7972,1955,Graduation,Single,72906.0,0,0,1970-01-01,79,400.0,32.0,519.0,71.0,75.0,54.0,1,3,4,9,1,0,0,0,0,0,0,3.0,11.0,0,1151.0,529.0,0.4596003475238923,0.015787452335884564,16,0.1875,0.25,3.0,0,59,0,0.0
895,1948,PhD,Married,61467.0,0,2,2012-09-12,69,410.0,16.0,114.0,0.0,5.0,49.0,3,5,2,10,5,0,0,0,0,0,0,3.0,11.0,0,594.0,464.0,0.7811447811447811,0.009663721997169212,17,0.29411764705882354,0.11764705882352941,1.0,2,66,0,0.0
1177,1966,Master,Together,49618.0,1,1,1970-01-01,77,80.0,3.0,26.0,4.0,2.0,14.0,4,3,1,3,7,0,0,0,0,0,0,3.0,11.0,0,129.0,96.0,0.7441860465116279,0.002599862952960619,7,0.42857142857142855,0.14285714285714285,0.42857142857142855,2,48,0,0.0
7141,1986,Master,Single,21888.0,1,0,1970-01-01,15,88.0,10.0,46.0,2.0,3.0,64.0,4,5,1,2,10,0,0,0,0,0,0,3.0,11.0,1,213.0,155.0,0.7276995305164319,0.009731359649122808,8,0.625,0.125,0.5,1,28,0,0.0
7232,1973,Graduation,Widow,42429.0,0,1,2014-11-02,99,55.0,0.0,6.0,2.0,0.0,4.0,2,1,1,3,5,0,0,0,0,0,0,3.0,11.0,0,67.0,59.0,0.8805970149253731,0.0015791086285323716,5,0.2,0.2,0.2,1,41,0,0.0
8477,1956,Graduation,Divorced,26150.0,2,1,2013-11-03,61,5.0,1.0,13.0,3.0,5.0,1.0,1,1,0,3,7,0,0,0,0,0,0,3.0,11.0,0,28.0,11.0,0.39285714285714285,0.0010707456978967496,4,0.25,0.0,0.14285714285714285,3,58,0,0.0
2457,1975,Basic,Married,30801.0,0,1,1970-01-01,23,8.0,4.0,5.0,15.0,2.0,11.0,2,1,0,3,7,0,0,0,0,0,0,3.0,11.0,0,45.0,21.0,0.4666666666666667,0.0014609915262491478,4,0.25,0.0,0.14285714285714285,1,39,0,0.0
988,1965,Graduation,Married,81168.0,0,0,2014-07-05,84,410.0,0.0,592.0,147.0,22.0,22.0,1,6,4,7,3,0,0,0,1,0,0,3.0,11.0,0,1193.0,454.0,0.38055322715842416,0.014697910506603587,17,0.35294117647058826,0.23529411764705882,2.0,0,49,1,0.2
7930,1969,Master,Single,26877.0,0,0,1970-01-01,74,101.0,13.0,76.0,20.0,18.0,40.0,2,3,1,6,6,0,0,0,0,0,0,3.0,11.0,0,268.0,159.0,0.5932835820895522,0.009971350969230196,10,0.3,0.1,0.5,0,45,0,0.0
4587,1944,Master,Widow,45006.0,0,0,1970-01-01,90,162.0,25.0,53.0,16.0,0.0,10.0,1,3,1,7,3,0,0,0,0,0,0,3.0,11.0,0,266.0,172.0,0.6466165413533834,0.005910323068035373,11,0.2727272727272727,0.09090909090909091,1.0,0,70,0,0.0
6682,1973,Basic,Married,18978.0,1,0,2012-11-12,41,2.0,8.0,1.0,4.0,7.0,15.0,1,1,0,3,8,0,0,0,0,0,0,3.0,11.0,0,37.0,24.0,0.6486486486486487,0.0019496258826009064,4,0.25,0.0,0.125,1,41,0,0.0
6222,1967,Graduation,Married,22574.0,2,1,1970-01-01,28,25.0,0.0,8.0,2.0,0.0,2.0,2,2,0,3,7,0,0,0,0,0,0,3.0,11.0,0,37.0,27.0,0.7297297297297297,0.0016390537786834412,5,0.4,0.0,0.2857142857142857,3,47,0,0.0
10299,1969,PhD,Single,48240.0,0,0,2012-09-11,73,389.0,91.0,248.0,64.0,49.0,41.0,3,6,3,13,5,0,0,0,0,0,0,3.0,11.0,1,882.0,479.0,0.5430839002267573,0.01828358208955224,22,0.2727272727272727,0.13636363636363635,1.2,0,45,0,0.0
3083,1974,Graduation,Married,45837.0,1,1,1970-01-01,88,215.0,13.0,87.0,17.0,17.0,24.0,5,6,2,5,7,0,0,0,0,0,0,3.0,11.0,0,373.0,256.0,0.6863270777479893,0.00813753081571656,13,0.46153846153846156,0.15384615384615385,0.8571428571428571,2,40,0,0.0
8953,1965,Master,Single,35791.0,2,1,2013-06-05,94,27.0,0.0,5.0,0.0,0.0,3.0,2,1,0,3,8,0,0,0,0,0,0,3.0,11.0,0,35.0,30.0,0.8571428571428571,0.0009778994719342852,4,0.25,0.0,0.125,3,49,0,0.0
1503,1976,PhD,Together,162397.0,1,1,2013-03-06,31,85.0,1.0,16.0,2.0,1.0,2.0,0,0,0,1,1,0,0,0,0,0,0,3.0,11.0,0,107.0,88.0,0.822429906542056,0.0006588791664870657,1,0.0,0.0,0.0,2,38,0,0.0
8650,1978,Graduation,Widow,54162.0,1,1,1970-01-01,31,5.0,6.0,10.0,6.0,5.0,10.0,1,1,0,3,4,0,0,0,0,0,0,3.0,11.0,0,42.0,20.0,0.47619047619047616,0.000775451423507256,4,0.25,0.0,0.25,2,36,0,0.0
10862,1960,Master,Married,30522.0,0,1,1970-01-01,6,179.0,8.0,83.0,19.0,11.0,26.0,5,1,2,9,2,0,0,0,0,0,0,3.0,11.0,0,326.0,216.0,0.6625766871165644,0.010680820391848502,12,0.08333333333333333,0.16666666666666666,0.5,1,54,0,0.0
2782,1961,PhD,Married,54456.0,0,1,2013-11-07,23,352.0,0.0,27.0,10.0,0.0,15.0,3,6,1,7,6,0,0,0,0,0,0,3.0,11.0,0,404.0,367.0,0.9084158415841584,0.007418833553694726,14,0.42857142857142855,0.07142857142857142,1.0,1,53,0,0.0
6941,1971,Graduation,Single,31632.0,0,0,1970-01-01,92,17.0,8.0,12.0,11.0,15.0,32.0,1,2,1,2,7,0,0,0,0,0,0,3.0,11.0,0,95.0,64.0,0.6736842105263158,0.0030032878098128477,5,0.4,0.2,0.2857142857142857,0,43,0,0.0
10972,1949,Graduation,Widow,72298.0,0,0,2014-10-03,52,625.0,35.0,169.0,58.0,17.0,35.0,1,4,3,6,1,0,1,1,0,0,0,3.0,11.0,0,939.0,677.0,0.7209797657082002,0.012987911145536529,13,0.3076923076923077,0.23076923076923078,4.0,0,65,2,0.4
10708,1978,2n Cycle,Single,36975.0,1,0,1970-01-01,50,10.0,6.0,11.0,0.0,4.0,2.0,1,1,0,3,7,0,0,0,0,0,0,3.0,11.0,0,33.0,16.0,0.48484848484848486,0.0008924949290060852,4,0.25,0.0,0.14285714285714285,1,36,0,0.0
6583,1955,2n Cycle,Married,72635.0,0,0,2013-03-06,54,390.0,22.0,323.0,104.0,35.0,107.0,1,6,8,6,3,0,0,0,1,0,0,3.0,11.0,0,981.0,532.0,0.5423037716615698,0.013505885592345288,20,0.3,0.4,2.0,0,59,1,0.2
3641,1976,Graduation,Married,13624.0,1,0,1970-01-01,93,10.0,2.0,15.0,2.0,1.0,6.0,2,2,0,3,6,0,0,0,0,0,0,3.0,11.0,0,36.0,17.0,0.4722222222222222,0.0026423957721667646,5,0.4,0.0,0.3333333333333333,1,38,0,0.0
10156,1975,Graduation,Single,84196.0,0,1,2013-03-06,56,215.0,63.0,507.0,231.0,31.0,190.0,1,8,4,7,3,0,0,0,0,0,0,3.0,11.0,0,1237.0,436.0,0.35246564268391267,0.014691909354363628,19,0.42105263157894735,0.21052631578947367,2.6666666666666665,1,39,0,0.0
4299,1960,Graduation,Together,70971.0,0,1,1970-01-01,28,1001.0,17.0,572.0,93.0,125.0,17.0,7,11,11,5,7,0,0,0,0,0,0,3.0,11.0,1,1825.0,1143.0,0.6263013698630137,0.025714728551098336,27,0.4074074074074074,0.4074074074074074,1.5714285714285714,1,54,0,0.0
3469,1977,PhD,Divorced,34487.0,1,1,2012-06-09,94,19.0,18.0,33.0,24.0,1.0,8.0,3,3,0,3,9,0,0,0,0,0,0,3.0,11.0,0,103.0,28.0,0.27184466019417475,0.0029866326441847653,6,0.5,0.0,0.3333333333333333,2,37,0,0.0
5063,1977,Graduation,Single,28769.0,1,0,1970-01-01,76,41.0,5.0,129.0,10.0,3.0,3.0,3,4,1,4,9,0,0,0,0,0,0,3.0,11.0,0,191.0,47.0,0.24607329842931938,0.006639090687893218,9,0.4444444444444444,0.1111111111111111,0.4444444444444444,1,37,0,0.0
10727,1970,PhD,Married,69084.0,1,0,1970-01-01,43,1181.0,107.0,199.0,39.0,30.0,30.0,2,7,3,13,8,0,0,0,0,0,0,3.0,11.0,0,1586.0,1241.0,0.7824716267339218,0.022957558913786116,23,0.30434782608695654,0.13043478260869565,0.875,1,44,0,0.0
9624,1958,PhD,Together,65488.0,0,0,1970-01-01,46,603.0,45.0,207.0,36.0,18.0,54.0,1,3,4,6,1,0,0,0,0,0,0,3.0,11.0,0,963.0,675.0,0.7009345794392523,0.01470498411922795,13,0.23076923076923078,0.3076923076923077,3.0,0,56,0,0.0
5156,1970,2n Cycle,Married,62466.0,0,1,1970-01-01,13,129.0,129.0,259.0,168.0,121.0,83.0,5,6,3,12,4,0,0,0,0,0,0,3.0,11.0,0,889.0,333.0,0.374578177727784,0.01423174206768482,21,0.2857142857142857,0.14285714285714285,1.5,1,44,0,0.0
4376,1960,2n Cycle,Single,32218.0,0,0,1970-01-01,27,10.0,24.0,15.0,13.0,1.0,30.0,1,2,1,3,7,1,0,0,0,0,0,3.0,11.0,1,93.0,41.0,0.44086021505376344,0.002886585138742318,6,0.3333333333333333,0.16666666666666666,0.2857142857142857,0,54,1,0.2
8923,1973,Graduation,Single,83917.0,0,0,1970-01-01,12,514.0,22.0,732.0,42.0,198.0,79.0,1,6,7,7,3,0,0,0,0,0,0,3.0,11.0,1,1587.0,791.0,0.4984247006931317,0.018911543548982925,20,0.3,0.35,2.0,0,41,0,0.0
8461,1962,Graduation,Divorced,46102.0,2,1,2014-10-03,3,14.0,0.0,1.0,0.0,0.0,1.0,1,1,0,2,7,0,0,0,0,0,0,3.0,11.0,0,16.0,15.0,0.9375,0.0003470565268318077,3,0.3333333333333333,0.0,0.14285714285714285,3,52,0,0.0
6945,1952,Graduation,Single,84574.0,0,0,2013-04-06,72,387.0,20.0,713.0,38.0,54.0,163.0,1,9,11,11,5,0,0,0,0,0,0,3.0,11.0,0,1375.0,604.0,0.43927272727272726,0.01625795161633599,31,0.2903225806451613,0.3548387096774194,1.8,0,62,0,0.0
944,1962,Graduation,Married,56181.0,0,1,2013-08-01,6,121.0,103.0,69.0,8.0,44.0,48.0,1,4,2,7,4,0,0,0,0,0,0,3.0,11.0,0,393.0,213.0,0.5419847328244275,0.006995247503604422,13,0.3076923076923077,0.15384615384615385,1.0,1,52,0,0.0
1907,1950,Master,Divorced,63120.0,0,1,1970-01-01,53,965.0,69.0,279.0,54.0,41.0,69.0,5,8,4,9,7,0,0,0,0,0,0,3.0,11.0,1,1477.0,1075.0,0.7278266756939743,0.023399873257287707,21,0.38095238095238093,0.19047619047619047,1.1428571428571428,1,64,0,0.0
701,1971,Graduation,Married,73691.0,0,1,2013-06-11,58,707.0,21.0,250.0,85.0,43.0,73.0,2,6,2,8,2,1,0,0,0,0,0,3.0,11.0,0,1179.0,823.0,0.6980491942324003,0.015999240070022118,16,0.375,0.125,3.0,1,43,1,0.2
3856,1960,Graduation,Together,63381.0,0,1,2012-05-10,78,571.0,50.0,142.0,33.0,50.0,159.0,4,4,5,13,2,0,0,0,0,0,0,3.0,11.0,0,1005.0,780.0,0.7761194029850746,0.015856486959814457,22,0.18181818181818182,0.22727272727272727,2.0,1,54,0,0.0
4149,1948,PhD,Together,76140.0,0,0,1970-01-01,57,586.0,66.0,653.0,17.0,0.0,26.0,1,5,9,6,2,0,0,0,0,0,0,3.0,11.0,0,1348.0,612.0,0.4540059347181009,0.017704229051746782,20,0.25,0.45,2.5,0,66,0,0.0
2131,1959,PhD,Divorced,62859.0,0,1,1970-01-01,37,1063.0,89.0,102.0,16.0,12.0,25.0,4,9,4,6,6,0,0,0,0,0,0,3.0,11.0,0,1307.0,1100.0,0.8416220351951033,0.02079256749232409,19,0.47368421052631576,0.21052631578947367,1.5,1,55,0,0.0
2942,1964,Graduation,Single,45906.0,0,1,2013-07-05,20,305.0,3.0,27.0,4.0,3.0,144.0,2,5,4,4,5,1,0,0,0,0,0,3.0,11.0,0,486.0,452.0,0.9300411522633745,0.010586851391974905,13,0.38461538461538464,0.3076923076923077,1.0,1,50,1,0.2
1173,1947,Master,Together,77632.0,0,0,2013-10-03,73,1200.0,105.0,758.0,0.0,42.0,147.0,1,4,2,6,2,0,1,1,0,0,0,3.0,11.0,1,2252.0,1389.0,0.616785079928952,0.029008656224237428,12,0.3333333333333333,0.16666666666666666,2.0,0,67,2,0.4
4381,1971,PhD,Married,46463.0,1,1,1970-01-01,56,163.0,2.0,40.0,8.0,11.0,11.0,7,3,1,6,6,0,0,0,0,0,0,3.0,11.0,0,235.0,185.0,0.7872340425531915,0.0050577879172675035,10,0.3,0.1,0.5,2,43,0,0.0
4611,1970,Graduation,Together,105471.0,0,0,1970-01-01,36,1009.0,181.0,104.0,202.0,21.0,207.0,0,9,8,13,3,0,0,1,1,0,0,3.0,11.0,1,1724.0,1237.0,0.7175174013921114,0.01634572536526628,30,0.3,0.26666666666666666,3.0,0,44,2,0.4
3376,1970,Master,Divorced,55282.0,1,0,1970-01-01,9,125.0,6.0,73.0,8.0,4.0,19.0,1,3,1,6,4,0,0,0,0,0,0,3.0,11.0,0,235.0,148.0,0.6297872340425532,0.004250931587135053,10,0.3,0.1,0.75,1,44,0,0.0
4679,1977,Master,Married,78710.0,0,1,1970-01-01,42,721.0,0.0,152.0,119.0,50.0,50.0,3,7,6,12,4,0,0,0,0,0,0,3.0,11.0,0,1092.0,821.0,0.7518315018315018,0.013873713632321179,25,0.28,0.24,1.75,1,37,0,0.0
10928,1958,Graduation,Together,66886.0,0,1,1970-01-01,28,315.0,4.0,62.0,41.0,31.0,146.0,2,7,1,7,5,0,0,0,0,0,0,3.0,11.0,0,599.0,492.0,0.8213689482470785,0.008955536285620309,15,0.4666666666666667,0.06666666666666667,1.4,1,56,0,0.0
4248,1960,Master,Single,98777.0,0,0,1970-01-01,23,1000.0,19.0,711.0,125.0,115.0,38.0,0,4,6,9,1,0,1,0,0,0,0,3.0,11.0,0,2008.0,1153.0,0.5742031872509961,0.020328619010498396,19,0.21052631578947367,0.3157894736842105,4.0,0,54,1,0.2
6728,1985,Graduation,Together,29103.0,1,0,1970-01-01,38,16.0,0.0,17.0,6.0,3.0,6.0,2,1,0,3,9,0,0,0,0,0,0,3.0,11.0,0,48.0,25.0,0.5208333333333334,0.0016493145036594165,4,0.25,0.0,0.1111111111111111,1,29,0,0.0
6661,1974,Graduation,Married,67445.0,0,1,2012-12-08,63,757.0,80.0,217.0,29.0,80.0,11.0,5,9,6,12,6,0,0,0,0,0,0,3.0,11.0,0,1174.0,848.0,0.7223168654173765,0.01740677589146712,27,0.3333333333333333,0.2222222222222222,1.5,1,40,0,0.0
4725,1950,PhD,Together,50616.0,0,1,1970-01-01,71,30.0,2.0,25.0,0.0,1.0,9.0,1,1,1,4,2,0,0,0,0,0,0,3.0,11.0,0,67.0,40.0,0.5970149253731343,0.0013236921131657973,6,0.16666666666666666,0.16666666666666666,0.5,1,64,0,0.0
3277,1955,Graduation,Divorced,49431.0,0,1,2012-03-08,9,219.0,3.0,100.0,26.0,0.0,17.0,2,7,1,5,8,0,0,0,0,0,0,3.0,11.0,0,365.0,236.0,0.6465753424657534,0.0073840302644089745,13,0.5384615384615384,0.07692307692307693,0.875,1,59,0,0.0
5555,1975,Graduation,Divorced,153924.0,0,0,2014-07-02,81,1.0,1.0,1.0,1.0,1.0,1.0,0,0,0,0,0,0,0,0,0,0,0,3.0,11.0,0,6.0,3.0,0.5,3.898027598035394e-05,0,,,,0,39,0,0.0
2564,1953,Graduation,Together,61278.0,0,1,2014-04-01,87,111.0,3.0,28.0,2.0,6.0,15.0,2,3,1,4,6,0,0,0,0,0,0,3.0,11.0,0,165.0,132.0,0.8,0.0026926466268481345,8,0.375,0.125,0.5,1,61,0,0.0
946,1958,2n Cycle,Together,26490.0,0,0,1970-01-01,92,45.0,47.0,52.0,21.0,20.0,25.0,2,3,1,5,6,0,0,0,0,0,0,3.0,11.0,0,210.0,90.0,0.42857142857142855,0.007927519818799546,9,0.3333333333333333,0.1111111111111111,0.5,0,56,0,0.0
3867,1947,PhD,Together,73059.0,0,1,1970-01-01,36,410.0,112.0,420.0,0.0,82.0,71.0,1,9,3,13,4,0,0,0,0,0,0,3.0,11.0,0,1095.0,563.0,0.5141552511415525,0.014987886502689608,25,0.36,0.12,2.25,1,67,0,0.0
6940,1966,PhD,Single,46734.0,1,2,1970-01-01,86,100.0,1.0,39.0,6.0,1.0,76.0,4,3,2,3,6,1,0,0,0,0,0,3.0,11.0,0,223.0,177.0,0.7937219730941704,0.004771686566525442,8,0.375,0.25,0.5,3,48,1,0.2
55,1963,Graduation,Together,56253.0,0,1,2012-07-12,83,509.0,0.0,65.0,7.0,11.0,5.0,4,7,2,9,6,0,0,0,0,0,0,3.0,11.0,0,597.0,525.0,0.8793969849246231,0.010612767319076316,18,0.3888888888888889,0.1111111111111111,1.1666666666666667,1,51,0,0.0
7093,1985,Graduation,Married,19986.0,1,0,1970-01-01,74,3.0,6.0,5.0,0.0,2.0,6.0,1,0,0,3,7,0,0,0,0,0,0,3.0,11.0,0,22.0,11.0,0.5,0.0011007705393775644,3,0.0,0.0,0.0,1,29,0,0.0
5084,1975,Graduation,Widow,58330.0,0,1,1970-01-01,87,445.0,53.0,213.0,104.0,98.0,151.0,1,6,4,13,4,0,0,0,0,0,0,3.0,11.0,0,1064.0,694.0,0.6522556390977443,0.018241042345276872,23,0.2608695652173913,0.17391304347826086,1.5,1,39,0,0.0
1777,1980,Basic,Married,25965.0,0,0,2012-07-09,29,2.0,2.0,11.0,41.0,7.0,11.0,1,2,0,3,8,0,0,0,0,0,0,3.0,11.0,0,74.0,20.0,0.2702702702702703,0.00284999037165415,5,0.4,0.0,0.25,0,34,0,0.0
8162,1956,Master,Together,14661.0,0,0,2013-01-01,88,4.0,1.0,11.0,6.0,2.0,2.0,1,1,0,3,6,0,0,0,0,0,0,3.0,11.0,0,26.0,8.0,0.3076923076923077,0.0017734124548120865,4,0.25,0.0,0.16666666666666666,0,58,0,0.0
10826,1959,Graduation,Married,18690.0,0,0,1970-01-01,77,6.0,1.0,7.0,23.0,4.0,19.0,1,1,1,2,8,0,0,0,0,0,0,3.0,11.0,0,60.0,29.0,0.48333333333333334,0.0032102728731942215,4,0.25,0.25,0.125,0,55,0,0.0
8754,1974,PhD,Together,45068.0,0,1,1970-01-01,25,14.0,0.0,3.0,0.0,0.0,3.0,1,1,0,2,7,0,0,0,0,0,0,3.0,11.0,0,20.0,17.0,0.85,0.0004437738528445904,3,0.3333333333333333,0.0,0.14285714285714285,1,40,0,0.0
1987,1987,Basic,Single,21063.0,1,0,1970-01-01,34,1.0,10.0,11.0,19.0,3.0,15.0,2,2,0,3,6,0,0,0,0,0,0,3.0,11.0,0,59.0,19.0,0.3220338983050847,0.0028011204481792717,5,0.4,0.0,0.3333333333333333,1,27,0,0.0
11007,1968,PhD,Married,29187.0,1,0,2013-09-05,43,26.0,0.0,6.0,0.0,0.0,2.0,1,1,0,3,8,0,0,0,0,0,0,3.0,11.0,0,34.0,28.0,0.8235294117647058,0.0011649021824785006,4,0.25,0.0,0.125,1,46,0,0.0
7426,1971,2n Cycle,Married,54690.0,1,1,2013-07-11,76,111.0,16.0,37.0,7.0,9.0,18.0,3,3,1,5,3,0,0,0,0,0,0,3.0,11.0,0,198.0,138.0,0.696969696969697,0.0036204059243006032,9,0.3333333333333333,0.1111111111111111,1.0,2,43,0,0.0
9153,1964,PhD,Married,59304.0,0,1,1970-01-01,81,418.0,61.0,428.0,80.0,51.0,10.0,3,7,8,10,5,0,0,0,0,0,0,3.0,11.0,0,1048.0,479.0,0.4570610687022901,0.017671657898286793,25,0.28,0.32,1.4,1,50,0,0.0
10379,1962,Master,Single,59247.0,0,2,2013-08-11,87,327.0,9.0,122.0,19.0,14.0,83.0,5,5,2,9,6,0,0,0,0,0,0,3.0,11.0,0,574.0,424.0,0.7386759581881533,0.009688254257599541,16,0.3125,0.125,0.8333333333333334,2,52,0,0.0
9204,1970,Graduation,Widow,66731.0,0,1,2012-12-09,33,371.0,159.0,194.0,58.0,106.0,141.0,4,4,3,6,3,0,0,0,0,0,0,3.0,11.0,0,1029.0,618.0,0.6005830903790087,0.01542011958460086,13,0.3076923076923077,0.23076923076923078,1.3333333333333333,1,44,0,0.0
3197,1980,Graduation,Married,77353.0,0,1,1970-01-01,38,275.0,59.0,107.0,69.0,101.0,59.0,2,6,4,8,4,0,0,0,0,0,0,3.0,11.0,0,670.0,435.0,0.6492537313432836,0.008661590371414167,18,0.3333333333333333,0.2222222222222222,1.5,1,34,0,0.0
2920,1975,PhD,Single,52614.0,0,1,2012-01-12,63,789.0,0.0,142.0,12.0,9.0,38.0,2,2,4,8,8,0,0,0,0,0,0,3.0,11.0,0,990.0,836.0,0.8444444444444444,0.01881628463906945,14,0.14285714285714285,0.2857142857142857,0.25,1,39,0,0.0
6961,1974,Graduation,Married,26751.0,2,0,1970-01-01,26,1.0,1.0,5.0,0.0,3.0,1.0,1,1,0,2,8,0,0,0,0,0,0,3.0,11.0,0,11.0,5.0,0.45454545454545453,0.0004111995813240627,3,0.3333333333333333,0.0,0.125,2,40,0,0.0
4673,1963,PhD,Married,81300.0,0,1,1970-01-01,17,1004.0,12.0,145.0,32.0,12.0,36.0,3,10,3,5,5,0,0,0,1,0,0,3.0,11.0,1,1241.0,1052.0,0.8477034649476228,0.015264452644526446,18,0.5555555555555556,0.16666666666666666,2.0,1,51,1,0.2
9937,1979,Graduation,Single,70337.0,0,0,2014-02-01,75,187.0,81.0,149.0,25.0,43.0,91.0,1,2,2,12,1,0,0,0,0,0,0,3.0,11.0,0,576.0,321.0,0.5572916666666666,0.008189146537384307,16,0.125,0.125,2.0,0,35,0,0.0
8779,1985,2n Cycle,Married,36145.0,1,0,1970-01-01,13,56.0,4.0,76.0,17.0,1.0,18.0,4,4,1,3,9,1,0,0,0,0,0,3.0,11.0,1,172.0,75.0,0.436046511627907,0.004758611149536589,8,0.5,0.125,0.4444444444444444,1,29,1,0.2
9596,1980,PhD,Single,65295.0,0,0,1970-01-01,19,365.0,32.0,117.0,34.0,110.0,6.0,1,3,3,13,2,0,0,0,0,0,0,3.0,11.0,0,664.0,481.0,0.7243975903614458,0.010169231947316027,19,0.15789473684210525,0.15789473684210525,1.5,0,34,0,0.0
2891,1963,Graduation,Divorced,68118.0,0,1,1970-01-01,51,595.0,23.0,123.0,10.0,23.0,154.0,2,8,9,4,6,0,0,0,0,0,0,3.0,11.0,0,928.0,772.0,0.8318965517241379,0.013623418186088846,21,0.38095238095238093,0.42857142857142855,1.3333333333333333,1,51,0,0.0
4910,1967,Graduation,Divorced,68743.0,0,0,1970-01-01,81,1132.0,134.0,384.0,175.0,134.0,115.0,1,11,5,13,7,0,0,0,0,0,0,3.0,11.0,0,2074.0,1381.0,0.6658630665380907,0.030170344616906448,29,0.3793103448275862,0.1724137931034483,1.5714285714285714,0,47,0,0.0
75,1982,2n Cycle,Together,41039.0,0,0,1970-01-01,32,34.0,11.0,137.0,179.0,61.0,45.0,1,8,1,5,8,0,0,0,0,0,0,3.0,11.0,0,467.0,140.0,0.29978586723768735,0.011379419576500401,14,0.5714285714285714,0.07142857142857142,1.0,0,32,0,0.0
10120,1955,Graduation,Together,38946.0,0,1,1970-01-01,84,116.0,6.0,82.0,6.0,6.0,41.0,2,3,1,6,5,0,0,0,0,0,0,3.0,11.0,0,257.0,163.0,0.6342412451361867,0.006598880501206799,10,0.3,0.1,0.6,1,59,0,0.0
6327,1967,Graduation,Together,65777.0,0,0,1970-01-01,87,565.0,32.0,435.0,28.0,32.0,54.0,1,2,8,6,1,0,0,0,0,0,0,3.0,11.0,0,1146.0,651.0,0.5680628272251309,0.017422503306626938,16,0.125,0.5,2.0,0,47,0,0.0
10142,1976,PhD,Divorced,66476.0,0,1,2013-07-03,99,372.0,18.0,126.0,47.0,48.0,78.0,2,5,2,11,4,0,0,0,0,0,0,3.0,11.0,0,689.0,498.0,0.7227866473149492,0.01036464287863289,18,0.2777777777777778,0.1111111111111111,1.25,1,38,0,0.0
9826,1972,PhD,Single,86857.0,0,0,2012-12-09,96,899.0,102.0,838.0,133.0,102.0,40.0,1,5,6,10,2,0,0,0,0,0,0,3.0,11.0,1,2114.0,1041.0,0.4924314096499527,0.024338855820486546,21,0.23809523809523808,0.2857142857142857,2.5,0,42,0,0.0
1501,1982,PhD,Married,160803.0,0,0,2012-04-08,21,55.0,16.0,1622.0,17.0,3.0,4.0,15,0,28,1,0,0,0,0,0,0,0,3.0,11.0,0,1717.0,62.0,0.0361094933022714,0.010677661486415054,29,0.0,0.9655172413793104,,0,32,0,0.0
10767,1989,PhD,Together,77845.0,0,0,1970-01-01,40,760.0,40.0,480.0,0.0,40.0,26.0,1,3,5,12,1,0,0,1,1,0,0,3.0,11.0,0,1346.0,826.0,0.6136701337295691,0.017290770120110478,20,0.15,0.25,3.0,0,25,2,0.4
7279,1969,PhD,Together,69476.0,0,0,1970-01-01,3,260.0,86.0,559.0,63.0,9.0,67.0,1,4,6,4,2,0,0,0,0,0,0,3.0,11.0,0,1044.0,336.0,0.3218390804597701,0.015026771834878232,14,0.2857142857142857,0.42857142857142855,2.0,0,45,0,0.0
7230,1960,PhD,Divorced,50611.0,0,1,2012-04-10,98,459.0,0.0,24.0,6.0,0.0,4.0,6,4,5,7,6,0,1,0,0,0,0,3.0,11.0,1,493.0,463.0,0.9391480730223124,0.009740965402778053,16,0.25,0.3125,0.6666666666666666,1,54,1,0.2
143,1970,Graduation,Single,61209.0,0,0,1970-01-01,73,466.0,0.0,224.0,119.0,49.0,99.0,1,5,3,4,2,0,0,0,0,0,0,3.0,11.0,0,957.0,614.0,0.6415882967607106,0.015634955643777877,12,0.4166666666666667,0.25,2.5,0,44,0,0.0
450,1958,Master,Together,42315.0,0,1,2013-12-07,90,67.0,15.0,80.0,17.0,11.0,80.0,3,1,4,4,3,0,0,0,0,0,0,3.0,11.0,0,270.0,158.0,0.5851851851851851,0.006380716058135413,9,0.1111111111111111,0.4444444444444444,0.3333333333333333,1,56,0,0.0
9316,1952,Basic,Together,13084.0,0,0,2013-02-11,29,2.0,0.0,7.0,3.0,7.0,10.0,1,1,0,3,6,0,0,0,0,0,0,3.0,11.0,0,29.0,19.0,0.6551724137931034,0.0022164475695505962,4,0.25,0.0,0.16666666666666666,0,62,0,0.0
6379,1949,Master,Widow,47570.0,1,1,1970-01-01,3,67.0,1.0,20.0,0.0,2.0,31.0,3,2,2,2,7,0,0,0,0,0,0,3.0,11.0,1,121.0,100.0,0.8264462809917356,0.002543619928526382,6,0.3333333333333333,0.3333333333333333,0.2857142857142857,2,65,0,0.0
9239,1961,Master,Married,61923.0,0,2,1970-01-01,94,92.0,4.0,18.0,3.0,3.0,6.0,1,2,1,4,3,0,0,0,0,0,0,3.0,11.0,0,126.0,101.0,0.8015873015873016,0.0020347851363790516,7,0.2857142857142857,0.14285714285714285,0.6666666666666666,2,53,0,0.0
8315,1995,Graduation,Single,34824.0,0,0,1970-01-01,65,4.0,2.0,11.0,2.0,0.0,4.0,1,1,0,2,6,0,0,0,0,0,0,3.0,11.0,0,23.0,8.0,0.34782608695652173,0.000660464047783138,3,0.3333333333333333,0.0,0.16666666666666666,0,19,0,0.0
2868,1949,PhD,Single,26518.0,1,1,2013-08-04,33,20.0,1.0,28.0,3.0,3.0,2.0,3,2,0,3,8,0,0,0,0,0,0,3.0,11.0,1,57.0,25.0,0.43859649122807015,0.00214948336978656,5,0.4,0.0,0.25,2,65,0,0.0
10888,1961,Graduation,Single,45938.0,0,0,2013-03-11,46,273.0,11.0,178.0,62.0,83.0,29.0,2,8,4,6,6,0,0,0,0,0,0,3.0,11.0,0,636.0,385.0,0.6053459119496856,0.013844747268056946,18,0.4444444444444444,0.2222222222222222,1.3333333333333333,0,53,0,0.0
1277,1960,Graduation,Together,78468.0,0,0,2014-09-04,29,434.0,22.0,388.0,104.0,22.0,34.0,1,10,7,10,4,0,0,0,1,0,0,3.0,11.0,0,1004.0,490.0,0.48804780876494025,0.012795024723454148,27,0.37037037037037035,0.25925925925925924,2.5,0,54,1,0.2
9977,1973,Graduation,Divorced,78901.0,0,1,1970-01-01,99,321.0,11.0,309.0,33.0,26.0,34.0,3,9,3,5,4,0,0,0,0,0,0,3.0,11.0,0,734.0,381.0,0.5190735694822888,0.009302797176208159,17,0.5294117647058824,0.17647058823529413,2.25,1,41,0,0.0
10196,1978,Graduation,Married,71427.0,2,0,2014-12-03,26,212.0,123.0,177.0,15.0,64.0,23.0,2,8,2,8,4,0,0,0,0,0,0,3.0,11.0,0,614.0,299.0,0.48697068403908794,0.008596189116160556,18,0.4444444444444444,0.1111111111111111,2.0,2,36,0,0.0
6384,1978,Graduation,Divorced,71022.0,0,1,2014-11-02,30,909.0,12.0,278.0,0.0,12.0,242.0,3,5,2,11,8,1,0,0,0,0,0,3.0,11.0,0,1453.0,1163.0,0.8004129387474191,0.020458449494522826,18,0.2777777777777778,0.1111111111111111,0.625,1,36,1,0.2
8029,1988,Master,Single,90247.0,0,0,1970-01-01,27,1184.0,32.0,352.0,21.0,16.0,16.0,1,3,4,7,1,0,1,1,1,0,0,3.0,11.0,1,1621.0,1216.0,0.7501542257865516,0.017961815905237846,14,0.21428571428571427,0.2857142857142857,3.0,0,26,3,0.6
968,1968,Master,Divorced,41335.0,1,0,1970-01-01,24,112.0,19.0,21.0,16.0,14.0,5.0,3,4,1,4,7,0,0,0,0,0,0,3.0,11.0,0,187.0,131.0,0.7005347593582888,0.0045240111285835246,9,0.4444444444444444,0.1111111111111111,0.5714285714285714,1,46,0,0.0
6988,1986,Graduation,Married,71952.0,1,0,2013-10-01,93,656.0,80.0,455.0,52.0,107.0,93.0,2,8,4,8,4,1,0,1,0,0,0,3.0,11.0,0,1443.0,856.0,0.5932085932085932,0.020055036691127417,20,0.4,0.2,2.0,1,28,2,0.4
4472,1970,PhD,Divorced,35682.0,1,0,1970-01-01,34,23.0,0.0,8.0,6.0,2.0,18.0,1,1,1,3,2,0,0,0,0,0,0,3.0,11.0,0,57.0,43.0,0.7543859649122807,0.001597444089456869,5,0.2,0.2,0.5,1,44,0,0.0
6991,1951,Graduation,Divorced,43185.0,0,1,2013-10-04,88,537.0,6.0,42.0,16.0,6.0,30.0,2,9,3,6,8,0,0,0,0,0,0,3.0,11.0,0,637.0,573.0,0.8995290423861853,0.014750492069005442,18,0.5,0.16666666666666666,1.125,1,63,0,0.0
3336,1948,PhD,Together,66375.0,0,1,1970-01-01,96,712.0,0.0,45.0,0.0,0.0,191.0,3,2,4,5,7,1,0,0,0,0,0,3.0,11.0,0,948.0,903.0,0.9525316455696202,0.014282485875706215,11,0.18181818181818182,0.36363636363636365,0.2857142857142857,1,66,1,0.2
4301,1971,Master,Married,35178.0,1,0,2013-10-01,10,23.0,1.0,13.0,2.0,2.0,18.0,1,1,1,2,7,1,0,0,0,0,0,3.0,11.0,1,59.0,43.0,0.7288135593220338,0.0016771846040138723,4,0.25,0.25,0.14285714285714285,1,43,1,0.2
1940,1986,Graduation,Married,25252.0,1,0,2013-12-07,26,1.0,3.0,4.0,2.0,2.0,6.0,1,1,0,2,8,0,0,0,0,0,0,3.0,11.0,0,18.0,9.0,0.5,0.0007128148265483922,3,0.3333333333333333,0.0,0.125,1,28,0,0.0
1272,1965,Master,Single,55250.0,0,1,1970-01-01,49,664.0,58.0,83.0,32.0,0.0,66.0,4,7,5,10,5,0,0,0,0,0,0,3.0,11.0,0,903.0,730.0,0.8084163898117387,0.016343891402714934,22,0.3181818181818182,0.22727272727272727,1.4,1,49,0,0.0
1388,1975,Graduation,Single,33249.0,1,0,1970-01-01,11,6.0,10.0,21.0,19.0,14.0,42.0,2,2,1,3,6,0,0,0,0,0,0,3.0,11.0,0,112.0,62.0,0.5535714285714286,0.003368522361574784,6,0.3333333333333333,0.16666666666666666,0.3333333333333333,1,39,0,0.0
1044,1953,Graduation,Together,58398.0,0,0,1970-01-01,44,299.0,5.0,201.0,21.0,21.0,49.0,3,5,4,8,4,0,0,0,0,0,0,3.0,11.0,0,596.0,369.0,0.6191275167785235,0.010205828966745437,17,0.29411764705882354,0.23529411764705882,1.25,0,61,0,0.0
6969,1982,Graduation,Together,50272.0,1,0,2013-07-08,75,99.0,13.0,66.0,43.0,8.0,4.0,3,4,1,5,7,0,0,0,0,0,0,3.0,11.0,0,233.0,111.0,0.47639484978540775,0.004634786760025461,10,0.4,0.1,0.5714285714285714,1,32,0,0.0
10479,1975,PhD,Married,76618.0,0,0,2012-07-12,64,749.0,40.0,294.0,121.0,160.0,147.0,1,3,2,5,1,0,0,0,0,0,0,3.0,11.0,0,1511.0,1056.0,0.698874917273329,0.0197212143360568,10,0.3,0.2,3.0,0,39,0,0.0
3619,1960,2n Cycle,Divorced,87305.0,0,0,1970-01-01,19,345.0,25.0,501.0,63.0,138.0,80.0,1,5,3,8,2,0,0,1,0,0,0,3.0,11.0,1,1152.0,563.0,0.4887152777777778,0.013195120554378329,16,0.3125,0.1875,2.5,0,54,1,0.2
1715,1978,Graduation,Together,25851.0,1,0,2013-11-02,45,9.0,4.0,18.0,7.0,5.0,5.0,2,2,0,3,7,0,0,0,0,0,0,3.0,11.0,0,48.0,19.0,0.3958333333333333,0.0018567947081350818,5,0.4,0.0,0.2857142857142857,1,36,0,0.0
10159,1970,Graduation,Divorced,58710.0,0,1,1970-01-01,77,440.0,81.0,368.0,0.0,122.0,174.0,6,11,5,9,6,0,0,0,0,0,0,3.0,11.0,0,1185.0,736.0,0.6210970464135022,0.0201839550332141,25,0.44,0.2,1.8333333333333333,1,44,0,0.0
1463,1958,Graduation,Single,45160.0,1,1,1970-01-01,9,8.0,2.0,5.0,3.0,0.0,3.0,1,1,0,2,7,0,0,0,0,0,0,3.0,11.0,0,21.0,11.0,0.5238095238095238,0.0004650132860938884,3,0.3333333333333333,0.0,0.14285714285714285,2,56,0,0.0
5114,1965,Master,Married,74806.0,0,1,1970-01-01,1,670.0,9.0,249.0,0.0,28.0,9.0,2,5,4,5,4,0,0,0,0,0,0,3.0,11.0,0,965.0,707.0,0.7326424870466322,0.012900034756570328,14,0.35714285714285715,0.2857142857142857,1.25,1,49,0,0.0
4990,1954,Graduation,Married,59111.0,0,0,2013-02-05,90,524.0,0.0,134.0,28.0,28.0,155.0,1,11,1,8,7,0,0,0,0,0,0,3.0,11.0,0,869.0,707.0,0.8135788262370541,0.014701155453299725,20,0.55,0.05,1.5714285714285714,0,60,0,0.0
4329,1984,PhD,Married,18988.0,1,0,1970-01-01,43,6.0,0.0,6.0,2.0,1.0,1.0,2,1,0,3,7,0,0,0,0,0,0,3.0,11.0,0,16.0,8.0,0.5,0.0008426374552348852,4,0.25,0.0,0.14285714285714285,1,30,0,0.0
10936,1965,Graduation,Married,72190.0,0,0,1970-01-01,79,597.0,166.0,597.0,172.0,166.0,249.0,1,5,6,4,3,0,0,0,0,0,0,3.0,11.0,0,1947.0,1012.0,0.519774011299435,0.026970494528328025,15,0.3333333333333333,0.4,1.6666666666666667,0,49,0,0.0
4692,1976,Graduation,Married,7500.0,1,0,2012-01-08,19,7.0,0.0,12.0,13.0,7.0,32.0,5,4,1,2,9,1,0,0,0,0,0,3.0,11.0,1,71.0,46.0,0.647887323943662,0.009466666666666667,7,0.5714285714285714,0.14285714285714285,0.4444444444444444,1,38,1,0.2
7212,1966,Graduation,Married,44794.0,0,1,2014-08-06,99,54.0,0.0,7.0,0.0,0.0,4.0,1,2,0,3,6,0,0,0,0,0,0,3.0,11.0,0,65.0,58.0,0.8923076923076924,0.0014510871991784615,5,0.4,0.0,0.3333333333333333,1,48,0,0.0
6086,1955,Graduation,Married,80395.0,0,0,1970-01-01,62,445.0,25.0,706.0,80.0,76.0,48.0,1,6,5,12,2,0,0,0,1,0,0,3.0,11.0,0,1380.0,569.0,0.41231884057971013,0.017165246594937497,23,0.2608695652173913,0.21739130434782608,3.0,0,59,1,0.2
437,1976,Master,Divorced,75012.0,0,0,1970-01-01,41,294.0,142.0,218.0,164.0,58.0,151.0,1,3,8,11,1,0,0,0,0,0,0,3.0,11.0,0,1027.0,503.0,0.48977604673807207,0.013691142750493254,22,0.13636363636363635,0.36363636363636365,3.0,0,38,0,0.0
11171,1965,Master,Married,56962.0,2,1,2013-11-10,60,292.0,3.0,77.0,10.0,3.0,26.0,7,6,3,5,7,0,0,0,0,0,0,3.0,11.0,0,411.0,321.0,0.781021897810219,0.007215336540149574,14,0.42857142857142855,0.21428571428571427,0.8571428571428571,3,49,0,0.0
11101,1991,Graduation,Together,89891.0,0,0,1970-01-01,17,412.0,22.0,132.0,59.0,28.0,183.0,1,11,6,8,4,0,0,1,0,0,0,3.0,11.0,0,836.0,623.0,0.7452153110047847,0.009300152406803796,25,0.44,0.24,2.75,0,23,1,0.2
5329,1949,PhD,Divorced,35946.0,1,1,1970-01-01,24,8.0,0.0,3.0,0.0,0.0,0.0,1,0,0,3,5,0,0,0,0,0,0,3.0,11.0,0,11.0,8.0,0.7272727272727273,0.00030601457742168806,3,0.0,0.0,0.0,2,65,0,0.0
610,1953,PhD,Together,53593.0,1,1,2012-07-08,60,349.0,4.0,78.0,6.0,0.0,43.0,8,7,2,6,8,0,0,0,0,0,0,3.0,11.0,0,480.0,392.0,0.8166666666666667,0.008956393558860298,15,0.4666666666666667,0.13333333333333333,0.875,2,61,0,0.0
9384,1978,Graduation,Married,66373.0,1,1,2013-12-06,57,328.0,9.0,124.0,12.0,24.0,109.0,7,4,2,10,3,0,0,0,0,0,0,3.0,11.0,0,606.0,461.0,0.7607260726072608,0.009130218612990222,16,0.25,0.125,1.3333333333333333,2,36,0,0.0
5956,1948,PhD,Divorced,45072.0,1,2,1970-01-01,74,144.0,2.0,99.0,7.0,2.0,30.0,5,6,1,4,8,0,0,0,0,0,0,3.0,11.0,0,284.0,176.0,0.6197183098591549,0.0063010294639687615,11,0.5454545454545454,0.09090909090909091,0.75,3,66,0,0.0
10430,1973,Graduation,Divorced,89694.0,1,1,2013-09-10,22,1126.0,28.0,211.0,37.0,28.0,42.0,3,4,3,4,5,0,1,1,1,0,0,3.0,11.0,0,1472.0,1196.0,0.8125,0.01641135415969853,11,0.36363636363636365,0.2727272727272727,0.8,2,41,3,0.6
7875,1949,Graduation,Married,72025.0,0,0,1970-01-01,46,967.0,0.0,617.0,43.0,50.0,0.0,1,4,8,13,2,0,1,1,1,0,0,3.0,11.0,1,1677.0,1017.0,0.6064400715563506,0.023283582089552238,25,0.16,0.32,2.0,0,65,3,0.6
7072,1973,Graduation,Married,67432.0,0,1,1970-01-01,69,432.0,79.0,341.0,177.0,136.0,170.0,2,8,5,4,4,0,0,0,0,0,0,3.0,11.0,0,1335.0,738.0,0.5528089887640449,0.0197977221497212,17,0.47058823529411764,0.29411764705882354,2.0,1,41,0,0.0
6255,1952,Master,Together,70545.0,0,1,2014-03-06,29,138.0,39.0,63.0,55.0,18.0,21.0,1,4,1,7,2,0,0,0,0,0,0,3.0,11.0,0,334.0,177.0,0.5299401197604791,0.004734566588702247,12,0.3333333333333333,0.08333333333333333,2.0,1,62,0,0.0
6516,1989,Basic,Married,17487.0,1,0,1970-01-01,37,0.0,0.0,1.0,7.0,4.0,6.0,1,1,0,2,7,0,0,0,0,0,0,3.0,11.0,0,18.0,10.0,0.5555555555555556,0.001029336078229542,3,0.3333333333333333,0.0,0.14285714285714285,1,25,0,0.0
5564,1969,Graduation,Together,62882.0,0,1,2012-09-08,26,509.0,133.0,497.0,78.0,24.0,97.0,2,7,5,6,4,0,0,0,0,0,0,3.0,11.0,0,1338.0,630.0,0.47085201793721976,0.021277949174644574,18,0.3888888888888889,0.2777777777777778,1.75,1,45,0,0.0
5682,1953,PhD,Single,64108.0,0,1,1970-01-01,8,948.0,10.0,86.0,13.0,21.0,21.0,4,6,9,11,5,0,0,0,0,0,0,3.0,11.0,0,1099.0,990.0,0.9008189262966333,0.017142946278155612,26,0.23076923076923078,0.34615384615384615,1.2,1,61,0,0.0
7458,1956,Master,Together,34941.0,1,1,2013-06-03,26,39.0,2.0,25.0,4.0,3.0,24.0,2,3,0,3,8,0,0,0,0,0,0,3.0,11.0,0,97.0,66.0,0.6804123711340206,0.00277610829684325,6,0.5,0.0,0.375,2,58,0,0.0
5237,1950,PhD,Single,48767.0,1,2,2014-01-01,79,28.0,1.0,21.0,3.0,0.0,10.0,3,2,1,3,5,0,0,0,0,0,0,3.0,11.0,0,63.0,38.0,0.6031746031746031,0.0012918571985153894,6,0.3333333333333333,0.16666666666666666,0.4,3,64,0,0.0
7761,1978,2n Cycle,Together,38702.0,1,0,2013-01-08,71,13.0,11.0,24.0,13.0,8.0,40.0,2,3,0,4,6,0,0,0,0,0,0,3.0,11.0,0,109.0,61.0,0.5596330275229358,0.0028163919177303497,7,0.42857142857142855,0.0,0.5,1,36,0,0.0
5278,1964,Graduation,Married,82224.0,0,0,1970-01-01,83,307.0,26.0,360.0,138.0,31.0,40.0,1,6,9,5,3,0,0,0,1,0,0,3.0,11.0,0,902.0,378.0,0.4190687361419069,0.01097003308036583,20,0.3,0.45,2.0,0,50,1,0.2
3560,1952,Graduation,Together,83844.0,0,0,2013-12-05,57,901.0,31.0,345.0,75.0,31.0,191.0,1,4,4,11,1,0,0,1,0,0,0,3.0,11.0,0,1574.0,1123.0,0.7134688691232529,0.018772959305376653,19,0.21052631578947367,0.21052631578947367,4.0,0,62,1,0.2
7235,1975,2n Cycle,Married,17003.0,1,0,2013-09-12,37,2.0,5.0,12.0,4.0,8.0,7.0,3,2,0,4,5,0,0,0,0,0,0,3.0,11.0,0,38.0,17.0,0.4473684210526316,0.002234899723578192,6,0.3333333333333333,0.0,0.4,1,39,0,0.0
10548,1995,Graduation,Single,71163.0,0,0,2014-09-03,30,283.0,17.0,372.0,138.0,106.0,44.0,1,3,8,12,1,0,0,0,0,0,0,3.0,11.0,0,960.0,433.0,0.4510416666666667,0.01349015640150078,23,0.13043478260869565,0.34782608695652173,3.0,0,19,0,0.0
2281,1970,Graduation,Single,33697.0,1,0,1970-01-01,34,4.0,3.0,7.0,0.0,3.0,11.0,1,1,0,2,7,1,0,0,0,0,0,3.0,11.0,0,28.0,18.0,0.6428571428571429,0.0008309345045553017,3,0.3333333333333333,0.0,0.14285714285714285,1,44,1,0.2
4073,1954,2n Cycle,Married,63564.0,0,0,1970-01-01,0,769.0,80.0,252.0,15.0,34.0,65.0,1,10,10,7,6,1,0,0,0,0,0,3.0,11.0,1,1215.0,868.0,0.7144032921810699,0.019114593165942988,27,0.37037037037037035,0.37037037037037035,1.6666666666666667,0,60,1,0.2
6974,1972,PhD,Together,83443.0,0,0,1970-01-01,89,518.0,42.0,742.0,55.0,56.0,84.0,1,6,10,5,2,0,0,0,0,0,0,3.0,11.0,0,1497.0,658.0,0.4395457581830327,0.017940390446172835,21,0.2857142857142857,0.47619047619047616,3.0,0,42,0,0.0
7938,1958,PhD,Together,51518.0,0,1,2013-03-10,92,350.0,8.0,66.0,17.0,4.0,4.0,2,3,2,10,3,0,0,0,0,0,0,3.0,11.0,0,449.0,358.0,0.7973273942093542,0.008715400442563763,15,0.2,0.13333333333333333,1.0,1,56,0,0.0
7094,1975,Graduation,Widow,58330.0,0,1,1970-01-01,87,445.0,53.0,213.0,104.0,98.0,151.0,1,6,4,13,4,0,0,0,0,0,0,3.0,11.0,0,1064.0,694.0,0.6522556390977443,0.018241042345276872,23,0.2608695652173913,0.17391304347826086,1.5,1,39,0,0.0
3667,1969,Graduation,Married,80952.0,0,0,1970-01-01,20,778.0,178.0,689.0,41.0,27.0,44.0,1,8,5,11,8,0,1,1,1,0,0,3.0,11.0,1,1757.0,849.0,0.4832100170745589,0.021704219784563692,24,0.3333333333333333,0.20833333333333334,1.0,0,45,3,0.6
7723,1979,Graduation,Together,75507.0,0,0,2014-02-05,56,709.0,93.0,374.0,104.0,80.0,80.0,1,8,6,6,3,0,0,0,0,0,0,3.0,11.0,0,1440.0,869.0,0.6034722222222222,0.019071079502562677,20,0.4,0.3,2.6666666666666665,0,35,0,0.0
3870,1978,2n Cycle,Together,63855.0,0,0,2013-09-02,28,359.0,35.0,314.0,93.0,116.0,89.0,1,7,3,13,4,0,0,0,0,0,0,3.0,11.0,0,1006.0,564.0,0.5606361829025845,0.015754443661420404,23,0.30434782608695654,0.13043478260869565,1.75,0,36,0,0.0
4012,1972,PhD,Together,62220.0,0,1,2012-11-08,55,799.0,12.0,375.0,16.0,12.0,12.0,5,7,6,5,6,0,0,0,0,0,0,3.0,11.0,1,1226.0,823.0,0.6712887438825449,0.019704275152684025,18,0.3888888888888889,0.3333333333333333,1.1666666666666667,1,42,0,0.0
5909,1964,Graduation,Married,58512.0,0,1,1970-01-01,25,895.0,10.0,101.0,13.0,0.0,152.0,5,3,4,8,8,0,0,0,0,0,0,3.0,11.0,0,1171.0,1047.0,0.8941076003415884,0.020012988788624557,15,0.2,0.26666666666666666,0.375,1,50,0,0.0
10470,1979,Master,Married,40662.0,1,0,1970-01-01,0,40.0,2.0,23.0,0.0,4.0,23.0,2,2,1,3,4,0,0,0,0,0,0,3.0,11.0,0,92.0,67.0,0.7282608695652174,0.0022625547193940287,6,0.3333333333333333,0.16666666666666666,0.5,1,35,0,0.0
6488,1959,PhD,Married,38829.0,0,1,2014-06-04,86,76.0,0.0,7.0,0.0,0.0,16.0,1,3,2,2,5,0,0,0,0,0,0,3.0,11.0,0,99.0,92.0,0.9292929292929293,0.0025496407324422468,7,0.42857142857142855,0.2857142857142857,0.6,1,55,0,0.0
10270,1981,2n Cycle,Married,35523.0,1,0,2013-03-10,8,11.0,5.0,22.0,12.0,5.0,11.0,2,3,0,3,7,0,0,0,0,0,0,3.0,11.0,0,66.0,27.0,0.4090909090909091,0.0018579511865551895,6,0.5,0.0,0.42857142857142855,1,33,0,0.0
6887,1967,Graduation,Single,79146.0,1,1,1970-01-01,33,245.0,16.0,223.0,21.0,43.0,16.0,2,8,1,8,6,0,0,0,0,0,0,3.0,11.0,0,564.0,304.0,0.5390070921985816,0.007126070805852475,17,0.47058823529411764,0.058823529411764705,1.3333333333333333,2,47,0,0.0
6406,1988,Master,Married,78285.0,0,0,1970-01-01,13,647.0,107.0,391.0,175.0,67.0,40.0,1,6,4,10,3,0,0,0,0,0,0,3.0,11.0,0,1427.0,754.0,0.5283812193412754,0.01822826850609951,20,0.3,0.2,2.0,0,26,0,0.0
7573,1978,PhD,Single,31626.0,1,0,2013-10-05,12,39.0,1.0,9.0,2.0,1.0,34.0,1,2,1,2,7,1,0,0,0,0,0,3.0,11.0,1,86.0,74.0,0.8604651162790697,0.002719281603743755,5,0.4,0.2,0.2857142857142857,1,36,1,0.2
4508,1952,Graduation,Single,75127.0,0,0,1970-01-01,92,203.0,35.0,305.0,46.0,17.0,227.0,1,2,11,5,1,0,0,0,0,0,0,3.0,11.0,0,833.0,447.0,0.5366146458583433,0.011087891170950524,18,0.1111111111111111,0.6111111111111112,2.0,0,62,0,0.0
221,1955,Graduation,Married,48726.0,0,1,1970-01-01,90,138.0,3.0,38.0,4.0,0.0,59.0,3,3,2,4,6,0,0,0,0,0,0,3.0,11.0,0,242.0,197.0,0.8140495867768595,0.004966547633706851,9,0.3333333333333333,0.2222222222222222,0.5,1,59,0,0.0
5331,1977,Graduation,Married,74985.0,0,0,2012-11-09,8,587.0,51.0,898.0,247.0,0.0,86.0,1,3,6,7,2,0,0,0,0,0,0,3.0,11.0,0,1869.0,673.0,0.36008560727661854,0.0249249849969994,16,0.1875,0.375,1.5,0,37,0,0.0
1911,1987,Graduation,Together,67430.0,0,0,2012-05-09,6,595.0,97.0,291.0,127.0,133.0,121.0,1,11,5,12,6,0,0,0,0,0,0,3.0,11.0,0,1364.0,849.0,0.6224340175953079,0.020228384991843394,28,0.39285714285714285,0.17857142857142858,1.8333333333333333,0,27,0,0.0
20,1965,2n Cycle,Married,46891.0,0,1,2013-01-09,91,43.0,12.0,23.0,29.0,15.0,61.0,1,2,1,4,4,0,0,0,0,0,0,3.0,11.0,0,183.0,119.0,0.6502732240437158,0.0039026678893604315,7,0.2857142857142857,0.14285714285714285,0.5,1,49,0,0.0
8786,1956,Master,Married,62058.0,0,1,1970-01-01,52,301.0,7.0,74.0,10.0,0.0,58.0,4,6,1,7,6,0,0,0,0,0,0,3.0,11.0,0,450.0,359.0,0.7977777777777778,0.007251281059653872,14,0.42857142857142855,0.07142857142857142,1.0,1,58,0,0.0
10582,1979,Graduation,Married,72063.0,0,1,2013-03-07,3,180.0,32.0,348.0,76.0,32.0,90.0,2,5,2,12,2,0,0,0,0,0,0,3.0,11.0,0,758.0,302.0,0.39841688654353563,0.01051857402550546,19,0.2631578947368421,0.10526315789473684,2.5,1,35,0,0.0
1915,1951,PhD,Married,78939.0,0,0,2013-12-12,57,794.0,115.0,243.0,150.0,0.0,205.0,1,8,5,6,3,0,0,0,0,0,0,3.0,11.0,0,1507.0,999.0,0.6629064366290643,0.019090690279836328,19,0.42105263157894735,0.2631578947368421,2.6666666666666665,0,63,0,0.0
8897,1965,Graduation,Single,42720.0,1,1,1970-01-01,9,392.0,5.0,91.0,28.0,26.0,112.0,8,7,3,7,8,0,0,0,0,0,0,3.0,11.0,1,654.0,530.0,0.8103975535168195,0.015308988764044944,17,0.4117647058823529,0.17647058823529413,0.875,2,49,0,0.0
2371,1972,Graduation,Married,33622.0,1,1,1970-01-01,22,39.0,1.0,22.0,3.0,4.0,12.0,3,2,0,4,7,0,0,0,0,0,0,3.0,11.0,0,81.0,55.0,0.6790123456790124,0.0024091368746653975,6,0.3333333333333333,0.0,0.2857142857142857,2,42,0,0.0
4303,1957,PhD,Together,6835.0,0,1,2012-08-12,76,107.0,2.0,12.0,2.0,2.0,12.0,0,0,0,1,20,0,0,0,0,0,0,3.0,11.0,0,137.0,121.0,0.8832116788321168,0.020043891733723482,1,0.0,0.0,0.0,1,57,0,0.0
6825,1953,Graduation,Together,41452.0,1,1,2013-06-03,86,13.0,0.0,3.0,0.0,0.0,0.0,1,1,0,2,7,0,0,0,0,0,0,3.0,11.0,0,16.0,13.0,0.8125,0.0003859886133359066,3,0.3333333333333333,0.0,0.14285714285714285,2,61,0,0.0
1072,1965,PhD,Single,40760.0,0,1,1970-01-01,64,70.0,0.0,17.0,0.0,0.0,6.0,2,2,1,3,6,0,0,0,0,0,0,3.0,11.0,0,93.0,76.0,0.8172043010752689,0.002281648675171737,6,0.3333333333333333,0.16666666666666666,0.3333333333333333,1,49,0,0.0
4964,1958,PhD,Together,74250.0,0,0,1970-01-01,90,680.0,11.0,392.0,75.0,0.0,0.0,1,2,11,4,1,0,0,0,0,0,0,3.0,11.0,0,1158.0,680.0,0.5872193436960277,0.015595959595959595,17,0.11764705882352941,0.6470588235294118,2.0,0,56,0,0.0
2461,1955,Master,Single,51124.0,1,1,1970-01-01,79,26.0,1.0,11.0,0.0,1.0,4.0,2,1,0,3,3,0,0,0,0,0,0,3.0,11.0,0,43.0,31.0,0.7209302325581395,0.0008410922463031062,4,0.25,0.0,0.3333333333333333,2,59,0,0.0
10736,1971,Graduation,Single,72258.0,0,1,2013-12-09,28,522.0,0.0,522.0,227.0,120.0,134.0,2,6,9,5,2,0,0,0,0,0,0,3.0,11.0,0,1525.0,776.0,0.5088524590163934,0.02110492955797282,20,0.3,0.45,3.0,1,43,0,0.0
3194,1974,PhD,Single,71466.0,0,0,2014-05-04,86,412.0,12.0,546.0,78.0,182.0,0.0,1,4,4,10,1,0,0,0,0,0,0,3.0,11.0,0,1230.0,594.0,0.48292682926829267,0.017210981445722442,18,0.2222222222222222,0.2222222222222222,4.0,0,40,0,0.0
10839,1976,Graduation,Together,36283.0,1,1,1970-01-01,42,6.0,5.0,5.0,8.0,0.0,5.0,2,1,0,3,4,0,0,0,0,0,0,3.0,11.0,0,29.0,11.0,0.3793103448275862,0.0007992723865171017,4,0.25,0.0,0.25,2,38,0,0.0
49,1970,Graduation,Single,20587.0,1,0,2014-11-05,39,2.0,3.0,6.0,4.0,1.0,9.0,1,1,1,2,7,0,0,0,0,0,0,3.0,11.0,0,25.0,12.0,0.48,0.0012143585758002623,4,0.25,0.25,0.14285714285714285,1,44,0,0.0
4290,1972,Graduation,Married,30467.0,1,0,1970-01-01,8,1.0,3.0,8.0,2.0,5.0,5.0,1,1,0,2,7,0,0,0,0,0,0,3.0,11.0,0,24.0,11.0,0.4583333333333333,0.0007877375521055569,3,0.3333333333333333,0.0,0.14285714285714285,1,42,0,0.0
10219,1972,Graduation,Together,31590.0,1,0,1970-01-01,40,6.0,2.0,15.0,6.0,6.0,3.0,1,1,0,3,8,0,0,0,0,0,0,3.0,11.0,0,38.0,15.0,0.39473684210526316,0.001202912314023425,4,0.25,0.0,0.125,1,42,0,0.0
4211,1986,Basic,Married,20425.0,1,0,1970-01-01,5,4.0,12.0,5.0,3.0,16.0,17.0,2,2,0,3,7,0,0,0,0,0,0,3.0,11.0,0,57.0,37.0,0.6491228070175439,0.0027906976744186047,5,0.4,0.0,0.2857142857142857,1,28,0,0.0
1135,1960,Master,Together,17144.0,1,1,1970-01-01,96,18.0,2.0,19.0,0.0,2.0,6.0,5,3,0,4,7,0,0,0,0,0,0,3.0,11.0,0,47.0,26.0,0.5531914893617021,0.002741483901073262,7,0.42857142857142855,0.0,0.42857142857142855,2,54,0,0.0
6299,1968,PhD,Divorced,42564.0,0,1,2013-02-01,28,324.0,48.0,186.0,39.0,18.0,198.0,6,6,8,4,7,1,0,0,0,0,0,3.0,11.0,1,813.0,540.0,0.6642066420664207,0.019100648435297435,18,0.3333333333333333,0.4444444444444444,0.8571428571428571,1,46,1,0.2
10846,1978,Master,Married,43783.0,1,0,1970-01-01,22,327.0,9.0,125.0,25.0,4.0,139.0,6,7,1,8,7,1,0,0,0,0,0,3.0,11.0,0,629.0,470.0,0.7472178060413355,0.014366306557339607,16,0.4375,0.0625,1.0,1,36,1,0.2
347,1976,Graduation,Divorced,40780.0,0,1,2012-08-09,30,229.0,27.0,71.0,13.0,3.0,34.0,4,7,1,5,9,0,0,0,0,0,0,3.0,11.0,0,377.0,266.0,0.7055702917771883,0.009244727807748897,13,0.5384615384615384,0.07692307692307693,0.7777777777777778,1,38,0,0.0
6543,1945,Master,Together,62847.0,0,0,1970-01-01,45,521.0,168.0,706.0,80.0,76.0,61.0,1,3,6,4,2,0,0,0,0,0,0,3.0,11.0,0,1612.0,658.0,0.40818858560794047,0.025649593457126037,13,0.23076923076923078,0.46153846153846156,1.5,0,69,0,0.0
10446,1957,PhD,Married,82017.0,0,0,2012-07-11,58,184.0,23.0,446.0,30.0,23.0,23.0,1,5,4,7,2,0,1,1,1,0,0,3.0,11.0,1,729.0,230.0,0.31550068587105623,0.008888401185120158,16,0.3125,0.25,2.5,0,57,3,0.6
3479,1950,Graduation,Single,16813.0,0,0,1970-01-01,49,4.0,8.0,11.0,12.0,2.0,13.0,1,2,0,3,7,1,0,0,0,0,0,3.0,11.0,0,50.0,19.0,0.38,0.002973889252364242,5,0.4,0.0,0.2857142857142857,0,64,1,0.2
11075,1978,Graduation,Married,51267.0,1,1,1970-01-01,37,183.0,2.0,64.0,7.0,2.0,12.0,4,3,3,5,4,0,0,0,0,0,0,3.0,11.0,0,270.0,197.0,0.7296296296296296,0.005266545731172099,11,0.2727272727272727,0.2727272727272727,0.75,2,36,0,0.0
4442,1961,Graduation,Single,46524.0,0,1,2013-05-04,70,31.0,19.0,35.0,26.0,14.0,52.0,2,1,1,5,3,0,0,0,0,0,0,3.0,11.0,0,177.0,97.0,0.5480225988700564,0.0038044880061903533,7,0.14285714285714285,0.14285714285714285,0.3333333333333333,1,53,0,0.0
199,1962,Master,Single,45183.0,0,0,1970-01-01,33,219.0,3.0,60.0,12.0,9.0,12.0,1,4,1,7,7,0,1,0,0,0,0,3.0,11.0,0,315.0,240.0,0.7619047619047619,0.006971648628909103,12,0.3333333333333333,0.08333333333333333,0.5714285714285714,0,52,1,0.2
6722,1954,PhD,Married,70421.0,0,1,1970-01-01,98,479.0,28.0,136.0,75.0,14.0,35.0,3,10,3,7,6,0,0,0,0,0,0,3.0,11.0,0,767.0,528.0,0.6883963494132985,0.010891637437696142,20,0.5,0.15,1.6666666666666667,1,60,0,0.0
796,1965,2n Cycle,Divorced,60161.0,0,1,1970-01-01,17,584.0,44.0,212.0,46.0,8.0,177.0,3,11,4,8,8,0,0,0,0,0,0,3.0,11.0,0,1071.0,769.0,0.7180205415499533,0.017802230681005966,23,0.4782608695652174,0.17391304347826086,1.375,1,49,0,0.0
3749,1973,Graduation,Together,73926.0,0,0,2013-02-03,54,627.0,91.0,597.0,159.0,91.0,15.0,1,6,5,12,3,0,0,0,0,0,0,3.0,11.0,0,1580.0,733.0,0.46392405063291137,0.02137272407542678,23,0.2608695652173913,0.21739130434782608,2.0,0,41,0,0.0
8523,1968,Graduation,Married,19329.0,1,0,1970-01-01,39,24.0,1.0,16.0,12.0,2.0,5.0,3,4,0,3,8,0,0,0,0,0,0,3.0,11.0,0,60.0,31.0,0.5166666666666667,0.0031041440322830977,7,0.5714285714285714,0.0,0.5,1,46,0,0.0
310,1970,Master,Married,61872.0,0,1,1970-01-01,81,330.0,5.0,159.0,36.0,27.0,16.0,4,4,4,9,4,0,0,0,0,0,0,3.0,11.0,0,573.0,373.0,0.6509598603839442,0.009261055081458495,17,0.23529411764705882,0.23529411764705882,1.0,1,44,0,0.0
8629,1956,Graduation,Widow,46984.0,1,1,1970-01-01,71,19.0,1.0,10.0,2.0,1.0,8.0,1,1,0,3,5,0,0,0,0,0,0,3.0,11.0,0,41.0,28.0,0.6829268292682927,0.0008726374936148476,4,0.25,0.0,0.2,2,58,0,0.0
236,1951,Graduation,Married,34838.0,1,1,1970-01-01,62,28.0,23.0,29.0,29.0,14.0,47.0,3,2,1,4,6,0,0,0,0,0,0,3.0,11.0,0,170.0,89.0,0.5235294117647059,0.004879729031517309,7,0.2857142857142857,0.14285714285714285,0.3333333333333333,2,63,0,0.0
9930,1944,PhD,Single,82716.0,0,0,2013-05-11,8,606.0,148.0,228.0,15.0,148.0,22.0,1,6,8,13,2,0,0,0,0,0,0,3.0,11.0,0,1167.0,776.0,0.6649528706083976,0.014108515885681126,27,0.2222222222222222,0.2962962962962963,3.0,0,70,0,0.0
3483,1958,Graduation,Married,48192.0,0,0,2013-06-04,76,1039.0,43.0,204.0,153.0,58.0,29.0,3,2,8,12,8,0,1,0,1,1,0,3.0,11.0,1,1526.0,1126.0,0.7378768020969856,0.03166500664010624,22,0.09090909090909091,0.36363636363636365,0.25,0,56,3,0.6
4599,1976,Master,Married,49681.0,0,2,2013-04-11,66,411.0,0.0,26.0,0.0,0.0,21.0,6,7,1,7,7,0,0,0,0,0,0,3.0,11.0,0,458.0,432.0,0.9432314410480349,0.009218816046375878,15,0.4666666666666667,0.06666666666666667,1.0,2,38,0,0.0
7326,1971,Master,Married,56850.0,0,1,1970-01-01,83,34.0,1.0,19.0,2.0,7.0,0.0,1,1,1,3,2,0,0,0,0,0,0,3.0,11.0,0,63.0,41.0,0.6507936507936508,0.0011081794195250659,5,0.2,0.2,0.5,1,43,0,0.0
7352,1957,Graduation,Married,55267.0,0,1,1970-01-01,28,161.0,28.0,136.0,32.0,3.0,45.0,4,3,4,6,3,0,0,0,0,0,0,3.0,11.0,0,405.0,209.0,0.5160493827160494,0.007328061953787975,13,0.23076923076923078,0.3076923076923077,1.0,1,57,0,0.0
2350,1972,Graduation,Married,59666.0,1,1,1970-01-01,87,623.0,53.0,178.0,23.0,17.0,133.0,7,3,2,8,8,0,1,0,0,0,0,3.0,11.0,0,1027.0,773.0,0.7526777020447907,0.017212482821037108,13,0.23076923076923078,0.15384615384615385,0.375,2,42,1,0.2
9145,1972,Graduation,Single,72504.0,0,1,2013-06-04,43,604.0,26.0,470.0,123.0,161.0,94.0,2,5,9,6,2,0,0,0,0,0,0,3.0,11.0,0,1478.0,859.0,0.581190798376184,0.020385082202361248,20,0.25,0.45,2.5,1,42,0,0.0
2964,1981,Graduation,Married,26872.0,0,0,1970-01-01,0,3.0,10.0,8.0,3.0,16.0,32.0,1,1,1,2,6,0,0,0,0,0,0,3.0,11.0,0,72.0,51.0,0.7083333333333334,0.0026793688597796963,4,0.25,0.25,0.16666666666666666,0,33,0,0.0
5585,1972,Graduation,Single,21359.0,1,0,1970-01-01,1,12.0,2.0,17.0,6.0,1.0,10.0,2,2,0,3,8,0,0,0,0,0,0,3.0,11.0,1,48.0,23.0,0.4791666666666667,0.002247296221733227,5,0.4,0.0,0.25,1,42,0,0.0
9687,1975,Graduation,Single,73170.0,0,0,1970-01-01,1,184.0,174.0,256.0,50.0,30.0,32.0,1,5,4,6,2,0,0,0,0,0,0,3.0,11.0,0,726.0,246.0,0.33884297520661155,0.009922099220992209,15,0.3333333333333333,0.26666666666666666,2.5,0,39,0,0.0
3732,1955,Master,Married,52750.0,0,1,2013-04-02,72,393.0,0.0,239.0,90.0,69.0,69.0,6,5,7,9,4,0,0,0,0,0,0,3.0,11.0,0,860.0,531.0,0.6174418604651163,0.016303317535545023,21,0.23809523809523808,0.3333333333333333,1.25,1,59,0,0.0
6303,1986,PhD,Together,91820.0,0,0,1970-01-01,72,410.0,73.0,747.0,76.0,161.0,30.0,0,5,5,12,1,0,0,0,0,0,0,3.0,11.0,0,1497.0,601.0,0.4014696058784235,0.01630363755173165,22,0.22727272727272727,0.22727272727272727,5.0,0,28,0,0.0
11176,1970,PhD,Together,65968.0,0,1,2014-12-05,12,376.0,9.0,83.0,19.0,4.0,4.0,2,5,4,7,3,0,0,0,0,0,0,3.0,11.0,0,495.0,384.0,0.7757575757575758,0.007503638127577007,16,0.3125,0.25,1.6666666666666667,1,44,0,0.0
2986,1976,Graduation,Married,30772.0,1,1,2014-12-03,89,7.0,2.0,4.0,2.0,1.0,4.0,1,1,0,2,6,0,0,0,0,0,0,3.0,11.0,0,20.0,12.0,0.6,0.0006499415052645262,3,0.3333333333333333,0.0,0.16666666666666666,2,38,0,0.0
7462,1954,Graduation,Single,22507.0,0,0,1970-01-01,67,68.0,0.0,226.0,51.0,157.0,68.0,3,10,2,4,9,0,0,0,0,0,0,3.0,11.0,0,570.0,293.0,0.5140350877192983,0.0253254543031057,16,0.625,0.125,1.1111111111111112,0,60,0,0.0
3900,1972,Graduation,Married,65685.0,0,1,1970-01-01,54,642.0,14.0,49.0,0.0,7.0,57.0,1,9,2,9,5,0,0,0,0,0,0,3.0,11.0,0,769.0,706.0,0.918075422626788,0.01170739133744386,20,0.45,0.1,1.8,1,42,0,0.0
7034,1978,2n Cycle,Married,25804.0,1,0,2013-01-09,34,8.0,7.0,9.0,13.0,6.0,12.0,2,2,0,3,8,0,0,0,0,0,0,3.0,11.0,0,55.0,26.0,0.4727272727272727,0.0021314524879863586,5,0.4,0.0,0.25,1,36,0,0.0
9493,1980,PhD,Single,76412.0,0,0,2013-05-05,15,840.0,53.0,804.0,23.0,71.0,17.0,1,5,4,8,3,0,0,1,1,0,0,3.0,11.0,1,1808.0,928.0,0.5132743362831859,0.0236612050463278,17,0.29411764705882354,0.23529411764705882,1.6666666666666667,0,34,2,0.4
1143,1972,Graduation,Married,22063.0,1,0,2013-08-08,43,7.0,10.0,13.0,3.0,11.0,11.0,2,2,0,3,7,0,0,0,0,0,0,3.0,11.0,0,55.0,29.0,0.5272727272727272,0.0024928613515841002,5,0.4,0.0,0.2857142857142857,1,42,0,0.0
1,1961,Graduation,Single,57091.0,0,0,1970-01-01,0,464.0,5.0,64.0,7.0,0.0,37.0,1,7,3,7,5,0,0,0,0,1,0,3.0,11.0,1,577.0,501.0,0.8682842287694974,0.010106671804662732,17,0.4117647058823529,0.17647058823529413,1.4,0,53,1,0.2
3855,1963,Graduation,Married,22419.0,0,0,1970-01-01,74,30.0,3.0,47.0,19.0,21.0,42.0,1,3,2,2,8,0,0,0,0,0,0,3.0,11.0,0,162.0,93.0,0.5740740740740741,0.0072260136491368926,7,0.42857142857142855,0.2857142857142857,0.375,0,51,0,0.0
5536,1959,Graduation,Together,87771.0,0,1,1970-01-01,61,1492.0,38.0,287.0,50.0,57.0,33.0,1,5,10,4,6,0,1,1,1,1,0,3.0,11.0,1,1957.0,1582.0,0.8083801737353091,0.022296658349568763,19,0.2631578947368421,0.5263157894736842,0.8333333333333334,1,55,4,0.8
5989,1959,2n Cycle,Divorced,78353.0,0,1,1970-01-01,51,752.0,122.0,476.0,39.0,153.0,34.0,1,10,2,11,8,0,0,0,0,0,0,3.0,11.0,0,1576.0,939.0,0.5958121827411168,0.02011409901343918,23,0.43478260869565216,0.08695652173913043,1.25,1,55,0,0.0
9499,1954,Graduation,Married,93404.0,1,2,2013-07-05,97,1279.0,15.0,287.0,20.0,0.0,15.0,3,3,4,7,5,0,1,1,0,0,0,3.0,11.0,0,1616.0,1294.0,0.8007425742574258,0.01730118624470044,14,0.21428571428571427,0.2857142857142857,0.6,3,60,2,0.4
6768,1962,Graduation,Divorced,37859.0,1,2,2013-12-01,75,22.0,1.0,8.0,2.0,1.0,2.0,2,1,0,3,8,0,0,0,0,0,0,3.0,11.0,0,36.0,25.0,0.6944444444444444,0.0009508967484613963,4,0.25,0.0,0.125,3,52,0,0.0
2150,1958,PhD,Widow,80995.0,0,1,2013-11-05,83,860.0,28.0,409.0,73.0,56.0,56.0,1,8,9,4,4,0,0,0,0,0,0,3.0,11.0,0,1482.0,972.0,0.6558704453441295,0.018297425767022656,21,0.38095238095238093,0.42857142857142855,2.0,1,56,0,0.0
6646,1984,Graduation,Together,16529.0,1,0,2014-01-03,23,3.0,0.0,5.0,13.0,0.0,1.0,1,1,0,3,6,0,0,0,0,0,0,3.0,11.0,0,22.0,4.0,0.18181818181818182,0.0013309940105269526,4,0.25,0.0,0.16666666666666666,1,30,0,0.0
4887,1976,PhD,Divorced,55412.0,1,1,1970-01-01,65,10.0,5.0,28.0,11.0,1.0,8.0,1,2,0,3,5,0,0,0,0,0,0,3.0,11.0,0,63.0,19.0,0.30158730158730157,0.0011369378473976757,5,0.4,0.0,0.4,2,38,0,0.0
8560,1992,Graduation,Single,48789.0,0,0,2012-10-09,94,351.0,16.0,156.0,7.0,5.0,145.0,1,6,4,7,6,0,0,0,0,0,0,3.0,11.0,0,680.0,501.0,0.736764705882353,0.013937567894402427,17,0.35294117647058826,0.23529411764705882,1.0,0,22,0,0.0
3321,1967,PhD,Together,56575.0,0,2,2013-05-05,42,421.0,5.0,90.0,0.0,16.0,10.0,3,7,3,7,5,0,0,0,0,0,0,3.0,11.0,0,542.0,447.0,0.8247232472324724,0.00958020326999558,17,0.4117647058823529,0.17647058823529413,1.4,2,47,0,0.0
11003,1980,2n Cycle,Together,25130.0,1,0,2013-02-10,10,2.0,5.0,7.0,0.0,18.0,18.0,2,2,0,3,7,0,0,0,0,0,0,3.0,11.0,0,50.0,38.0,0.76,0.0019896538002387586,5,0.4,0.0,0.2857142857142857,1,34,0,0.0
10402,1967,Graduation,Married,35441.0,1,1,1970-01-01,94,25.0,1.0,9.0,2.0,1.0,1.0,2,1,0,3,8,0,0,0,0,0,0,3.0,11.0,0,39.0,27.0,0.6923076923076923,0.001100420417031122,4,0.25,0.0,0.125,2,47,0,0.0
9904,1956,Graduation,Married,71391.0,0,1,1970-01-01,50,336.0,123.0,274.0,46.0,123.0,141.0,5,6,5,12,3,0,0,0,0,0,0,3.0,11.0,0,1043.0,600.0,0.5752636625119847,0.014609684694149123,23,0.2608695652173913,0.21739130434782608,2.0,1,58,0,0.0
6141,1972,Master,Single,49494.0,1,0,1970-01-01,46,191.0,9.0,97.0,0.0,6.0,82.0,2,6,1,5,7,0,0,0,0,0,0,3.0,11.0,0,385.0,279.0,0.7246753246753247,0.007778720653008445,12,0.5,0.08333333333333333,0.8571428571428571,1,42,0,0.0
5687,1980,Graduation,Divorced,81702.0,0,0,1970-01-01,98,563.0,50.0,774.0,28.0,31.0,187.0,1,7,7,12,3,0,0,0,0,0,0,3.0,11.0,0,1633.0,781.0,0.4782608695652174,0.01998727081344398,26,0.2692307692307692,0.2692307692307692,2.3333333333333335,0,34,0,0.0
10856,1980,2n Cycle,Single,45889.0,0,1,2013-02-07,42,31.0,0.0,6.0,0.0,1.0,8.0,1,1,0,3,6,0,0,0,0,0,0,3.0,11.0,0,46.0,40.0,0.8695652173913043,0.001002418880341694,4,0.25,0.0,0.16666666666666666,1,34,0,0.0
5121,1977,Graduation,Single,56628.0,0,1,1970-01-01,30,479.0,5.0,82.0,7.0,17.0,171.0,2,7,6,5,5,1,0,0,0,0,0,3.0,11.0,0,761.0,667.0,0.8764783180026281,0.013438581620399803,18,0.3888888888888889,0.3333333333333333,1.4,1,37,1,0.2
4186,1950,Graduation,Together,34026.0,1,1,2013-05-08,11,18.0,6.0,15.0,12.0,8.0,17.0,3,2,1,3,5,0,0,0,0,0,0,3.0,11.0,0,76.0,43.0,0.5657894736842105,0.002233586081231999,6,0.3333333333333333,0.16666666666666666,0.4,2,64,0,0.0
368,1974,Graduation,Married,40049.0,0,1,1970-01-01,61,91.0,65.0,52.0,10.0,44.0,28.0,3,3,2,6,5,0,0,0,0,0,0,3.0,11.0,0,290.0,163.0,0.5620689655172414,0.00724112961622013,11,0.2727272727272727,0.18181818181818182,0.6,1,40,0,0.0
3312,1988,Graduation,Single,34176.0,1,0,2014-12-05,12,5.0,7.0,24.0,19.0,14.0,20.0,4,3,0,4,6,0,0,0,0,0,0,3.0,11.0,0,89.0,39.0,0.43820224719101125,0.0026041666666666665,7,0.42857142857142855,0.0,0.5,1,26,0,0.0
11121,1981,Graduation,Married,19419.0,1,0,2012-10-11,76,2.0,14.0,28.0,16.0,3.0,7.0,4,4,0,3,9,0,0,0,0,0,0,3.0,11.0,0,70.0,12.0,0.17142857142857143,0.0036047170297131676,7,0.5714285714285714,0.0,0.4444444444444444,1,33,0,0.0
5332,1960,2n Cycle,Married,82504.0,0,0,1970-01-01,2,362.0,50.0,431.0,134.0,35.0,54.0,1,3,6,7,1,0,0,0,0,0,0,3.0,11.0,0,1066.0,451.0,0.4230769230769231,0.012920585668573644,16,0.1875,0.375,3.0,0,54,0,0.0
5848,1970,Graduation,Together,81205.0,0,0,1970-01-01,43,724.0,74.0,929.0,97.0,55.0,130.0,1,5,6,7,2,1,0,1,0,1,0,3.0,11.0,1,2009.0,909.0,0.452463912394226,0.024739855920201958,18,0.2777777777777778,0.3333333333333333,2.5,0,44,3,0.6
10343,1991,2n Cycle,Single,61618.0,0,0,1970-01-01,27,605.0,91.0,399.0,0.0,45.0,205.0,2,3,6,8,3,0,0,0,0,0,0,3.0,11.0,0,1345.0,855.0,0.6356877323420075,0.021828037261839073,17,0.17647058823529413,0.35294117647058826,1.0,0,23,0,0.0
5935,1956,Master,Single,55284.0,0,1,1970-01-01,60,547.0,7.0,140.0,0.0,7.0,63.0,3,7,5,8,5,0,0,0,0,0,0,3.0,11.0,0,764.0,617.0,0.8075916230366492,0.013819549960205485,20,0.35,0.25,1.4,1,58,0,0.0
2895,1963,Graduation,Single,49980.0,0,1,1970-01-01,79,104.0,1.0,54.0,13.0,9.0,14.0,2,3,1,5,5,0,0,0,0,0,0,3.0,11.0,0,195.0,127.0,0.6512820512820513,0.0039015606242496998,9,0.3333333333333333,0.1111111111111111,0.6,1,51,0,0.0
10262,1980,Graduation,Married,15072.0,2,0,2013-10-05,96,8.0,2.0,15.0,0.0,10.0,18.0,4,3,1,3,5,0,0,0,0,0,0,3.0,11.0,0,53.0,36.0,0.6792452830188679,0.0035164543524416137,7,0.42857142857142855,0.14285714285714285,0.6,2,34,0,0.0
7848,1974,Graduation,Single,49166.0,0,1,1970-01-01,17,224.0,2.0,25.0,7.0,0.0,110.0,2,5,3,3,6,0,0,0,0,0,0,3.0,11.0,0,368.0,334.0,0.907608695652174,0.007484847252166131,11,0.45454545454545453,0.2727272727272727,0.8333333333333334,1,40,0,0.0
9477,1954,PhD,Married,65324.0,0,1,2014-11-01,0,384.0,0.0,102.0,21.0,32.0,5.0,3,6,2,9,4,0,0,0,0,0,0,3.0,11.0,0,544.0,421.0,0.7738970588235294,0.008327720286571551,17,0.35294117647058826,0.11764705882352941,1.5,1,60,0,0.0
4856,1957,2n Cycle,Married,82347.0,0,0,2012-06-11,38,556.0,54.0,845.0,202.0,133.0,63.0,1,7,7,10,3,1,0,0,1,0,0,3.0,11.0,0,1853.0,752.0,0.40582838640043173,0.022502337668646094,24,0.2916666666666667,0.2916666666666667,2.3333333333333335,0,57,2,0.4
7186,1966,PhD,Together,30843.0,1,1,1970-01-01,43,24.0,0.0,2.0,0.0,0.0,9.0,2,1,1,2,5,1,0,0,0,0,0,3.0,11.0,0,35.0,33.0,0.9428571428571428,0.0011347793664688909,4,0.25,0.25,0.2,2,48,1,0.2
5794,1974,PhD,Married,46374.0,0,1,1970-01-01,1,408.0,0.0,21.0,0.0,0.0,17.0,3,7,1,7,8,0,1,0,1,0,0,3.0,11.0,1,446.0,425.0,0.952914798206278,0.00961745805839479,15,0.4666666666666667,0.06666666666666667,0.875,1,40,2,0.4
1456,1979,Graduation,Single,60474.0,0,1,2013-01-04,25,265.0,199.0,303.0,234.0,9.0,170.0,7,10,2,12,7,0,0,0,0,0,0,3.0,11.0,0,1180.0,444.0,0.376271186440678,0.019512517776234414,24,0.4166666666666667,0.08333333333333333,1.4285714285714286,1,35,0,0.0
4877,1973,Master,Married,38576.0,0,1,2014-04-03,2,34.0,0.0,7.0,0.0,0.0,0.0,1,1,0,3,7,0,0,0,0,0,0,3.0,11.0,0,41.0,34.0,0.8292682926829268,0.0010628369970966404,4,0.25,0.0,0.14285714285714285,1,41,0,0.0
425,1985,Graduation,Married,55357.0,2,0,1970-01-01,66,374.0,64.0,116.0,84.0,25.0,64.0,3,6,2,11,5,0,0,0,0,0,0,3.0,11.0,0,727.0,463.0,0.6368638239339752,0.013132937117257076,19,0.3157894736842105,0.10526315789473684,1.2,2,29,0,0.0
3007,1966,Graduation,Together,37758.0,1,1,2012-04-10,49,27.0,2.0,10.0,0.0,0.0,1.0,2,1,0,3,8,0,0,0,0,0,0,3.0,11.0,0,40.0,28.0,0.7,0.001059378145028868,4,0.25,0.0,0.125,2,48,0,0.0
1031,1989,2n Cycle,Married,85710.0,0,0,2013-05-05,5,600.0,20.0,350.0,29.0,30.0,33.0,1,6,9,10,2,0,0,1,0,0,0,3.0,11.0,0,1062.0,663.0,0.6242937853107344,0.01239061953097655,25,0.24,0.36,3.0,0,25,1,0.2
4297,1969,Graduation,Together,23228.0,1,0,1970-01-01,71,13.0,2.0,18.0,6.0,1.0,0.0,2,2,0,3,8,0,0,0,0,0,0,3.0,11.0,0,40.0,14.0,0.35,0.001722059583261581,5,0.4,0.0,0.25,1,45,0,0.0
807,1969,Master,Together,44602.0,1,1,1970-01-01,35,167.0,2.0,89.0,0.0,0.0,34.0,6,6,1,4,8,0,0,0,0,0,0,3.0,11.0,0,292.0,201.0,0.6883561643835616,0.006546791623694005,11,0.5454545454545454,0.09090909090909091,0.75,2,45,0,0.0
9553,1987,Graduation,Married,7500.0,0,0,2013-09-01,94,0.0,2.0,3.0,4.0,1.0,5.0,1,0,0,3,6,0,0,0,0,0,0,3.0,11.0,0,15.0,6.0,0.4,0.002,3,0.0,0.0,0.0,0,27,0,0.0
4271,1989,2n Cycle,Together,38683.0,1,0,2012-04-10,80,46.0,35.0,69.0,84.0,41.0,66.0,6,4,1,6,7,0,0,0,0,0,0,3.0,11.0,0,341.0,153.0,0.44868035190615835,0.008815241837499677,11,0.36363636363636365,0.09090909090909091,0.5714285714285714,1,25,0,0.0
4120,1975,2n Cycle,Single,49514.0,1,0,1970-01-01,61,88.0,39.0,78.0,58.0,13.0,93.0,2,6,1,4,7,0,0,0,0,0,0,3.0,11.0,0,369.0,194.0,0.5257452574525745,0.007452437694389465,11,0.5454545454545454,0.09090909090909091,0.8571428571428571,1,39,0,0.0
2036,1973,PhD,Together,57906.0,0,1,2013-11-06,29,243.0,11.0,119.0,10.0,3.0,15.0,3,4,2,8,4,0,0,0,0,0,0,3.0,11.0,0,401.0,261.0,0.6508728179551122,0.006925016405899216,14,0.2857142857142857,0.14285714285714285,1.0,1,41,0,0.0
115,1966,Master,Single,43456.0,0,1,1970-01-01,0,275.0,11.0,68.0,25.0,7.0,7.0,3,5,1,8,5,0,0,0,0,0,0,3.0,11.0,0,393.0,289.0,0.7353689567430025,0.009043630338733432,14,0.35714285714285715,0.07142857142857142,1.0,1,48,0,0.0
4259,1986,Master,Single,19485.0,2,0,1970-01-01,80,6.0,0.0,4.0,0.0,0.0,0.0,1,1,0,2,7,0,0,0,0,0,0,3.0,11.0,0,10.0,6.0,0.6,0.0005132152938157557,3,0.3333333333333333,0.0,0.14285714285714285,2,28,0,0.0
8687,1978,Graduation,Together,53172.0,0,1,2013-06-05,54,121.0,62.0,90.0,68.0,20.0,125.0,3,2,3,8,3,0,0,0,0,0,0,3.0,11.0,0,486.0,266.0,0.5473251028806584,0.00914014895057549,13,0.15384615384615385,0.23076923076923078,0.6666666666666666,1,36,0,0.0
2447,1979,Graduation,Together,30545.0,1,0,1970-01-01,71,4.0,12.0,15.0,19.0,7.0,12.0,2,2,0,3,7,0,0,0,0,0,0,3.0,11.0,0,69.0,23.0,0.3333333333333333,0.0022589621869373057,5,0.4,0.0,0.2857142857142857,1,35,0,0.0
10140,1983,PhD,Together,70123.0,0,0,1970-01-01,27,1308.0,0.0,396.0,23.0,0.0,0.0,1,5,7,4,3,0,1,0,0,1,0,3.0,11.0,0,1727.0,1308.0,0.7573827446438911,0.0246281533876189,16,0.3125,0.4375,1.6666666666666667,0,31,2,0.4
9353,1959,Graduation,Single,62450.0,0,1,2014-06-01,61,515.0,47.0,267.0,62.0,66.0,38.0,2,5,5,4,3,0,1,0,0,0,0,3.0,11.0,0,995.0,619.0,0.6221105527638191,0.015932746196957566,14,0.35714285714285715,0.35714285714285715,1.6666666666666667,1,55,1,0.2
3623,1976,Graduation,Together,21675.0,1,0,2014-11-06,55,4.0,0.0,16.0,17.0,4.0,4.0,3,4,0,3,7,0,0,0,0,0,0,3.0,11.0,0,45.0,12.0,0.26666666666666666,0.0020761245674740486,7,0.5714285714285714,0.0,0.5714285714285714,1,38,0,0.0
738,1981,2n Cycle,Single,42395.0,1,1,2014-04-04,35,48.0,13.0,57.0,24.0,15.0,25.0,4,3,1,4,7,0,0,0,0,0,0,3.0,11.0,0,182.0,88.0,0.4835164835164835,0.00429295907536266,8,0.375,0.125,0.42857142857142855,2,33,0,0.0
7631,1978,Master,Together,61346.0,1,0,2013-06-10,34,562.0,58.0,168.0,43.0,16.0,142.0,1,5,7,10,3,0,0,0,0,0,0,3.0,11.0,0,989.0,720.0,0.7280080889787665,0.01612167052456558,22,0.22727272727272727,0.3181818181818182,1.6666666666666667,1,36,0,0.0
4789,1953,Graduation,Together,80812.0,0,0,1970-01-01,95,769.0,22.0,500.0,210.0,143.0,33.0,1,4,8,5,2,1,0,1,1,0,0,3.0,11.0,0,1677.0,945.0,0.5635062611806798,0.02075186853437608,17,0.23529411764705882,0.47058823529411764,2.0,0,61,3,0.6
773,1971,Master,Divorced,42835.0,1,1,1970-01-01,64,379.0,4.0,93.0,12.0,9.0,98.0,7,6,6,4,6,0,0,0,0,0,0,3.0,11.0,0,595.0,486.0,0.8168067226890756,0.01389051009688339,16,0.375,0.375,1.0,2,43,0,0.0
10602,1983,Graduation,Married,39922.0,1,0,1970-01-01,30,29.0,12.0,59.0,19.0,1.0,36.0,2,3,0,4,8,0,0,0,0,0,0,3.0,11.0,0,156.0,66.0,0.4230769230769231,0.003907619858724513,7,0.42857142857142855,0.0,0.375,1,31,0,0.0
1446,1956,Master,Single,86424.0,0,0,2014-05-04,12,387.0,68.0,569.0,89.0,45.0,68.0,1,6,9,12,1,0,0,0,0,0,0,3.0,11.0,0,1226.0,500.0,0.4078303425774878,0.014185874294177543,27,0.2222222222222222,0.3333333333333333,6.0,0,58,0,0.0
3270,1978,2n Cycle,Together,17117.0,1,0,1970-01-01,96,12.0,23.0,38.0,30.0,18.0,7.0,4,3,1,3,9,0,0,0,0,0,0,3.0,11.0,0,128.0,37.0,0.2890625,0.007477945901735117,7,0.42857142857142855,0.14285714285714285,0.3333333333333333,1,36,0,0.0
8443,1972,Graduation,Single,24762.0,1,0,2014-10-02,16,6.0,10.0,12.0,3.0,15.0,40.0,3,3,1,2,8,1,0,0,0,0,0,3.0,11.0,1,86.0,61.0,0.7093023255813954,0.003473063565140134,6,0.5,0.16666666666666666,0.375,1,42,1,0.2
9653,1975,Graduation,Married,35797.0,0,1,1970-01-01,16,27.0,1.0,14.0,4.0,1.0,21.0,2,2,0,3,8,0,0,0,0,0,0,3.0,11.0,0,68.0,49.0,0.7205882352941176,0.0018996005251836745,5,0.4,0.0,0.25,1,39,0,0.0
8916,1975,Graduation,Divorced,36627.0,2,0,1970-01-01,78,9.0,1.0,5.0,0.0,0.0,1.0,1,0,0,3,5,0,0,0,0,0,0,3.0,11.0,0,16.0,10.0,0.625,0.00043683621372211755,3,0.0,0.0,0.0,2,39,0,0.0
8017,1981,2n Cycle,Married,51111.0,1,1,1970-01-01,83,22.0,0.0,19.0,6.0,5.0,3.0,2,2,0,3,6,0,0,0,0,0,0,3.0,11.0,0,55.0,30.0,0.5454545454545454,0.0010760892958462953,5,0.4,0.0,0.3333333333333333,2,33,0,0.0
5830,1972,PhD,Single,86857.0,0,0,2012-12-09,96,899.0,102.0,838.0,133.0,102.0,40.0,1,5,6,10,2,0,0,0,0,0,0,3.0,11.0,1,2114.0,1041.0,0.4924314096499527,0.024338855820486546,21,0.23809523809523808,0.2857142857142857,2.5,0,42,0,0.0
4597,1970,PhD,Together,82072.0,0,0,2013-02-07,67,889.0,55.0,685.0,168.0,92.0,129.0,1,3,2,13,1,0,0,0,0,0,0,3.0,11.0,0,2018.0,1110.0,0.5500495540138751,0.02458816648796179,18,0.16666666666666666,0.1111111111111111,3.0,0,44,0,0.0
7023,1953,PhD,Single,46231.0,2,1,1970-01-01,87,189.0,2.0,55.0,0.0,5.0,12.0,4,6,1,4,9,0,0,0,0,0,0,3.0,11.0,0,263.0,206.0,0.7832699619771863,0.005688823516687936,11,0.5454545454545454,0.09090909090909091,0.6666666666666666,3,61,0,0.0
8086,1959,Graduation,Married,42243.0,1,1,2013-11-12,34,48.0,0.0,2.0,0.0,0.0,5.0,2,2,0,3,7,0,0,0,0,0,0,3.0,11.0,0,55.0,53.0,0.9636363636363636,0.001301990862391402,5,0.4,0.0,0.2857142857142857,2,55,0,0.0
8825,1962,Graduation,Together,51195.0,1,1,2013-01-04,46,230.0,14.0,156.0,82.0,24.0,58.0,8,9,2,5,8,0,0,0,0,0,0,3.0,11.0,0,564.0,312.0,0.5531914893617021,0.011016700849692352,16,0.5625,0.125,1.125,2,52,0,0.0
2930,1978,Master,Single,68092.0,0,0,1970-01-01,7,852.0,60.0,207.0,78.0,36.0,48.0,2,2,6,10,5,0,0,0,0,0,0,3.0,11.0,0,1281.0,936.0,0.7306791569086651,0.01881278270575104,18,0.1111111111111111,0.3333333333333333,0.4,0,36,0,0.0
1928,1973,Graduation,Married,31814.0,1,0,2013-09-02,73,35.0,3.0,20.0,4.0,1.0,20.0,2,2,0,3,9,1,0,0,0,0,0,3.0,11.0,0,83.0,56.0,0.6746987951807228,0.0026089143144527567,5,0.4,0.0,0.2222222222222222,1,41,1,0.2
7108,1965,Master,Widow,51390.0,1,1,2012-08-09,54,205.0,20.0,47.0,23.0,2.0,56.0,6,5,2,5,5,0,0,0,0,0,0,3.0,11.0,0,353.0,263.0,0.7450424929178471,0.006869040669390932,12,0.4166666666666667,0.16666666666666666,1.0,2,49,0,0.0
10925,1983,Graduation,Married,76630.0,0,0,1970-01-01,93,255.0,31.0,446.0,40.0,56.0,175.0,1,3,10,11,1,0,0,0,0,0,0,3.0,11.0,0,1003.0,486.0,0.48454636091724823,0.01308886858932533,24,0.125,0.4166666666666667,3.0,0,31,0,0.0
9960,1991,Basic,Single,26868.0,1,0,1970-01-01,52,0.0,0.0,1.0,8.0,3.0,2.0,1,1,0,2,7,0,0,0,0,0,0,3.0,11.0,0,14.0,5.0,0.35714285714285715,0.0005210659520619325,3,0.3333333333333333,0.0,0.14285714285714285,1,23,0,0.0
8800,1943,PhD,Divorced,48948.0,0,0,2013-01-02,53,437.0,8.0,206.0,160.0,49.0,42.0,2,7,10,5,6,1,0,0,0,0,0,3.0,11.0,1,902.0,528.0,0.5853658536585366,0.01842771921222522,22,0.3181818181818182,0.45454545454545453,1.1666666666666667,0,71,1,0.2
9224,1972,PhD,Single,55260.0,0,1,2012-12-12,81,825.0,8.0,53.0,11.0,0.0,242.0,2,8,10,5,6,0,0,0,0,0,0,3.0,11.0,0,1139.0,1067.0,0.9367866549604916,0.02061165399927615,23,0.34782608695652173,0.43478260869565216,1.3333333333333333,1,42,0,0.0
5519,1956,Graduation,Together,64090.0,0,1,2013-07-08,8,316.0,58.0,161.0,76.0,51.0,135.0,1,6,9,4,5,0,0,0,0,0,0,3.0,11.0,1,797.0,502.0,0.6298619824341279,0.012435637384927445,19,0.3157894736842105,0.47368421052631576,1.2,1,58,0,0.0
5046,1958,Graduation,Divorced,78331.0,0,1,1970-01-01,97,756.0,138.0,354.0,160.0,169.0,61.0,2,10,6,7,4,0,0,0,0,0,0,3.0,11.0,0,1638.0,986.0,0.6019536019536019,0.020911261186503428,23,0.43478260869565216,0.2608695652173913,2.5,1,56,0,0.0
7037,1974,PhD,Married,37087.0,1,0,2013-11-08,50,194.0,55.0,134.0,15.0,0.0,3.0,3,4,2,8,6,0,0,0,0,0,0,3.0,11.0,0,401.0,197.0,0.4912718204488778,0.010812414053441907,14,0.2857142857142857,0.14285714285714285,0.6666666666666666,1,40,0,0.0
905,1986,Graduation,Divorced,21846.0,1,0,1970-01-01,38,7.0,17.0,18.0,6.0,10.0,26.0,4,4,0,3,8,0,0,0,0,0,0,3.0,11.0,0,84.0,43.0,0.5119047619047619,0.0038450975006866246,7,0.5714285714285714,0.0,0.5,1,28,0,0.0
8624,1958,Graduation,Married,81320.0,0,0,2013-06-02,61,183.0,33.0,493.0,59.0,103.0,57.0,1,4,3,10,2,0,0,0,0,0,0,3.0,11.0,0,928.0,343.0,0.36961206896551724,0.011411706837186423,17,0.23529411764705882,0.17647058823529413,2.0,0,56,0,0.0
8945,1970,Graduation,Divorced,54137.0,0,1,1970-01-01,46,171.0,0.0,11.0,0.0,1.0,20.0,2,4,1,4,6,0,0,0,0,0,0,3.0,11.0,0,203.0,192.0,0.9458128078817734,0.0037497460147403808,9,0.4444444444444444,0.1111111111111111,0.6666666666666666,1,44,0,0.0
6445,1967,Graduation,Together,66825.0,0,0,1970-01-01,73,243.0,101.0,405.0,29.0,40.0,40.0,1,4,5,6,2,0,0,0,0,0,0,3.0,11.0,0,858.0,323.0,0.3764568764568765,0.012839506172839505,15,0.26666666666666666,0.3333333333333333,2.0,0,47,0,0.0
2727,1973,Graduation,Together,57100.0,0,0,2013-04-12,19,181.0,21.0,69.0,39.0,3.0,96.0,1,3,3,6,3,0,0,0,0,0,0,3.0,11.0,0,409.0,280.0,0.684596577017115,0.007162872154115586,12,0.25,0.25,1.0,0,41,0,0.0
6404,1969,Graduation,Together,58917.0,1,2,1970-01-01,10,151.0,7.0,89.0,0.0,7.0,28.0,5,4,1,6,5,0,0,0,0,0,0,3.0,11.0,0,282.0,186.0,0.6595744680851063,0.004786394419267784,11,0.36363636363636365,0.09090909090909091,0.8,3,45,0,0.0
11074,1977,Graduation,Single,85072.0,0,0,2014-09-04,94,494.0,92.0,391.0,194.0,11.0,241.0,1,3,4,10,0,0,0,0,0,0,0,3.0,11.0,0,1423.0,746.0,0.5242445537596627,0.01672700771111529,17,0.17647058823529413,0.23529411764705882,,0,37,0,0.0
10150,1961,Graduation,Single,86429.0,0,0,1970-01-01,10,464.0,28.0,873.0,29.0,18.0,37.0,0,7,4,7,2,0,0,0,1,0,0,3.0,11.0,1,1449.0,519.0,0.3581780538302277,0.016765206122944847,18,0.3888888888888889,0.2222222222222222,3.5,0,53,1,0.2
1968,1971,Graduation,Widow,45684.0,1,0,2013-02-12,37,5.0,1.0,5.0,10.0,0.0,7.0,1,1,0,2,7,0,0,0,0,0,0,3.0,11.0,0,28.0,12.0,0.42857142857142855,0.0006129060502582961,3,0.3333333333333333,0.0,0.14285714285714285,1,43,0,0.0
6534,1974,Graduation,Together,47889.0,1,0,2014-04-01,94,29.0,0.0,29.0,0.0,5.0,4.0,1,2,0,3,5,0,0,0,0,0,0,3.0,11.0,0,67.0,38.0,0.5671641791044776,0.0013990686796550356,5,0.4,0.0,0.4,1,40,0,0.0
9485,1986,PhD,Married,45921.0,0,0,2014-10-03,23,102.0,9.0,49.0,24.0,3.0,12.0,1,2,1,6,4,0,0,0,0,0,0,3.0,11.0,0,199.0,117.0,0.5879396984924623,0.0043335293220966445,9,0.2222222222222222,0.1111111111111111,0.5,0,28,0,0.0
7053,1966,PhD,Single,78420.0,0,0,1970-01-01,75,604.0,28.0,674.0,91.0,28.0,28.0,1,3,10,8,1,0,0,0,0,0,0,3.0,11.0,0,1453.0,660.0,0.4542326221610461,0.01852843662331038,21,0.14285714285714285,0.47619047619047616,3.0,0,48,0,0.0
4654,1992,Graduation,Together,75114.0,0,0,2013-07-11,40,571.0,12.0,523.0,63.0,60.0,24.0,1,3,10,5,2,0,0,0,0,0,0,3.0,11.0,0,1253.0,655.0,0.5227454110135674,0.01668131107383444,18,0.16666666666666666,0.5555555555555556,1.5,0,22,0,0.0
9760,1963,PhD,Widow,52278.0,0,1,1970-01-01,24,953.0,0.0,71.0,0.0,0.0,174.0,6,10,5,10,8,0,0,0,0,0,0,3.0,11.0,1,1198.0,1127.0,0.9407345575959933,0.02291594934771797,25,0.4,0.2,1.25,1,51,0,0.0
1048,1972,Master,Married,35641.0,1,0,1970-01-01,11,63.0,3.0,67.0,8.0,9.0,28.0,2,3,1,4,7,0,0,0,0,0,0,3.0,11.0,1,178.0,100.0,0.5617977528089888,0.004994248197300861,8,0.375,0.125,0.42857142857142855,1,42,0,0.0
10619,1994,Graduation,Single,95529.0,0,0,2012-03-12,29,770.0,29.0,890.0,250.0,27.0,24.0,1,7,3,7,3,0,0,1,0,0,0,3.0,11.0,1,1990.0,821.0,0.4125628140703518,0.020831370578567765,17,0.4117647058823529,0.17647058823529413,2.3333333333333335,0,20,1,0.2
9308,1954,Graduation,Married,62820.0,0,0,2013-11-05,51,398.0,61.0,265.0,138.0,61.0,53.0,1,3,4,6,1,0,0,0,0,0,0,3.0,11.0,0,976.0,512.0,0.5245901639344263,0.015536453358802929,13,0.23076923076923078,0.3076923076923077,3.0,0,60,0,0.0
10505,1960,Master,Together,73113.0,0,0,1970-01-01,86,741.0,19.0,154.0,50.0,9.0,28.0,1,3,4,7,2,0,0,0,0,0,0,3.0,11.0,0,1001.0,778.0,0.7772227772227772,0.013691135639352783,14,0.21428571428571427,0.2857142857142857,1.5,0,54,0,0.0
8362,1982,PhD,Married,84169.0,0,0,2013-07-08,9,1478.0,19.0,403.0,0.0,19.0,0.0,1,7,6,6,3,0,1,1,0,0,0,3.0,11.0,1,1919.0,1497.0,0.7800937988535696,0.02279936793831458,19,0.3684210526315789,0.3157894736842105,2.3333333333333335,0,32,2,0.4
2625,1954,2n Cycle,Single,42607.0,0,1,1970-01-01,30,156.0,29.0,56.0,30.0,32.0,47.0,2,3,2,7,3,0,0,0,0,0,0,3.0,11.0,0,350.0,235.0,0.6714285714285714,0.008214612622339051,12,0.25,0.16666666666666666,1.0,1,60,0,0.0
4637,1954,PhD,Single,74637.0,0,0,1970-01-01,73,960.0,64.0,464.0,146.0,0.0,16.0,1,6,9,9,3,0,0,0,1,0,0,3.0,11.0,0,1650.0,976.0,0.5915151515151515,0.022106997869689296,24,0.25,0.375,2.0,0,60,1,0.2
9972,1955,PhD,Together,46015.0,1,1,1970-01-01,25,38.0,0.0,2.0,0.0,0.0,6.0,1,1,0,3,7,1,0,0,0,1,0,3.0,11.0,0,46.0,44.0,0.9565217391304348,0.0009996740193415191,4,0.25,0.0,0.14285714285714285,2,59,2,0.4
4483,1993,Graduation,Single,72354.0,0,0,1970-01-01,67,315.0,26.0,473.0,220.0,12.0,182.0,1,2,10,6,1,0,0,0,0,0,0,3.0,11.0,0,1228.0,509.0,0.4144951140065147,0.016972109351245265,18,0.1111111111111111,0.5555555555555556,2.0,0,21,0,0.0
4487,1969,Master,Single,39858.0,1,0,1970-01-01,67,15.0,20.0,25.0,2.0,7.0,26.0,1,2,0,4,6,0,0,0,0,0,0,3.0,11.0,1,95.0,48.0,0.5052631578947369,0.0023834612875708767,6,0.3333333333333333,0.0,0.3333333333333333,1,45,0,0.0
4988,1948,PhD,Married,34469.0,1,1,2014-04-05,58,19.0,6.0,20.0,0.0,5.0,12.0,3,1,1,4,4,0,0,0,0,0,0,3.0,11.0,0,62.0,36.0,0.5806451612903226,0.0017987176883576548,6,0.16666666666666666,0.16666666666666666,0.25,2,66,0,0.0
8931,1986,Graduation,Together,83033.0,1,0,1970-01-01,82,812.0,99.0,431.0,237.0,149.0,33.0,1,11,4,10,5,0,0,0,1,0,0,3.0,11.0,0,1761.0,994.0,0.5644520159000568,0.021208435200462467,25,0.44,0.16,2.2,1,28,1,0.2
5871,1979,Master,Together,24401.0,0,0,1970-01-01,98,73.0,28.0,217.0,10.0,24.0,115.0,3,6,1,6,8,0,0,0,0,0,0,3.0,11.0,0,467.0,212.0,0.4539614561027837,0.01913855989508627,13,0.46153846153846156,0.07692307692307693,0.75,0,35,0,0.0
2008,1978,Graduation,Married,77583.0,0,0,2014-10-02,93,372.0,23.0,384.0,250.0,12.0,108.0,1,4,5,9,2,0,0,0,1,0,0,3.0,11.0,0,1149.0,492.0,0.4281984334203655,0.014809945477746413,18,0.2222222222222222,0.2777777777777778,2.0,0,36,1,0.2
3139,1982,2n Cycle,Single,74116.0,0,0,1970-01-01,53,871.0,111.0,704.0,145.0,55.0,166.0,1,4,4,10,2,0,1,0,0,0,0,3.0,11.0,0,2052.0,1092.0,0.5321637426900585,0.027686329537481784,18,0.2222222222222222,0.2222222222222222,2.0,0,32,1,0.2
10037,1993,Graduation,Single,74293.0,0,0,2014-04-05,66,375.0,152.0,335.0,93.0,91.0,81.0,1,5,4,6,2,0,0,0,0,0,0,3.0,11.0,0,1127.0,547.0,0.48535936113575867,0.015169666051983364,15,0.3333333333333333,0.26666666666666666,2.5,0,21,0,0.0
10673,1976,PhD,Married,68397.0,0,1,1970-01-01,6,760.0,80.0,466.0,17.0,13.0,80.0,1,6,9,5,3,0,0,0,0,0,0,3.0,11.0,0,1416.0,853.0,0.6024011299435028,0.020702662397473575,20,0.3,0.45,2.0,1,38,0,0.0
5303,1974,PhD,Together,79632.0,0,0,2014-08-04,42,471.0,0.0,510.0,99.0,21.0,12.0,1,6,4,9,2,0,0,0,0,0,0,3.0,11.0,0,1113.0,504.0,0.4528301886792453,0.013976793248945147,19,0.3157894736842105,0.21052631578947367,3.0,0,40,0,0.0
538,1989,Graduation,Single,46107.0,1,0,2014-10-02,78,31.0,9.0,27.0,16.0,9.0,33.0,1,1,1,4,3,0,0,0,0,0,0,3.0,11.0,0,125.0,73.0,0.584,0.0027110850846942982,6,0.16666666666666666,0.16666666666666666,0.3333333333333333,1,25,0,0.0
7922,1951,PhD,Single,64950.0,0,1,2012-12-08,29,819.0,0.0,72.0,12.0,0.0,63.0,2,11,2,10,7,0,1,0,0,0,0,3.0,11.0,0,966.0,882.0,0.9130434782608695,0.014872979214780601,23,0.4782608695652174,0.08695652173913043,1.5714285714285714,1,63,1,0.2
5692,1989,Basic,Married,25443.0,1,0,1970-01-01,82,1.0,4.0,3.0,8.0,9.0,7.0,1,1,0,3,8,0,0,0,0,0,0,3.0,11.0,0,32.0,17.0,0.53125,0.0012577133199701293,4,0.25,0.0,0.125,1,25,0,0.0
4843,1952,Graduation,Single,75127.0,0,0,1970-01-01,92,203.0,35.0,305.0,46.0,17.0,227.0,1,2,11,5,1,0,0,0,0,0,0,3.0,11.0,0,833.0,447.0,0.5366146458583433,0.011087891170950524,18,0.1111111111111111,0.6111111111111112,2.0,0,62,0,0.0
6383,1971,PhD,Together,32892.0,1,0,1970-01-01,78,26.0,0.0,15.0,2.0,1.0,2.0,2,3,0,3,8,0,0,0,0,0,0,3.0,11.0,0,46.0,29.0,0.6304347826086957,0.001398516356560866,6,0.5,0.0,0.375,1,43,0,0.0
1628,1971,Graduation,Together,71796.0,0,0,1970-01-01,54,354.0,21.0,311.0,167.0,75.0,32.0,1,9,3,4,4,0,0,0,0,0,0,3.0,11.0,0,960.0,461.0,0.48020833333333335,0.013371218452281465,16,0.5625,0.1875,2.25,0,43,0,0.0
1204,1970,PhD,Married,67536.0,0,1,1970-01-01,45,1253.0,0.0,447.0,23.0,71.0,35.0,3,11,5,11,8,0,0,0,1,0,0,3.0,11.0,0,1829.0,1359.0,0.7430289775833789,0.027081852641554133,27,0.4074074074074074,0.18518518518518517,1.375,1,44,1,0.2
3673,1971,Graduation,Single,55239.0,0,1,1970-01-01,59,371.0,17.0,238.0,23.0,24.0,106.0,3,7,5,11,5,0,0,0,0,0,0,3.0,11.0,0,779.0,501.0,0.6431322207958922,0.01410235522004381,23,0.30434782608695654,0.21739130434782608,1.4,1,43,0,0.0
760,1975,PhD,Divorced,60554.0,1,0,2013-09-08,8,588.0,7.0,76.0,110.0,15.0,15.0,2,8,4,9,6,0,0,0,0,0,0,3.0,11.0,0,811.0,618.0,0.7620221948212084,0.01339300459094362,21,0.38095238095238093,0.19047619047619047,1.3333333333333333,1,39,0,0.0
8957,1952,2n Cycle,Single,64831.0,1,1,2013-10-06,51,480.0,86.0,249.0,75.0,86.0,144.0,8,6,3,5,6,0,0,0,0,0,0,3.0,11.0,0,1120.0,710.0,0.6339285714285714,0.01727568601440669,14,0.42857142857142855,0.21428571428571427,1.0,2,62,0,0.0
4128,1962,PhD,Together,56067.0,0,1,1970-01-01,51,517.0,12.0,54.0,16.0,6.0,120.0,2,7,4,7,5,0,0,0,0,0,0,3.0,11.0,0,725.0,643.0,0.886896551724138,0.012930957604294862,18,0.3888888888888889,0.2222222222222222,1.4,1,52,0,0.0
6810,1983,Graduation,Divorced,82025.0,0,0,1970-01-01,76,267.0,98.0,606.0,48.0,70.0,98.0,1,3,2,6,1,0,0,1,0,0,0,3.0,11.0,1,1187.0,435.0,0.36647009267059816,0.014471197805547089,11,0.2727272727272727,0.18181818181818182,3.0,0,31,1,0.2
5386,1953,Graduation,Together,94384.0,0,0,2013-04-03,62,1111.0,24.0,790.0,160.0,45.0,172.0,0,5,8,5,2,0,1,1,1,0,0,3.0,11.0,1,2302.0,1328.0,0.576889661164205,0.02438972707238515,18,0.2777777777777778,0.4444444444444444,2.5,0,61,3,0.6
8700,1986,Basic,Single,14906.0,0,0,1970-01-01,86,7.0,7.0,14.0,7.0,16.0,15.0,3,2,1,3,7,0,0,0,0,0,0,3.0,11.0,0,66.0,38.0,0.5757575757575758,0.0044277472158862205,6,0.3333333333333333,0.16666666666666666,0.2857142857142857,0,28,0,0.0
3202,1987,PhD,Married,51563.0,0,0,2012-01-10,60,1166.0,0.0,48.0,0.0,0.0,36.0,1,4,4,10,8,0,1,1,0,0,0,3.0,11.0,0,1250.0,1202.0,0.9616,0.024242189166650507,18,0.2222222222222222,0.2222222222222222,0.5,0,27,2,0.4
1328,1982,2n Cycle,Married,57937.0,0,1,1970-01-01,56,261.0,42.0,144.0,55.0,48.0,133.0,3,4,4,9,3,0,0,0,0,0,0,3.0,11.0,0,683.0,442.0,0.6471449487554904,0.011788667000362463,17,0.23529411764705882,0.23529411764705882,1.3333333333333333,1,32,0,0.0
8405,1979,Graduation,Divorced,68274.0,1,1,1970-01-01,83,135.0,25.0,51.0,23.0,25.0,46.0,2,4,2,5,3,0,0,0,0,0,0,3.0,11.0,0,305.0,206.0,0.6754098360655738,0.00446729355245042,11,0.36363636363636365,0.18181818181818182,1.3333333333333333,2,35,0,0.0
6515,1977,Graduation,Together,39771.0,1,0,2013-06-12,92,6.0,2.0,18.0,2.0,8.0,14.0,1,2,0,3,4,0,0,0,0,0,0,3.0,11.0,0,50.0,28.0,0.56,0.0012571974554323503,5,0.4,0.0,0.5,1,37,0,0.0
2882,1975,2n Cycle,Divorced,67893.0,0,1,2012-01-10,31,711.0,28.0,142.0,49.0,18.0,47.0,2,3,2,9,8,0,0,0,0,0,0,3.0,11.0,0,995.0,776.0,0.7798994974874371,0.014655413665620903,14,0.21428571428571427,0.14285714285714285,0.375,1,39,0,0.0
7574,1979,PhD,Together,27922.0,1,0,2014-10-05,80,11.0,0.0,13.0,2.0,4.0,11.0,1,2,0,3,4,0,0,0,0,0,0,3.0,11.0,0,41.0,26.0,0.6341463414634146,0.0014683761908172767,5,0.4,0.0,0.5,1,35,0,0.0
6387,1976,PhD,Together,52190.0,1,1,2014-08-05,39,42.0,0.0,17.0,0.0,0.0,18.0,3,2,1,3,5,1,0,0,0,0,0,3.0,11.0,0,77.0,60.0,0.7792207792207793,0.0014753784249856294,6,0.3333333333333333,0.16666666666666666,0.4,2,38,1,0.2
5320,1973,Master,Divorced,44051.0,1,1,1970-01-01,20,79.0,7.0,58.0,6.0,3.0,18.0,4,3,1,4,6,0,0,0,0,0,0,3.0,11.0,1,171.0,100.0,0.5847953216374269,0.003881864202855781,8,0.375,0.125,0.5,2,41,0,0.0
5048,1971,PhD,Single,42767.0,2,0,2013-11-05,53,20.0,6.0,43.0,19.0,5.0,38.0,1,3,1,2,8,0,0,0,0,0,0,3.0,11.0,0,131.0,63.0,0.48091603053435117,0.0030631094067856057,6,0.5,0.16666666666666666,0.375,2,43,0,0.0
8146,1976,Master,Together,46106.0,1,1,2014-11-05,84,30.0,0.0,8.0,2.0,0.0,14.0,1,1,1,2,6,0,0,0,0,0,0,3.0,11.0,0,54.0,44.0,0.8148148148148148,0.0011712141586778294,4,0.25,0.25,0.16666666666666666,2,38,0,0.0
10031,1976,PhD,Married,16927.0,1,1,2013-10-02,50,20.0,2.0,23.0,3.0,1.0,4.0,5,3,0,4,8,0,0,0,0,0,0,3.0,11.0,0,53.0,25.0,0.4716981132075472,0.0031310923376853548,7,0.42857142857142855,0.0,0.375,2,38,0,0.0
5748,1965,Graduation,Married,59754.0,0,1,2012-01-12,96,115.0,27.0,44.0,4.0,146.0,139.0,3,5,2,6,5,0,0,0,0,0,0,3.0,11.0,1,475.0,400.0,0.8421052631578947,0.00794925862703752,13,0.38461538461538464,0.15384615384615385,1.0,1,49,0,0.0
2134,1952,Graduation,Single,53700.0,0,1,1970-01-01,94,263.0,5.0,233.0,69.0,41.0,83.0,4,5,5,8,5,0,0,0,0,0,0,3.0,11.0,0,694.0,387.0,0.5576368876080692,0.01292364990689013,18,0.2777777777777778,0.2777777777777778,1.0,1,62,0,0.0
1523,1973,Graduation,Married,59041.0,1,1,2014-07-05,25,69.0,2.0,15.0,2.0,2.0,6.0,2,2,0,4,5,0,0,0,0,0,0,3.0,11.0,0,96.0,77.0,0.8020833333333334,0.0016259887197032571,6,0.3333333333333333,0.0,0.4,2,41,0,0.0
9665,1957,PhD,Divorced,54237.0,0,1,1970-01-01,48,267.0,3.0,30.0,4.0,0.0,57.0,4,5,2,5,6,0,0,0,0,0,0,3.0,11.0,0,361.0,324.0,0.8975069252077562,0.006655972859855818,12,0.4166666666666667,0.16666666666666666,0.8333333333333334,1,57,0,0.0
4640,1967,Graduation,Divorced,70647.0,0,1,1970-01-01,65,561.0,85.0,171.0,25.0,123.0,114.0,2,4,7,13,2,0,0,0,0,0,0,3.0,11.0,0,1079.0,798.0,0.7395736793327155,0.01527311846221354,24,0.16666666666666666,0.2916666666666667,2.0,1,47,0,0.0
3635,1962,PhD,Single,52597.0,0,1,2014-07-05,69,492.0,0.0,37.0,7.0,0.0,42.0,3,6,3,8,5,0,0,0,0,0,0,3.0,11.0,0,578.0,534.0,0.9238754325259516,0.010989219917485788,17,0.35294117647058826,0.17647058823529413,1.2,1,52,0,0.0
3547,1969,Master,Together,41021.0,1,0,1970-01-01,12,14.0,7.0,9.0,6.0,16.0,12.0,2,2,0,3,6,0,0,0,0,0,0,3.0,11.0,1,64.0,42.0,0.65625,0.001560176494965993,5,0.4,0.0,0.3333333333333333,1,45,0,0.0
2456,1975,PhD,Married,40233.0,0,1,1970-01-01,84,80.0,4.0,46.0,0.0,17.0,2.0,5,2,1,5,6,0,0,0,0,0,0,3.0,11.0,0,149.0,99.0,0.6644295302013423,0.0037034275346108916,8,0.25,0.125,0.3333333333333333,1,39,0,0.0
5633,1980,Graduation,Married,50183.0,1,1,1970-01-01,47,97.0,12.0,84.0,13.0,10.0,15.0,7,3,1,6,5,0,0,0,0,0,0,3.0,11.0,0,231.0,122.0,0.5281385281385281,0.00460315246198912,10,0.3,0.1,0.6,2,34,0,0.0
7801,1959,Graduation,Together,54753.0,0,1,2013-12-09,87,197.0,107.0,227.0,7.0,59.0,131.0,3,5,2,11,4,0,0,0,0,0,0,3.0,11.0,0,728.0,387.0,0.5315934065934066,0.013296075100907712,18,0.2777777777777778,0.1111111111111111,1.25,1,55,0,0.0
10489,1973,Graduation,Married,92955.0,0,0,1970-01-01,35,693.0,21.0,925.0,31.0,24.0,84.0,1,6,7,9,2,0,0,1,1,0,0,3.0,11.0,1,1778.0,801.0,0.45050618672665915,0.019127534828680546,22,0.2727272727272727,0.3181818181818182,3.0,0,41,2,0.4
7011,1973,Graduation,Married,33471.0,1,0,2012-12-10,47,43.0,2.0,27.0,0.0,9.0,12.0,3,3,0,4,7,0,0,0,0,0,0,3.0,11.0,0,93.0,64.0,0.6881720430107527,0.0027785246930178364,7,0.42857142857142855,0.0,0.42857142857142855,1,41,0,0.0
2620,1974,PhD,Married,34596.0,1,0,1970-01-01,48,14.0,0.0,2.0,0.0,0.0,7.0,1,1,0,2,8,0,0,0,0,0,0,3.0,11.0,1,23.0,21.0,0.9130434782608695,0.0006648167418198636,3,0.3333333333333333,0.0,0.125,1,40,0,0.0
3933,1980,Graduation,Together,44010.0,1,0,1970-01-01,46,186.0,36.0,234.0,86.0,72.0,48.0,6,10,2,6,9,0,0,0,0,0,0,3.0,11.0,0,662.0,306.0,0.4622356495468278,0.015042035900931606,18,0.5555555555555556,0.1111111111111111,1.1111111111111112,1,34,0,0.0
10981,1988,Graduation,Married,84219.0,0,0,2014-02-02,27,434.0,137.0,400.0,45.0,137.0,45.0,1,3,4,10,1,0,0,0,0,0,0,3.0,11.0,0,1198.0,616.0,0.5141903171953256,0.014224818627625596,17,0.17647058823529413,0.23529411764705882,3.0,0,26,0,0.0
1734,1968,PhD,Together,40706.0,2,1,1970-01-01,37,59.0,0.0,11.0,4.0,2.0,5.0,4,3,0,4,7,0,0,0,0,0,0,3.0,11.0,0,81.0,66.0,0.8148148148148148,0.001989878641969243,7,0.42857142857142855,0.0,0.42857142857142855,3,46,0,0.0
10995,1988,2n Cycle,Married,15716.0,1,0,2012-12-11,8,16.0,5.0,30.0,8.0,7.0,26.0,3,3,0,4,8,0,0,0,0,0,1,3.0,11.0,0,92.0,49.0,0.532608695652174,0.005853906846525834,7,0.42857142857142855,0.0,0.375,1,26,0,0.0
6357,1959,2n Cycle,Divorced,59052.0,0,1,1970-01-01,29,230.0,35.0,75.0,63.0,57.0,31.0,3,7,1,7,5,0,0,0,0,0,0,3.0,11.0,0,491.0,318.0,0.6476578411405295,0.008314705683126736,15,0.4666666666666667,0.06666666666666667,1.4,1,55,0,0.0
9209,1971,Master,Together,80573.0,0,0,1970-01-01,85,829.0,138.0,430.0,60.0,92.0,15.0,1,4,6,13,2,0,0,0,0,0,0,3.0,11.0,0,1564.0,936.0,0.59846547314578,0.01941096893500304,23,0.17391304347826086,0.2608695652173913,2.0,0,43,0,0.0
10286,1962,Graduation,Married,83715.0,0,0,2014-03-02,2,318.0,8.0,407.0,150.0,35.0,8.0,1,2,8,13,0,0,0,0,0,0,0,3.0,11.0,0,926.0,361.0,0.3898488120950324,0.011061339067072807,23,0.08695652173913043,0.34782608695652173,,0,52,0,0.0
2611,1959,Master,Together,82576.0,0,0,2012-01-08,66,1206.0,55.0,445.0,168.0,18.0,18.0,1,2,4,12,1,0,0,1,0,0,0,3.0,11.0,0,1910.0,1242.0,0.650261780104712,0.023130207324161985,18,0.1111111111111111,0.2222222222222222,2.0,0,55,1,0.2
1600,1965,Master,Married,56962.0,2,1,2013-11-10,60,292.0,3.0,77.0,10.0,3.0,26.0,7,6,3,5,7,0,0,0,0,0,0,3.0,11.0,0,411.0,321.0,0.781021897810219,0.007215336540149574,14,0.42857142857142855,0.21428571428571427,0.8571428571428571,3,49,0,0.0
3308,1952,Graduation,Married,35704.0,1,1,2014-03-01,54,30.0,9.0,12.0,2.0,11.0,30.0,3,2,0,4,4,0,0,0,0,0,0,3.0,11.0,0,94.0,71.0,0.7553191489361702,0.002632758234371499,6,0.3333333333333333,0.0,0.5,2,62,0,0.0
5407,1954,Graduation,Together,53103.0,0,1,2013-12-09,70,729.0,17.0,133.0,11.0,0.0,195.0,5,10,6,7,7,1,0,0,0,0,0,3.0,11.0,0,1085.0,924.0,0.8516129032258064,0.020431990659661413,23,0.43478260869565216,0.2608695652173913,1.4285714285714286,1,60,1,0.2
2166,1960,2n Cycle,Widow,46779.0,1,1,2013-12-07,55,12.0,1.0,3.0,0.0,0.0,7.0,1,0,1,2,4,0,0,0,0,0,0,3.0,11.0,0,23.0,19.0,0.8260869565217391,0.0004916736142286069,3,0.0,0.3333333333333333,0.0,2,54,0,0.0
3955,1965,Graduation,Divorced,4861.0,0,0,1970-01-01,20,2.0,1.0,1.0,1.0,0.0,1.0,0,0,0,0,14,0,0,0,0,0,0,3.0,11.0,0,6.0,3.0,0.5,0.0012343139271754782,0,,,0.0,0,49,0,0.0
6634,1979,Master,Divorced,33462.0,1,0,2013-07-08,78,22.0,3.0,18.0,0.0,0.0,11.0,1,2,0,3,7,0,0,0,0,0,0,3.0,11.0,0,54.0,33.0,0.6111111111111112,0.0016137708445400753,5,0.4,0.0,0.2857142857142857,1,35,0,0.0
3056,1978,Graduation,Divorced,63693.0,0,1,1970-01-01,63,587.0,43.0,337.0,42.0,87.0,54.0,3,11,6,9,6,0,0,0,0,0,0,3.0,11.0,0,1150.0,728.0,0.6330434782608696,0.018055359301650104,26,0.4230769230769231,0.23076923076923078,1.8333333333333333,1,36,0,0.0
5718,1950,Graduation,Married,80763.0,0,0,1970-01-01,17,674.0,168.0,108.0,192.0,42.0,231.0,1,5,11,6,3,0,0,1,1,0,0,3.0,11.0,1,1415.0,947.0,0.6692579505300353,0.017520399192699626,22,0.22727272727272727,0.5,1.6666666666666667,0,64,2,0.4
6872,1974,PhD,Married,65352.0,0,1,1970-01-01,43,284.0,3.0,84.0,4.0,7.0,23.0,2,4,2,8,4,0,0,0,0,0,0,3.0,11.0,0,405.0,314.0,0.7753086419753087,0.006197208960705105,14,0.2857142857142857,0.14285714285714285,1.0,1,40,0,0.0
8164,1978,PhD,Married,82170.0,0,0,1970-01-01,13,1023.0,93.0,651.0,49.0,55.0,37.0,1,5,6,7,2,0,0,0,0,0,0,3.0,11.0,0,1908.0,1115.0,0.5843815513626834,0.023220153340635267,18,0.2777777777777778,0.3333333333333333,2.5,0,36,0,0.0
4580,1969,Graduation,Married,75759.0,0,0,1970-01-01,46,1394.0,22.0,708.0,89.0,91.0,182.0,1,9,7,9,5,1,0,1,1,0,0,3.0,11.0,1,2486.0,1667.0,0.670555108608206,0.032814583085837984,25,0.36,0.28,1.8,0,45,3,0.6
9305,1976,2n Cycle,Single,79689.0,0,0,2013-12-05,65,311.0,26.0,640.0,180.0,37.0,121.0,1,4,9,13,2,0,0,0,0,0,0,3.0,11.0,0,1315.0,469.0,0.35665399239543727,0.0165016501650165,26,0.15384615384615385,0.34615384615384615,2.0,0,38,0,0.0
453,1956,PhD,Widow,35340.0,1,1,1970-01-01,1,27.0,0.0,12.0,0.0,1.0,5.0,2,2,0,3,5,0,0,0,0,0,0,3.0,11.0,0,45.0,33.0,0.7333333333333333,0.0012733446519524619,5,0.4,0.0,0.4,2,58,0,0.0
8545,1954,Graduation,Divorced,85683.0,0,0,1970-01-01,6,1296.0,17.0,311.0,45.0,69.0,51.0,1,2,4,10,1,0,1,1,1,1,0,3.0,11.0,1,1789.0,1416.0,0.791503633314701,0.02087928760664309,16,0.125,0.25,2.0,0,60,4,0.8
9850,1972,2n Cycle,Married,24884.0,1,0,1970-01-01,32,3.0,6.0,7.0,0.0,0.0,3.0,1,0,0,3,7,0,0,0,0,0,0,3.0,11.0,0,19.0,6.0,0.3157894736842105,0.0007635428387719016,3,0.0,0.0,0.0,1,42,0,0.0
7378,1981,Master,Together,42021.0,1,0,1970-01-01,34,393.0,5.0,136.0,7.0,5.0,27.0,5,10,1,6,9,1,0,0,0,0,0,3.0,11.0,0,573.0,425.0,0.7417102966841187,0.013636039123295494,17,0.5882352941176471,0.058823529411764705,1.1111111111111112,1,33,1,0.2
7646,1989,Graduation,Single,64449.0,1,0,1970-01-01,70,218.0,63.0,282.0,137.0,35.0,70.0,4,5,3,12,4,0,0,0,0,0,0,3.0,11.0,0,805.0,323.0,0.4012422360248447,0.012490496361464104,20,0.25,0.15,1.25,1,25,0,0.0
1640,1954,Graduation,Divorced,64587.0,1,1,1970-01-01,49,66.0,0.0,16.0,0.0,6.0,20.0,2,1,1,4,3,0,0,0,0,0,0,3.0,11.0,0,108.0,92.0,0.8518518518518519,0.0016721631288030099,6,0.16666666666666666,0.16666666666666666,0.3333333333333333,2,60,0,0.0
5184,1995,Graduation,Single,34824.0,0,0,1970-01-01,65,4.0,2.0,11.0,2.0,0.0,4.0,1,1,0,2,6,0,0,0,0,0,0,3.0,11.0,0,23.0,8.0,0.34782608695652173,0.000660464047783138,3,0.3333333333333333,0.0,0.16666666666666666,0,19,0,0.0
8492,1978,Graduation,Together,75437.0,0,0,2013-09-11,25,795.0,0.0,545.0,95.0,58.0,0.0,1,8,4,10,6,0,0,0,1,0,0,3.0,11.0,0,1493.0,853.0,0.5713328868050904,0.019791349072736192,22,0.36363636363636365,0.18181818181818182,1.3333333333333333,0,36,1,0.2
11188,1957,Graduation,Together,26091.0,1,1,1970-01-01,84,15.0,10.0,19.0,8.0,17.0,20.0,3,2,1,3,5,0,0,0,0,0,0,3.0,11.0,0,89.0,52.0,0.5842696629213483,0.0034111379402859223,6,0.3333333333333333,0.16666666666666666,0.4,2,57,0,0.0
1212,1973,Graduation,Married,52845.0,1,0,1970-01-01,7,384.0,25.0,292.0,130.0,41.0,64.0,3,8,8,6,6,1,0,0,0,0,0,3.0,11.0,0,936.0,489.0,0.5224358974358975,0.017712177121771217,22,0.36363636363636365,0.36363636363636365,1.3333333333333333,1,41,1,0.2
9097,1956,Graduation,Divorced,46086.0,0,1,2013-03-11,34,244.0,8.0,32.0,7.0,2.0,50.0,4,3,1,8,4,0,0,0,0,0,0,3.0,11.0,0,343.0,296.0,0.8629737609329446,0.00744260729939678,12,0.25,0.08333333333333333,0.75,1,58,0,0.0
10473,1956,PhD,Widow,78028.0,0,1,2012-10-09,38,158.0,19.0,288.0,25.0,0.0,38.0,1,6,4,9,7,0,1,1,0,0,0,3.0,11.0,1,528.0,196.0,0.3712121212121212,0.006766801660942226,19,0.3157894736842105,0.21052631578947367,0.8571428571428571,1,58,2,0.4
7962,1987,PhD,Single,95169.0,0,0,2013-09-10,1,1285.0,21.0,449.0,106.0,20.0,20.0,1,4,3,4,1,0,0,1,1,0,0,3.0,11.0,1,1901.0,1325.0,0.6970015781167807,0.019974991856591958,11,0.36363636363636365,0.2727272727272727,4.0,0,27,2,0.4
9984,1981,2n Cycle,Married,56337.0,1,1,1970-01-01,25,349.0,16.0,144.0,28.0,5.0,182.0,5,8,5,4,8,1,0,0,1,0,0,3.0,11.0,1,724.0,536.0,0.7403314917127072,0.012851234535030264,17,0.47058823529411764,0.29411764705882354,1.0,2,33,2,0.4
5527,1987,Graduation,Together,22434.0,1,0,1970-01-01,25,4.0,12.0,11.0,3.0,13.0,15.0,2,2,0,3,8,0,0,0,0,0,0,3.0,11.0,0,58.0,32.0,0.5517241379310345,0.0025853615048586965,5,0.4,0.0,0.25,1,27,0,0.0
6374,1954,PhD,Married,36930.0,0,1,1970-01-01,50,223.0,2.0,31.0,0.0,2.0,39.0,5,5,2,4,8,0,0,0,0,0,0,3.0,11.0,0,297.0,264.0,0.8888888888888888,0.008042242079610074,11,0.45454545454545453,0.18181818181818182,0.625,1,60,0,0.0
7453,1954,Graduation,Single,36130.0,0,1,2013-02-02,46,157.0,43.0,127.0,68.0,56.0,37.0,6,3,8,4,4,1,0,0,0,0,0,3.0,11.0,1,488.0,250.0,0.5122950819672131,0.01350678106836424,15,0.2,0.5333333333333333,0.75,1,60,1,0.2
8952,1953,Master,Married,65569.0,0,1,2012-05-11,96,397.0,46.0,288.0,20.0,38.0,70.0,2,6,5,10,3,0,0,0,0,0,0,3.0,11.0,0,859.0,505.0,0.5878928987194412,0.01310070307614879,21,0.2857142857142857,0.23809523809523808,2.0,1,61,0,0.0
241,1952,Graduation,Together,83844.0,0,0,2013-12-05,57,901.0,31.0,345.0,75.0,31.0,191.0,1,4,4,11,1,0,0,1,0,0,0,3.0,11.0,0,1574.0,1123.0,0.7134688691232529,0.018772959305376653,19,0.21052631578947367,0.21052631578947367,4.0,0,62,1,0.2
8975,1968,Graduation,Married,19514.0,1,1,1970-01-01,47,14.0,3.0,21.0,2.0,1.0,28.0,4,3,1,2,8,1,0,0,0,0,0,3.0,11.0,0,69.0,43.0,0.6231884057971014,0.0035359229271292405,6,0.5,0.16666666666666666,0.375,2,46,1,0.2
6119,1963,PhD,Single,36736.0,1,1,2013-10-05,52,10.0,0.0,3.0,0.0,0.0,4.0,1,1,0,2,6,0,0,0,0,0,0,3.0,11.0,0,17.0,14.0,0.8235294117647058,0.00046276132404181184,3,0.3333333333333333,0.0,0.16666666666666666,2,51,0,0.0
5236,1979,Graduation,Together,77568.0,0,1,1970-01-01,30,1230.0,0.0,396.0,232.0,178.0,158.0,1,10,2,8,5,0,1,1,1,0,0,3.0,11.0,0,2194.0,1566.0,0.7137648131267093,0.028284859735973597,20,0.5,0.1,2.0,1,35,3,0.6
5723,1976,PhD,Together,49187.0,0,1,2014-11-01,63,81.0,1.0,31.0,2.0,1.0,0.0,1,1,1,5,2,0,0,0,0,0,0,3.0,11.0,0,116.0,82.0,0.7068965517241379,0.0023583467176286417,7,0.14285714285714285,0.14285714285714285,0.5,1,38,0,0.0
1710,1978,Graduation,Single,30168.0,1,0,2013-07-03,51,154.0,20.0,66.0,0.0,12.0,27.0,7,6,1,4,9,0,0,0,0,0,0,3.0,11.0,0,279.0,193.0,0.6917562724014337,0.009248210023866348,11,0.5454545454545454,0.09090909090909091,0.6666666666666666,1,36,0,0.0
1970,1968,Master,Together,34053.0,0,1,2012-10-09,14,63.0,0.0,21.0,7.0,0.0,12.0,1,3,0,3,8,0,0,0,0,0,0,3.0,11.0,0,103.0,75.0,0.7281553398058253,0.0030246967961706753,6,0.5,0.0,0.375,1,46,0,0.0
5313,1971,Master,Married,38196.0,1,1,1970-01-01,20,30.0,0.0,11.0,0.0,0.0,3.0,3,2,0,4,5,0,0,0,0,0,0,3.0,11.0,0,44.0,33.0,0.75,0.0011519530840925752,6,0.3333333333333333,0.0,0.4,2,43,0,0.0
10634,1951,Master,Married,59412.0,0,0,1970-01-01,56,90.0,67.0,165.0,30.0,43.0,11.0,1,4,2,8,3,0,0,0,0,0,0,3.0,11.0,0,406.0,144.0,0.35467980295566504,0.006833636302430486,14,0.2857142857142857,0.14285714285714285,1.3333333333333333,0,63,0,0.0
7010,1965,2n Cycle,Married,70924.0,0,0,2014-07-04,41,635.0,114.0,254.0,132.0,152.0,76.0,1,6,6,7,3,0,0,1,0,0,0,3.0,11.0,0,1363.0,863.0,0.6331621423330888,0.019217754215780272,19,0.3157894736842105,0.3157894736842105,2.0,0,49,1,0.2
8562,1969,Graduation,Together,54165.0,0,0,1970-01-01,72,127.0,4.0,73.0,15.0,6.0,11.0,1,2,1,7,2,0,0,0,0,0,0,3.0,11.0,0,236.0,144.0,0.6101694915254238,0.004357057140219699,10,0.2,0.1,1.0,0,45,0,0.0
3158,1973,Graduation,Married,32300.0,1,0,2013-03-01,1,13.0,3.0,6.0,6.0,5.0,6.0,1,1,0,3,8,0,0,0,0,0,0,3.0,11.0,0,39.0,24.0,0.6153846153846154,0.0012074303405572755,4,0.25,0.0,0.125,1,41,0,0.0
4436,1976,Graduation,Single,20180.0,0,0,1970-01-01,27,18.0,42.0,24.0,15.0,20.0,18.0,1,2,1,4,7,0,0,0,0,0,0,3.0,11.0,0,137.0,56.0,0.40875912408759124,0.006788899900891972,7,0.2857142857142857,0.14285714285714285,0.2857142857142857,0,38,0,0.0
5287,1973,Graduation,Married,34961.0,1,0,1970-01-01,77,45.0,2.0,26.0,4.0,1.0,1.0,3,3,1,3,7,0,0,0,0,0,0,3.0,11.0,0,79.0,47.0,0.5949367088607594,0.002259660764852264,7,0.42857142857142855,0.14285714285714285,0.42857142857142855,1,41,0,0.0
2445,1974,PhD,Together,28440.0,1,0,2013-07-07,87,38.0,1.0,24.0,0.0,0.0,0.0,1,2,0,3,8,0,0,0,0,0,0,3.0,11.0,0,63.0,38.0,0.6031746031746031,0.0022151898734177216,5,0.4,0.0,0.25,1,40,0,0.0
6059,1953,PhD,Together,64504.0,1,2,2013-04-03,81,986.0,36.0,168.0,16.0,0.0,108.0,7,11,3,4,7,0,0,0,0,0,0,3.0,11.0,1,1314.0,1094.0,0.832572298325723,0.020370829715986607,18,0.6111111111111112,0.16666666666666666,1.5714285714285714,3,61,0,0.0
4550,1966,Master,Together,33564.0,0,1,1970-01-01,51,61.0,0.0,3.0,0.0,0.0,7.0,1,1,1,3,5,0,0,0,0,0,0,3.0,11.0,0,71.0,68.0,0.9577464788732394,0.0021153616970563697,5,0.2,0.2,0.2,1,48,0,0.0
4240,1978,Graduation,Married,17345.0,1,0,2012-03-11,79,4.0,9.0,16.0,17.0,0.0,12.0,2,2,1,2,8,0,0,0,0,0,0,3.0,11.0,0,58.0,16.0,0.27586206896551724,0.0033439031421158834,5,0.4,0.2,0.25,1,36,0,0.0
8911,1967,PhD,Married,56320.0,0,1,2013-08-04,11,201.0,53.0,172.0,116.0,77.0,83.0,3,5,4,9,4,0,0,0,0,0,0,3.0,11.0,0,702.0,361.0,0.5142450142450142,0.012464488636363636,18,0.2777777777777778,0.2222222222222222,1.25,1,47,0,0.0
3706,1978,Graduation,Single,28647.0,1,0,1970-01-01,54,19.0,8.0,29.0,0.0,12.0,26.0,1,2,2,2,7,1,0,0,0,0,0,3.0,11.0,1,94.0,57.0,0.6063829787234043,0.003281320906203093,6,0.3333333333333333,0.3333333333333333,0.2857142857142857,1,36,1,0.2
3628,1987,Basic,Single,15038.0,1,0,1970-01-01,93,4.0,8.0,11.0,19.0,12.0,26.0,2,2,1,2,9,0,0,0,0,0,0,3.0,11.0,0,80.0,42.0,0.525,0.005319856363878175,5,0.4,0.2,0.2222222222222222,1,27,0,0.0
10175,1958,PhD,Divorced,32173.0,0,1,2013-01-08,0,18.0,0.0,2.0,0.0,0.0,2.0,1,1,0,3,4,0,0,0,0,0,0,3.0,11.0,0,22.0,20.0,0.9090909090909091,0.0006838031890094178,4,0.25,0.0,0.25,1,56,0,0.0
8985,1964,2n Cycle,Together,68316.0,0,1,2012-04-11,54,806.0,80.0,161.0,120.0,11.0,33.0,5,10,7,10,6,0,0,0,0,0,0,3.0,11.0,0,1211.0,850.0,0.7018992568125516,0.017726447684290648,27,0.37037037037037035,0.25925925925925924,1.6666666666666667,1,50,0,0.0
5204,1971,Graduation,Together,74538.0,0,0,1970-01-01,21,380.0,98.0,733.0,110.0,112.0,28.0,1,8,8,5,3,0,0,1,0,0,0,3.0,11.0,1,1461.0,520.0,0.35592060232717315,0.019600740561861063,21,0.38095238095238093,0.38095238095238093,2.6666666666666665,0,43,1,0.2
9220,1971,Graduation,Single,91700.0,0,0,1970-01-01,58,576.0,172.0,961.0,125.0,115.0,19.0,1,8,6,5,3,0,0,0,0,0,0,3.0,11.0,1,1968.0,710.0,0.36077235772357724,0.021461286804798255,19,0.42105263157894735,0.3157894736842105,2.6666666666666665,0,43,0,0.0
9888,1969,Graduation,Together,68695.0,0,0,1970-01-01,3,458.0,81.0,356.0,106.0,50.0,40.0,1,4,4,7,2,0,0,0,0,0,0,3.0,11.0,0,1091.0,548.0,0.5022914757103575,0.015881796346167844,15,0.26666666666666666,0.26666666666666666,2.0,0,45,0,0.0
5263,1977,2n Cycle,Married,31056.0,1,0,1970-01-01,99,5.0,10.0,13.0,3.0,8.0,16.0,1,1,0,3,8,0,0,0,0,0,0,3.0,11.0,0,55.0,29.0,0.5272727272727272,0.001770994332818135,4,0.25,0.0,0.125,1,37,0,0.0
1020,1973,Graduation,Married,79593.0,0,0,2014-12-05,70,350.0,60.0,568.0,110.0,133.0,145.0,1,5,6,7,2,0,0,1,0,0,0,3.0,11.0,0,1366.0,628.0,0.45973645680819913,0.01716231326875479,18,0.2777777777777778,0.3333333333333333,2.5,0,41,1,0.2
9503,1980,Graduation,Single,28071.0,0,0,1970-01-01,65,39.0,33.0,130.0,41.0,26.0,44.0,2,5,1,5,8,0,0,0,0,0,0,3.0,11.0,0,313.0,109.0,0.34824281150159747,0.011150297460012112,11,0.45454545454545453,0.09090909090909091,0.625,0,34,0,0.0
10613,1958,PhD,Together,37334.0,1,1,1970-01-01,44,26.0,1.0,16.0,2.0,2.0,15.0,4,3,0,4,4,0,0,0,0,0,0,3.0,11.0,0,62.0,43.0,0.6935483870967742,0.001660684630631596,7,0.42857142857142855,0.0,0.75,2,56,0,0.0
67,1972,Master,Single,46423.0,1,1,1970-01-01,6,68.0,0.0,16.0,0.0,0.0,8.0,3,2,0,4,7,0,0,0,0,0,0,3.0,11.0,0,92.0,76.0,0.8260869565217391,0.0019817762746914243,6,0.3333333333333333,0.0,0.2857142857142857,2,42,0,0.0
6019,1971,PhD,Married,37126.0,1,0,1970-01-01,9,45.0,3.0,9.0,4.0,4.0,7.0,1,1,2,2,6,1,0,0,0,0,0,3.0,11.0,1,72.0,56.0,0.7777777777777778,0.0019393417012336367,5,0.2,0.4,0.16666666666666666,1,43,1,0.2
5863,1953,Graduation,Married,47703.0,0,1,1970-01-01,95,359.0,0.0,134.0,13.0,26.0,123.0,4,6,3,8,5,0,0,0,0,0,0,3.0,11.0,0,655.0,508.0,0.7755725190839695,0.013730792612623943,17,0.35294117647058826,0.17647058823529413,1.2,1,61,0,0.0
3717,1959,Graduation,Married,61180.0,0,1,1970-01-01,70,403.0,24.0,29.0,6.0,24.0,218.0,2,5,5,6,3,1,0,0,0,0,0,3.0,11.0,0,704.0,645.0,0.9161931818181818,0.011507028440666884,16,0.3125,0.3125,1.6666666666666667,1,55,1,0.2
6730,1954,Graduation,Married,38998.0,1,1,2012-03-11,92,34.0,1.0,14.0,0.0,0.0,5.0,3,2,0,3,8,0,0,0,0,0,1,3.0,11.0,0,54.0,39.0,0.7222222222222222,0.0013846863941740601,5,0.4,0.0,0.25,2,60,0,0.0
10749,1991,Graduation,Single,8028.0,0,0,1970-01-01,62,73.0,18.0,66.0,7.0,12.0,2.0,15,0,1,0,19,0,0,0,0,0,0,3.0,11.0,0,178.0,87.0,0.4887640449438202,0.022172396611858495,1,0.0,1.0,0.0,0,23,0,0.0
4998,1962,Graduation,Together,76081.0,0,0,1970-01-01,85,292.0,30.0,415.0,63.0,33.0,200.0,1,4,5,4,2,0,0,0,1,0,0,3.0,11.0,0,1033.0,525.0,0.5082284607938045,0.013577634363375876,13,0.3076923076923077,0.38461538461538464,2.0,0,52,1,0.2
6287,1986,Graduation,Together,34728.0,1,0,1970-01-01,2,14.0,0.0,16.0,0.0,0.0,6.0,1,1,1,2,6,0,0,0,0,0,0,3.0,11.0,1,36.0,20.0,0.5555555555555556,0.0010366275051831375,4,0.25,0.25,0.16666666666666666,1,28,0,0.0
5985,1965,Master,Single,33168.0,0,1,1970-01-01,0,80.0,1.0,37.0,0.0,1.0,3.0,3,2,1,4,7,0,0,0,0,0,0,3.0,11.0,0,122.0,84.0,0.6885245901639344,0.0036782440906898213,7,0.2857142857142857,0.14285714285714285,0.2857142857142857,1,49,0,0.0
4754,1966,Master,Married,33585.0,0,1,1970-01-01,91,30.0,11.0,33.0,13.0,6.0,29.0,1,2,0,4,4,0,0,0,0,0,0,3.0,11.0,0,122.0,65.0,0.5327868852459017,0.0036325740658031858,6,0.3333333333333333,0.0,0.5,1,48,0,0.0
4002,1960,PhD,Married,77037.0,0,1,1970-01-01,3,463.0,96.0,333.0,168.0,53.0,10.0,1,7,7,12,3,0,0,0,0,0,0,3.0,11.0,0,1123.0,526.0,0.4683882457702582,0.014577410854524448,26,0.2692307692307692,0.2692307692307692,2.3333333333333335,1,54,0,0.0
8870,1984,Graduation,Together,35196.0,1,0,1970-01-01,68,75.0,12.0,141.0,43.0,39.0,187.0,6,6,1,5,8,0,0,0,0,0,0,3.0,11.0,1,497.0,301.0,0.6056338028169014,0.014120922832140016,12,0.5,0.08333333333333333,0.75,1,30,0,0.0
966,1966,Graduation,Married,44529.0,0,1,2013-05-07,98,538.0,13.0,91.0,17.0,6.0,26.0,6,6,2,11,5,0,1,0,0,0,0,3.0,11.0,0,691.0,570.0,0.8248914616497829,0.015517977048664915,19,0.3157894736842105,0.10526315789473684,1.2,1,48,1,0.2
4767,1965,2n Cycle,Married,70924.0,0,0,2014-07-04,41,635.0,114.0,254.0,132.0,152.0,76.0,1,6,6,7,3,0,0,1,0,0,0,3.0,11.0,0,1363.0,863.0,0.6331621423330888,0.019217754215780272,19,0.3157894736842105,0.3157894736842105,2.0,0,49,1,0.2
9725,1966,PhD,Together,28764.0,1,1,2014-05-06,16,8.0,0.0,3.0,0.0,0.0,1.0,1,1,0,2,8,1,0,0,0,0,0,3.0,11.0,0,12.0,9.0,0.75,0.00041718815185648727,3,0.3333333333333333,0.0,0.125,2,48,1,0.2
4475,1949,PhD,Married,69098.0,0,0,1970-01-01,82,1315.0,22.0,780.0,145.0,0.0,178.0,1,7,8,9,5,0,0,0,0,0,0,3.0,11.0,0,2440.0,1493.0,0.6118852459016394,0.035312165330400304,24,0.2916666666666667,0.3333333333333333,1.4,0,65,0,0.0
5740,1970,2n Cycle,Divorced,25959.0,1,1,1970-01-01,1,4.0,2.0,12.0,7.0,5.0,26.0,2,1,2,2,6,0,0,0,0,0,0,3.0,11.0,1,56.0,35.0,0.625,0.0021572479679494586,5,0.2,0.4,0.16666666666666666,2,44,0,0.0
5731,1983,Master,Married,27100.0,1,0,2013-05-04,64,12.0,0.0,13.0,2.0,0.0,10.0,1,1,0,3,7,0,0,0,0,0,0,3.0,11.0,0,37.0,22.0,0.5945945945945946,0.0013653136531365313,4,0.25,0.0,0.14285714285714285,1,31,0,0.0
7290,1985,Graduation,Single,70596.0,0,0,2012-05-10,68,347.0,44.0,534.0,17.0,0.0,26.0,1,3,5,12,2,0,0,0,0,0,0,3.0,11.0,0,968.0,373.0,0.3853305785123967,0.01371182503257975,20,0.15,0.25,1.5,0,29,0,0.0
3846,1974,Graduation,Married,42557.0,0,1,1970-01-01,98,192.0,5.0,53.0,0.0,5.0,15.0,4,6,1,4,8,0,0,0,0,0,0,3.0,11.0,0,270.0,212.0,0.7851851851851852,0.006344432173320488,11,0.5454545454545454,0.09090909090909091,0.75,1,40,0,0.0
8104,1951,PhD,Married,53312.0,0,0,2013-09-08,32,241.0,0.0,12.0,0.0,0.0,25.0,1,5,1,5,7,0,0,0,0,0,0,3.0,11.0,0,278.0,266.0,0.9568345323741008,0.005214585834333734,11,0.45454545454545453,0.09090909090909091,0.7142857142857143,0,63,0,0.0
4507,1952,Graduation,Single,72228.0,0,0,1970-01-01,87,631.0,28.0,491.0,30.0,14.0,56.0,1,6,7,8,3,0,0,0,0,0,0,3.0,11.0,0,1250.0,701.0,0.5608,0.017306307803068063,21,0.2857142857142857,0.3333333333333333,2.0,0,62,0,0.0
11013,1987,Graduation,Together,67605.0,0,0,1970-01-01,84,336.0,28.0,282.0,184.0,54.0,54.0,1,2,8,6,1,0,0,0,0,0,0,3.0,11.0,0,938.0,444.0,0.47334754797441364,0.013874713408771541,16,0.125,0.5,2.0,0,27,0,0.0
4491,1949,Master,Married,62845.0,1,1,2012-01-10,3,1099.0,0.0,45.0,0.0,0.0,34.0,11,3,4,10,8,0,1,0,0,0,0,3.0,11.0,0,1178.0,1133.0,0.9617996604414262,0.018744530193332803,17,0.17647058823529413,0.23529411764705882,0.375,2,65,1,0.2
3759,1958,Graduation,Together,65196.0,0,2,1970-01-01,34,743.0,19.0,181.0,12.0,0.0,200.0,2,7,6,11,5,1,0,0,0,0,0,3.0,11.0,0,1155.0,943.0,0.8164502164502164,0.01771581078593779,24,0.2916666666666667,0.25,1.4,2,56,1,0.2
1162,1987,PhD,Single,42000.0,0,0,2013-10-01,23,124.0,83.0,267.0,85.0,59.0,35.0,2,5,2,11,5,0,0,0,0,0,0,3.0,11.0,1,653.0,218.0,0.333843797856049,0.015547619047619048,18,0.2777777777777778,0.1111111111111111,1.0,0,27,0,0.0
2055,1973,PhD,Divorced,35860.0,1,1,1970-01-01,37,15.0,0.0,8.0,4.0,2.0,20.0,2,1,1,2,5,1,0,0,0,0,0,3.0,11.0,0,49.0,37.0,0.7551020408163265,0.0013664249860568878,4,0.25,0.25,0.2,2,41,1,0.2
10766,1964,PhD,Married,65526.0,0,1,2014-11-04,22,397.0,19.0,69.0,12.0,0.0,9.0,1,4,4,8,2,0,0,0,0,0,0,3.0,11.0,0,506.0,406.0,0.8023715415019763,0.007722125568476635,16,0.25,0.25,2.0,1,50,0,0.0
4415,1961,Graduation,Married,16860.0,1,1,2012-12-09,19,10.0,4.0,4.0,3.0,3.0,14.0,3,1,1,3,7,0,0,0,0,0,0,3.0,11.0,0,38.0,27.0,0.7105263157894737,0.0022538552787663107,5,0.2,0.2,0.14285714285714285,2,53,0,0.0
3005,1992,Graduation,Single,83528.0,0,0,2014-01-05,7,530.0,117.0,678.0,134.0,44.0,147.0,1,4,10,8,1,1,0,0,1,0,0,3.0,11.0,1,1650.0,721.0,0.43696969696969695,0.019753854994732305,22,0.18181818181818182,0.45454545454545453,4.0,0,22,2,0.4
2223,1965,2n Cycle,Divorced,64176.0,0,1,2012-03-08,52,1215.0,33.0,249.0,64.0,116.0,149.0,8,8,9,8,6,0,0,0,0,0,0,3.0,11.0,0,1826.0,1480.0,0.8105147864184009,0.028453004238344553,25,0.32,0.36,1.3333333333333333,1,49,0,0.0
4817,1956,Graduation,Divorced,22304.0,0,0,2012-04-08,91,3.0,2.0,7.0,0.0,4.0,2.0,1,1,0,2,8,0,0,0,0,0,0,3.0,11.0,0,18.0,9.0,0.5,0.0008070301291248207,3,0.3333333333333333,0.0,0.125,0,58,0,0.0
2875,1978,Graduation,Married,67023.0,0,0,2014-04-03,93,444.0,44.0,382.0,11.0,8.0,17.0,1,3,7,13,2,0,0,0,0,0,1,3.0,11.0,0,906.0,469.0,0.5176600441501104,0.013517747638870238,23,0.13043478260869565,0.30434782608695654,1.5,0,36,0,0.0
10536,1971,PhD,Together,32892.0,1,0,1970-01-01,78,26.0,0.0,15.0,2.0,1.0,2.0,2,3,0,3,8,0,0,0,0,0,0,3.0,11.0,0,46.0,29.0,0.6304347826086957,0.001398516356560866,6,0.5,0.0,0.375,1,43,0,0.0
11112,1966,Graduation,Together,70713.0,0,1,2012-03-12,23,736.0,114.0,279.0,82.0,76.0,190.0,6,5,6,8,3,0,0,0,0,0,0,3.0,11.0,0,1477.0,1002.0,0.6784021665538253,0.020887248455022416,19,0.2631578947368421,0.3157894736842105,1.6666666666666667,1,48,0,0.0
3807,1955,Graduation,Together,59925.0,0,1,1970-01-01,83,473.0,21.0,176.0,19.0,21.0,56.0,3,9,2,9,6,0,0,0,0,0,0,3.0,11.0,0,766.0,550.0,0.7180156657963447,0.01278264497288277,20,0.45,0.1,1.5,1,59,0,0.0
9197,1953,Graduation,Married,39722.0,0,1,1970-01-01,92,32.0,0.0,5.0,2.0,0.0,8.0,2,2,0,3,5,0,0,0,0,0,0,3.0,11.0,0,47.0,40.0,0.851063829787234,0.0011832234026484063,5,0.4,0.0,0.4,1,61,0,0.0
10832,1958,Graduation,Together,46610.0,0,0,1970-01-01,4,288.0,10.0,30.0,4.0,10.0,125.0,1,6,1,6,6,0,0,0,0,0,0,3.0,11.0,0,467.0,423.0,0.9057815845824411,0.010019309161124222,13,0.46153846153846156,0.07692307692307693,1.0,0,56,0,0.0
6421,1961,Graduation,Together,88347.0,0,0,2013-03-07,32,1050.0,178.0,555.0,77.0,138.0,118.0,1,4,7,9,1,0,0,0,1,0,0,3.0,11.0,0,2116.0,1306.0,0.6172022684310019,0.023951011352960485,20,0.2,0.35,4.0,0,53,1,0.2
4207,1981,PhD,Married,87171.0,0,0,2013-01-05,27,1001.0,44.0,107.0,58.0,44.0,44.0,1,6,7,11,2,1,0,1,0,0,0,3.0,11.0,0,1298.0,1089.0,0.8389830508474576,0.01489027314129699,24,0.25,0.2916666666666667,3.0,0,33,2,0.4
577,1976,2n Cycle,Together,26907.0,1,1,1970-01-01,10,9.0,1.0,7.0,0.0,3.0,2.0,2,1,0,3,7,0,0,0,0,0,0,3.0,11.0,0,22.0,14.0,0.6363636363636364,0.0008176310997138291,4,0.25,0.0,0.14285714285714285,2,38,0,0.0
10855,1968,Master,Single,50014.0,1,0,1970-01-01,9,234.0,14.0,77.0,19.0,10.0,42.0,2,4,1,8,5,0,0,0,0,0,0,3.0,11.0,0,396.0,286.0,0.7222222222222222,0.00791778302075419,13,0.3076923076923077,0.07692307692307693,0.8,1,46,0,0.0
3081,1978,PhD,Married,41014.0,1,0,1970-01-01,65,7.0,2.0,6.0,2.0,0.0,3.0,1,1,0,2,7,0,0,0,0,0,0,3.0,11.0,0,20.0,10.0,0.5,0.000487638367386746,3,0.3333333333333333,0.0,0.14285714285714285,1,36,0,0.0
3535,1965,Graduation,Single,66294.0,0,0,1970-01-01,68,251.0,108.0,334.0,65.0,92.0,117.0,1,4,3,5,2,0,0,0,0,0,0,3.0,11.0,0,967.0,460.0,0.4756980351602896,0.014586538751621565,12,0.3333333333333333,0.25,2.0,0,49,0,0.0
247,1971,Graduation,Married,36715.0,1,0,1970-01-01,16,172.0,10.0,125.0,21.0,13.0,16.0,6,7,2,4,9,0,0,0,0,0,0,3.0,11.0,1,357.0,201.0,0.5630252100840336,0.009723546234509056,13,0.5384615384615384,0.15384615384615385,0.7777777777777778,1,43,0,0.0
8707,1956,Graduation,Married,79456.0,0,0,1970-01-01,12,565.0,42.0,548.0,64.0,83.0,99.0,1,5,6,4,3,0,0,0,0,0,0,3.0,11.0,1,1401.0,747.0,0.5331905781584583,0.0176324003221909,15,0.3333333333333333,0.4,1.6666666666666667,0,58,0,0.0
9523,1982,Graduation,Together,40479.0,1,0,1970-01-01,95,5.0,0.0,8.0,2.0,0.0,0.0,1,0,0,3,4,0,0,0,0,0,0,3.0,11.0,0,15.0,5.0,0.3333333333333333,0.00037056251389609425,3,0.0,0.0,0.0,1,32,0,0.0
6072,1970,Master,Single,75345.0,0,0,2013-02-02,16,918.0,57.0,842.0,99.0,38.0,133.0,1,5,8,6,3,0,0,0,1,0,0,3.0,11.0,1,2087.0,1089.0,0.5218016291327264,0.027699250116132456,19,0.2631578947368421,0.42105263157894735,1.6666666666666667,0,44,1,0.2
6295,1977,Graduation,Married,54233.0,0,1,2013-04-02,46,652.0,8.0,158.0,21.0,0.0,142.0,4,11,6,5,8,0,0,0,0,0,0,3.0,11.0,0,981.0,794.0,0.8093781855249745,0.018088617631331478,22,0.5,0.2727272727272727,1.375,1,37,0,0.0
10914,1970,Graduation,Single,24163.0,1,1,2013-12-10,3,4.0,1.0,7.0,2.0,1.0,2.0,2,1,0,3,4,0,0,0,0,0,0,3.0,11.0,0,17.0,7.0,0.4117647058823529,0.0007035550221412905,4,0.25,0.0,0.25,2,44,0,0.0
1509,1958,PhD,Together,84460.0,0,0,2013-04-01,80,152.0,27.0,103.0,106.0,54.0,81.0,0,9,9,4,5,0,1,1,1,1,0,3.0,11.0,1,523.0,287.0,0.5487571701720841,0.006192280369405636,22,0.4090909090909091,0.4090909090909091,1.8,0,56,4,0.8
5577,1983,Graduation,Together,43776.0,1,0,2014-03-05,77,8.0,0.0,9.0,2.0,1.0,3.0,1,1,0,2,6,0,0,0,0,0,0,3.0,11.0,0,23.0,12.0,0.5217391304347826,0.0005254020467836257,3,0.3333333333333333,0.0,0.16666666666666666,1,31,0,0.0
7348,1958,PhD,Single,71691.0,0,0,1970-01-01,0,336.0,130.0,411.0,240.0,32.0,43.0,1,4,7,5,2,0,0,0,0,0,0,3.0,11.0,1,1192.0,411.0,0.3447986577181208,0.01662691272265696,16,0.25,0.4375,2.0,0,56,0,0.0
1127,1973,PhD,Married,85844.0,0,0,1970-01-01,62,938.0,19.0,843.0,25.0,95.0,38.0,1,6,6,7,2,0,0,1,0,0,0,3.0,11.0,0,1958.0,1071.0,0.5469867211440245,0.022808815991799077,19,0.3157894736842105,0.3157894736842105,3.0,0,41,1,0.2
1833,1974,PhD,Single,39190.0,1,0,1970-01-01,91,68.0,8.0,18.0,19.0,8.0,12.0,2,2,1,4,5,0,0,0,0,0,0,3.0,11.0,0,133.0,88.0,0.6616541353383458,0.0033937228884919624,7,0.2857142857142857,0.14285714285714285,0.4,1,40,0,0.0
4944,1959,Graduation,Together,71367.0,0,0,1970-01-01,24,227.0,23.0,389.0,42.0,21.0,75.0,1,4,5,7,2,0,0,0,0,0,0,3.0,11.0,0,777.0,323.0,0.4157014157014157,0.010887384925806045,16,0.25,0.3125,2.0,0,55,0,0.0
9080,1972,PhD,Single,38578.0,1,1,1970-01-01,2,38.0,4.0,22.0,3.0,3.0,3.0,3,3,0,3,8,0,0,0,0,0,0,3.0,11.0,0,73.0,44.0,0.6027397260273972,0.0018922702058167867,6,0.5,0.0,0.375,2,42,0,0.0
6466,1965,PhD,Married,57236.0,1,1,2014-12-03,22,105.0,0.0,9.0,2.0,1.0,4.0,3,2,1,4,3,0,0,0,0,0,0,3.0,11.0,0,121.0,110.0,0.9090909090909091,0.0021140540918303165,7,0.2857142857142857,0.14285714285714285,0.6666666666666666,2,49,0,0.0
9964,1979,Graduation,Single,61825.0,0,1,2013-07-08,56,162.0,50.0,100.0,55.0,30.0,27.0,1,4,2,8,4,0,0,0,0,0,0,3.0,11.0,0,424.0,219.0,0.5165094339622641,0.006858067124949454,14,0.2857142857142857,0.14285714285714285,1.0,1,35,0,0.0
4790,1958,Graduation,Divorced,79803.0,0,1,2014-02-06,54,574.0,8.0,216.0,21.0,16.0,33.0,1,4,3,5,1,0,0,0,0,0,0,3.0,11.0,0,868.0,623.0,0.717741935483871,0.010876784080798967,12,0.3333333333333333,0.25,4.0,1,56,0,0.0
10245,1986,2n Cycle,Single,80910.0,0,0,1970-01-01,71,160.0,80.0,369.0,67.0,39.0,41.0,1,3,3,8,1,0,0,0,0,0,0,3.0,11.0,0,756.0,240.0,0.31746031746031744,0.009343715239154617,14,0.21428571428571427,0.21428571428571427,3.0,0,28,0,0.0
1109,1982,Master,Together,27590.0,1,0,1970-01-01,38,6.0,0.0,5.0,0.0,0.0,1.0,1,1,0,2,7,0,0,0,0,0,0,3.0,11.0,0,12.0,7.0,0.5833333333333334,0.00043494019572308805,3,0.3333333333333333,0.0,0.14285714285714285,1,32,0,0.0
6001,1979,Graduation,Married,56775.0,0,1,2013-02-01,62,614.0,35.0,160.0,58.0,35.0,35.0,2,5,8,10,5,0,0,0,0,0,0,3.0,11.0,0,937.0,684.0,0.7299893276414088,0.016503742844561867,23,0.21739130434782608,0.34782608695652173,1.0,1,35,0,0.0
5538,1975,Graduation,Divorced,83829.0,0,0,2013-08-10,78,897.0,161.0,430.0,186.0,161.0,27.0,0,4,7,6,1,1,0,1,1,0,0,3.0,11.0,1,1862.0,1085.0,0.5827067669172933,0.02221188371565926,17,0.23529411764705882,0.4117647058823529,4.0,0,39,3,0.6
10552,1979,2n Cycle,Married,54210.0,0,1,1970-01-01,18,70.0,54.0,109.0,80.0,9.0,45.0,2,4,1,7,5,0,0,0,0,0,0,3.0,11.0,0,367.0,124.0,0.33787465940054495,0.006769968640472237,12,0.3333333333333333,0.08333333333333333,0.8,1,35,0,0.0
1545,1986,Graduation,Married,38508.0,1,0,2013-02-08,95,120.0,19.0,206.0,25.0,19.0,54.0,6,7,2,5,8,0,0,0,0,0,0,3.0,11.0,0,443.0,193.0,0.435665914221219,0.011504103043523424,14,0.5,0.14285714285714285,0.875,1,28,0,0.0
7409,1970,Graduation,Together,53187.0,1,0,1970-01-01,66,211.0,2.0,30.0,7.0,7.0,10.0,2,4,1,6,5,0,0,0,0,0,0,3.0,11.0,0,267.0,228.0,0.8539325842696629,0.005020023689999436,11,0.36363636363636365,0.09090909090909091,0.8,1,44,0,0.0
4444,1972,Graduation,Married,30023.0,1,0,1970-01-01,28,11.0,0.0,16.0,7.0,6.0,21.0,1,2,0,3,8,0,0,0,0,0,0,3.0,11.0,0,61.0,38.0,0.6229508196721312,0.0020317756386770145,5,0.4,0.0,0.25,1,42,0,0.0
146,1960,PhD,Single,76045.0,0,0,1970-01-01,78,760.0,53.0,400.0,17.0,93.0,0.0,1,4,5,11,2,0,0,0,1,0,0,3.0,11.0,0,1323.0,853.0,0.6447467876039304,0.017397593530146624,20,0.2,0.25,2.0,0,54,1,0.2
6271,1952,PhD,Married,50870.0,0,1,1970-01-01,13,53.0,0.0,8.0,0.0,0.0,2.0,1,2,0,3,5,0,0,0,0,0,0,3.0,11.0,0,63.0,55.0,0.873015873015873,0.0012384509534106546,5,0.4,0.0,0.4,1,62,0,0.0
10065,1970,2n Cycle,Married,15315.0,0,0,2013-03-08,27,7.0,4.0,13.0,15.0,8.0,17.0,2,2,0,4,5,0,0,0,0,0,0,3.0,11.0,0,64.0,32.0,0.5,0.004178909565785178,6,0.3333333333333333,0.0,0.4,0,44,0,0.0
4741,1974,2n Cycle,Married,65463.0,1,0,1970-01-01,17,391.0,32.0,70.0,21.0,32.0,16.0,2,6,2,9,5,0,1,0,0,0,0,3.0,11.0,0,562.0,439.0,0.7811387900355872,0.008585002214991675,17,0.35294117647058826,0.11764705882352941,1.2,1,40,1,0.2
246,1965,Graduation,Married,66480.0,1,1,1970-01-01,71,199.0,9.0,57.0,20.0,21.0,6.0,7,4,1,7,4,0,0,0,0,0,0,3.0,11.0,0,312.0,226.0,0.7243589743589743,0.004693140794223827,12,0.3333333333333333,0.08333333333333333,1.0,2,49,0,0.0
375,1954,Graduation,Divorced,76773.0,0,0,1970-01-01,79,516.0,56.0,449.0,86.0,33.0,16.0,1,2,2,11,1,0,0,0,0,0,0,3.0,11.0,0,1156.0,565.0,0.48875432525951557,0.01505737694241465,15,0.13333333333333333,0.13333333333333333,2.0,0,60,0,0.0
1524,1983,2n Cycle,Single,81698.0,0,0,2013-01-03,1,709.0,45.0,115.0,30.0,160.0,45.0,1,8,2,5,5,0,0,0,1,0,0,3.0,11.0,1,1104.0,914.0,0.8278985507246377,0.013513182697250851,15,0.5333333333333333,0.13333333333333333,1.6,0,31,1,0.2
10022,1973,PhD,Single,54466.0,1,1,2014-09-02,78,12.0,0.0,4.0,0.0,0.0,0.0,1,1,0,2,5,0,0,0,0,0,0,3.0,11.0,0,16.0,12.0,0.75,0.0002937612455476811,3,0.3333333333333333,0.0,0.2,2,41,0,0.0
7451,1960,Master,Single,98777.0,0,0,1970-01-01,23,1000.0,19.0,711.0,125.0,115.0,38.0,0,4,6,9,1,0,1,0,0,0,0,3.0,11.0,0,2008.0,1153.0,0.5742031872509961,0.020328619010498396,19,0.21052631578947367,0.3157894736842105,4.0,0,54,1,0.2
11010,1984,PhD,Single,16269.0,1,0,1970-01-01,75,19.0,3.0,18.0,3.0,1.0,0.0,3,3,0,3,8,0,0,0,0,0,0,3.0,11.0,0,44.0,20.0,0.45454545454545453,0.002704530087897228,6,0.5,0.0,0.375,1,30,0,0.0
4356,1971,Graduation,Together,71819.0,0,1,1970-01-01,70,1224.0,28.0,140.0,0.0,14.0,168.0,3,3,3,5,6,0,1,1,0,0,0,3.0,11.0,0,1574.0,1406.0,0.8932655654383735,0.021916206017906125,11,0.2727272727272727,0.2727272727272727,0.5,1,43,2,0.4
3885,1983,PhD,Married,33569.0,1,0,1970-01-01,10,16.0,2.0,18.0,3.0,0.0,24.0,1,1,1,2,8,1,0,0,0,0,0,3.0,11.0,1,63.0,40.0,0.6349206349206349,0.001876731508236766,4,0.25,0.25,0.125,1,31,1,0.2
1175,1983,Master,Married,36262.0,0,0,1970-01-01,24,88.0,39.0,54.0,64.0,28.0,153.0,1,3,5,3,6,1,0,0,0,0,0,3.0,11.0,1,426.0,269.0,0.6314553990610329,0.011747835199382273,11,0.2727272727272727,0.45454545454545453,0.5,0,31,1,0.2
880,1966,Basic,Together,22634.0,0,0,1970-01-01,47,2.0,23.0,11.0,8.0,6.0,46.0,1,2,1,2,8,0,0,0,0,0,0,3.0,11.0,0,96.0,54.0,0.5625,0.004241406733233189,5,0.4,0.2,0.25,0,48,0,0.0
2320,1978,2n Cycle,Married,47025.0,0,1,2013-12-09,98,508.0,11.0,59.0,23.0,5.0,29.0,5,11,1,6,9,0,0,0,0,0,0,3.0,11.0,0,635.0,542.0,0.8535433070866142,0.013503455608718767,18,0.6111111111111112,0.05555555555555555,1.2222222222222223,1,36,0,0.0
850,1968,Graduation,Single,70566.0,0,1,2013-06-10,4,381.0,28.0,215.0,84.0,28.0,21.0,2,6,5,9,3,0,0,0,0,0,0,3.0,11.0,0,757.0,430.0,0.5680317040951123,0.010727545843607402,20,0.3,0.25,2.0,1,46,0,0.0
4713,1979,PhD,Married,31605.0,1,0,1970-01-01,15,74.0,0.0,42.0,2.0,1.0,6.0,2,2,1,4,7,0,0,0,0,0,0,3.0,11.0,0,125.0,81.0,0.648,0.003955070400253125,7,0.2857142857142857,0.14285714285714285,0.2857142857142857,1,35,0,0.0
675,1973,Master,Divorced,52034.0,1,1,1970-01-01,67,146.0,0.0,93.0,7.0,13.0,73.0,5,4,2,5,7,0,0,0,0,0,0,3.0,11.0,0,332.0,232.0,0.6987951807228916,0.006380443556136373,11,0.36363636363636365,0.18181818181818182,0.5714285714285714,2,41,0,0.0
5025,1979,Graduation,Single,48526.0,1,0,1970-01-01,32,23.0,17.0,23.0,43.0,20.0,9.0,1,2,1,4,3,0,0,0,0,0,0,3.0,11.0,0,135.0,52.0,0.3851851851851852,0.0027820137658162635,7,0.2857142857142857,0.14285714285714285,0.6666666666666666,1,35,0,0.0
2308,1954,Graduation,Married,46734.0,0,1,1970-01-01,40,110.0,5.0,137.0,26.0,23.0,29.0,2,6,1,5,7,0,0,0,0,0,0,3.0,11.0,0,330.0,162.0,0.4909090909090909,0.007061240210553345,12,0.5,0.08333333333333333,0.8571428571428571,1,60,0,0.0
5995,1962,Graduation,Divorced,39552.0,1,1,1970-01-01,54,165.0,3.0,147.0,4.0,24.0,41.0,7,6,2,5,8,0,0,0,0,0,0,3.0,11.0,1,384.0,230.0,0.5989583333333334,0.009708737864077669,13,0.46153846153846156,0.15384615384615385,0.75,2,52,0,0.0
6749,1966,Graduation,Single,86358.0,1,1,2012-08-08,78,957.0,47.0,494.0,82.0,47.0,95.0,4,5,3,6,8,0,0,0,0,0,0,3.0,11.0,0,1722.0,1099.0,0.6382113821138211,0.01994024873202251,14,0.35714285714285715,0.21428571428571427,0.625,2,48,0,0.0
1010,1977,Graduation,Together,46931.0,2,1,1970-01-01,94,41.0,0.0,17.0,3.0,1.0,16.0,2,1,1,3,3,0,0,0,0,0,0,3.0,11.0,0,78.0,58.0,0.7435897435897436,0.00166201444674096,5,0.2,0.2,0.3333333333333333,3,37,0,0.0
8977,1985,Basic,Single,16581.0,0,0,2013-12-01,51,1.0,3.0,4.0,2.0,3.0,11.0,1,0,0,3,4,0,0,0,0,0,0,3.0,11.0,0,24.0,15.0,0.625,0.0014474398407816175,3,0.0,0.0,0.0,0,29,0,0.0
4756,1952,2n Cycle,Divorced,63998.0,0,0,1970-01-01,42,176.0,29.0,818.0,0.0,33.0,112.0,1,7,6,11,4,0,0,0,0,0,0,3.0,11.0,1,1168.0,321.0,0.2748287671232877,0.018250570330322822,24,0.2916666666666667,0.25,1.75,0,62,0,0.0
3412,1951,Master,Married,67381.0,0,1,1970-01-01,67,815.0,8.0,53.0,11.0,0.0,70.0,4,2,2,9,7,0,1,0,0,0,0,3.0,11.0,0,957.0,885.0,0.9247648902821317,0.014202816817797302,13,0.15384615384615385,0.15384615384615385,0.2857142857142857,1,63,1,0.2
606,1967,Graduation,Single,25930.0,1,1,2013-10-10,87,6.0,1.0,2.0,2.0,0.0,4.0,1,1,0,2,7,0,0,0,0,0,0,3.0,11.0,0,15.0,10.0,0.6666666666666666,0.0005784805244890089,3,0.3333333333333333,0.0,0.14285714285714285,2,47,0,0.0
5961,1978,Graduation,Married,42693.0,1,0,2014-07-06,29,8.0,4.0,20.0,6.0,3.0,16.0,1,1,0,3,5,0,0,0,0,0,0,3.0,11.0,0,57.0,27.0,0.47368421052631576,0.0013351134846461949,4,0.25,0.0,0.2,1,36,0,0.0
2975,1976,Graduation,Together,85606.0,0,1,2012-12-11,89,717.0,42.0,864.0,219.0,30.0,84.0,2,6,7,9,3,0,0,0,1,0,0,3.0,11.0,0,1956.0,831.0,0.42484662576687116,0.022848865733710255,22,0.2727272727272727,0.3181818181818182,2.0,1,38,1,0.2
2894,1985,Graduation,Single,72903.0,0,0,1970-01-01,74,1067.0,138.0,750.0,0.0,19.0,39.0,1,7,5,8,4,0,1,1,1,0,0,3.0,11.0,1,2013.0,1125.0,0.5588673621460507,0.02761203242664911,20,0.35,0.25,1.75,0,29,3,0.6
7613,1974,2n Cycle,Together,49669.0,1,0,1970-01-01,97,166.0,5.0,107.0,11.0,8.0,29.0,2,5,1,6,6,0,0,0,0,0,0,3.0,11.0,0,326.0,203.0,0.6226993865030674,0.0065634500392599,12,0.4166666666666667,0.08333333333333333,0.8333333333333334,1,40,0,0.0
10542,1968,PhD,Married,36778.0,1,1,2012-05-08,63,29.0,4.0,34.0,2.0,4.0,4.0,3,3,0,3,9,0,0,0,0,0,0,3.0,11.0,0,77.0,37.0,0.4805194805194805,0.002093642938713361,6,0.5,0.0,0.3333333333333333,2,46,0,0.0
8015,1962,PhD,Divorced,85696.0,0,0,2013-03-05,88,714.0,76.0,395.0,116.0,0.0,12.0,1,4,6,9,1,0,0,0,0,0,0,3.0,11.0,1,1313.0,726.0,0.5529322162985529,0.015321601941747573,19,0.21052631578947367,0.3157894736842105,4.0,0,52,0,0.0
10617,1989,Master,Divorced,10979.0,0,0,1970-01-01,34,8.0,4.0,10.0,2.0,2.0,4.0,2,3,0,3,5,0,0,0,0,0,0,3.0,11.0,0,30.0,14.0,0.4666666666666667,0.0027324892977502505,6,0.5,0.0,0.6,0,25,0,0.0
11166,1961,Graduation,Married,49678.0,0,1,2013-02-02,81,229.0,5.0,56.0,3.0,2.0,20.0,2,6,2,4,7,0,0,0,0,0,0,3.0,11.0,0,315.0,251.0,0.7968253968253968,0.0063408349772535125,12,0.5,0.16666666666666666,0.8571428571428571,1,53,0,0.0
849,1953,Master,Together,56129.0,0,1,1970-01-01,65,320.0,48.0,133.0,39.0,72.0,48.0,4,6,2,10,4,0,0,0,0,0,0,3.0,11.0,0,660.0,440.0,0.6666666666666666,0.01175862744748704,18,0.3333333333333333,0.1111111111111111,1.5,1,61,0,0.0
523,1989,Graduation,Married,37155.0,1,0,1970-01-01,51,23.0,0.0,26.0,7.0,15.0,3.0,1,2,0,4,5,0,0,0,0,0,0,3.0,11.0,0,74.0,41.0,0.5540540540540541,0.0019916565738124074,6,0.3333333333333333,0.0,0.4,1,25,0,0.0
4066,1978,2n Cycle,Divorced,21282.0,1,0,2014-11-05,76,1.0,5.0,8.0,4.0,8.0,20.0,2,2,1,2,6,0,0,0,0,0,0,3.0,11.0,0,46.0,29.0,0.6304347826086957,0.0021614509914481723,5,0.4,0.2,0.3333333333333333,1,36,0,0.0
8414,1962,PhD,Single,33419.0,0,1,1970-01-01,76,56.0,0.0,12.0,0.0,0.0,18.0,2,2,0,4,7,0,0,0,0,0,0,3.0,11.0,0,86.0,74.0,0.8604651162790697,0.002573386396959813,6,0.3333333333333333,0.0,0.2857142857142857,1,52,0,0.0
819,1945,Graduation,Widow,63285.0,0,0,2013-05-11,84,508.0,124.0,249.0,50.0,38.0,134.0,1,6,5,13,3,0,0,0,0,0,0,3.0,11.0,0,1103.0,680.0,0.6165004533091568,0.017429090621790315,24,0.25,0.20833333333333334,2.0,0,69,0,0.0
4961,1974,Master,Together,21255.0,1,0,1970-01-01,56,29.0,0.0,25.0,2.0,2.0,3.0,4,2,1,4,4,0,0,0,0,0,0,3.0,11.0,0,61.0,34.0,0.5573770491803278,0.002869912961656081,7,0.2857142857142857,0.14285714285714285,0.5,1,40,0,0.0
749,1981,Graduation,Together,42162.0,1,0,1970-01-01,31,46.0,7.0,59.0,2.0,4.0,27.0,2,3,1,3,6,1,0,0,0,0,0,3.0,11.0,1,145.0,77.0,0.5310344827586206,0.003439115791470993,7,0.42857142857142855,0.14285714285714285,0.5,1,33,1,0.2
5430,1956,Graduation,Together,54450.0,1,1,1970-01-01,0,454.0,0.0,171.0,8.0,19.0,32.0,12,9,2,8,8,0,0,0,0,0,0,3.0,11.0,0,684.0,505.0,0.7383040935672515,0.01256198347107438,19,0.47368421052631576,0.10526315789473684,1.125,2,58,0,0.0
7755,1954,PhD,Married,57744.0,0,1,2013-12-11,91,350.0,3.0,39.0,0.0,0.0,19.0,2,9,1,4,8,0,0,0,0,0,0,3.0,11.0,0,411.0,369.0,0.8978102189781022,0.007117622610141313,14,0.6428571428571429,0.07142857142857142,1.125,1,60,0,0.0
10525,1986,Graduation,Single,26576.0,1,0,1970-01-01,40,10.0,0.0,8.0,0.0,0.0,9.0,1,1,0,2,9,1,0,0,0,0,0,3.0,11.0,1,27.0,19.0,0.7037037037037037,0.0010159542444310656,3,0.3333333333333333,0.0,0.1111111111111111,1,28,1,0.2
1453,1943,PhD,Widow,57513.0,0,0,2013-06-07,59,735.0,40.0,183.0,52.0,20.0,30.0,2,9,3,13,6,0,0,0,0,0,0,3.0,11.0,0,1060.0,785.0,0.7405660377358491,0.018430615686888183,25,0.36,0.12,1.5,0,71,0,0.0
8310,1964,Graduation,Together,68142.0,0,1,1970-01-01,96,897.0,126.0,196.0,91.0,112.0,37.0,3,10,4,7,6,0,0,0,0,0,0,3.0,11.0,0,1459.0,1046.0,0.7169294037011652,0.021411170790408267,21,0.47619047619047616,0.19047619047619047,1.6666666666666667,1,50,0,0.0
10710,1979,Graduation,Married,7500.0,0,1,1970-01-01,61,5.0,2.0,3.0,3.0,0.0,5.0,1,1,0,2,8,0,0,0,0,0,0,3.0,11.0,0,18.0,10.0,0.5555555555555556,0.0024,3,0.3333333333333333,0.0,0.125,1,35,0,0.0
5031,1974,Graduation,Together,83145.0,0,0,1970-01-01,14,777.0,35.0,731.0,39.0,137.0,114.0,1,5,9,11,2,0,0,1,0,0,0,3.0,11.0,1,1833.0,1028.0,0.5608292416803055,0.022045823561248422,25,0.2,0.36,2.5,0,40,1,0.2
2613,1960,Master,Married,54197.0,0,1,2014-03-04,16,162.0,6.0,37.0,6.0,13.0,13.0,2,1,3,6,1,0,0,0,0,0,0,3.0,11.0,0,237.0,188.0,0.7932489451476793,0.004372935771352658,10,0.1,0.3,1.0,1,54,0,0.0
213,1963,PhD,Single,23091.0,1,1,1970-01-01,98,35.0,0.0,11.0,0.0,0.0,2.0,4,2,1,3,7,0,0,0,0,0,0,3.0,11.0,0,48.0,37.0,0.7708333333333334,0.0020787319734961673,6,0.3333333333333333,0.16666666666666666,0.2857142857142857,2,51,0,0.0
967,1976,Graduation,Married,46049.0,1,1,1970-01-01,11,342.0,9.0,112.0,19.0,14.0,19.0,10,5,2,9,7,0,0,0,0,0,0,3.0,11.0,1,515.0,375.0,0.7281553398058253,0.011183739060565918,16,0.3125,0.125,0.7142857142857143,2,38,0,0.0
1077,1974,Graduation,Together,56715.0,0,0,2012-05-12,52,258.0,105.0,239.0,237.0,172.0,9.0,1,7,3,4,4,0,0,0,0,0,0,3.0,11.0,0,1020.0,439.0,0.4303921568627451,0.01798466014281936,14,0.5,0.21428571428571427,1.75,0,40,0,0.0
7959,1961,Graduation,Married,79410.0,0,0,1970-01-01,19,658.0,80.0,483.0,123.0,13.0,13.0,1,3,2,5,1,0,0,0,0,0,0,3.0,11.0,0,1370.0,684.0,0.4992700729927007,0.017252235234857072,10,0.3,0.2,3.0,0,53,0,0.0
640,1951,Graduation,Married,57304.0,0,1,2013-11-03,61,356.0,80.0,329.0,138.0,17.0,106.0,2,7,6,10,5,0,0,0,0,0,0,3.0,11.0,0,1026.0,479.0,0.4668615984405458,0.01790450928381963,23,0.30434782608695654,0.2608695652173913,1.4,1,63,0,0.0
4252,1965,Graduation,Married,44375.0,0,1,1970-01-01,73,213.0,5.0,28.0,7.0,7.0,41.0,1,4,1,6,5,0,0,0,0,0,0,3.0,11.0,0,301.0,261.0,0.867109634551495,0.006783098591549296,11,0.36363636363636365,0.09090909090909091,0.8,1,49,0,0.0
8432,1956,Graduation,Together,54450.0,1,1,1970-01-01,0,454.0,0.0,171.0,8.0,19.0,32.0,12,9,2,8,8,0,0,0,0,0,0,3.0,11.0,0,684.0,505.0,0.7383040935672515,0.01256198347107438,19,0.47368421052631576,0.10526315789473684,1.125,2,58,0,0.0
6218,1965,Graduation,Married,59594.0,0,1,1970-01-01,74,457.0,4.0,29.0,0.0,0.0,9.0,1,8,1,7,7,0,1,0,0,0,0,3.0,11.0,0,499.0,466.0,0.9338677354709419,0.008373326173775883,16,0.5,0.0625,1.1428571428571428,1,49,1,0.2
6905,1994,Graduation,Together,80685.0,0,0,1970-01-01,55,241.0,45.0,604.0,34.0,26.0,54.0,1,6,4,10,2,0,0,0,0,0,0,3.0,11.0,0,1004.0,321.0,0.3197211155378486,0.01244345293425048,20,0.3,0.2,3.0,0,20,0,0.0
5922,1974,PhD,Married,40344.0,0,1,1970-01-01,48,210.0,0.0,6.0,0.0,0.0,2.0,2,4,1,5,7,0,0,0,0,0,0,3.0,11.0,0,218.0,212.0,0.9724770642201835,0.0054035296450525485,10,0.4,0.1,0.5714285714285714,1,40,0,0.0
3598,1972,Graduation,Married,62710.0,0,1,1970-01-01,53,441.0,35.0,83.0,7.0,29.0,11.0,4,4,2,12,4,0,0,0,0,0,0,3.0,11.0,0,606.0,481.0,0.7937293729372937,0.009663530537394355,18,0.2222222222222222,0.1111111111111111,1.0,1,42,0,0.0
6116,1968,2n Cycle,Married,48985.0,0,1,2013-05-07,13,19.0,13.0,18.0,10.0,7.0,8.0,1,1,1,3,3,0,0,0,0,0,0,3.0,11.0,0,75.0,34.0,0.4533333333333333,0.0015310809431458609,5,0.2,0.2,0.3333333333333333,1,46,0,0.0
6263,1968,Graduation,Together,35322.0,1,2,1970-01-01,34,28.0,9.0,37.0,12.0,7.0,13.0,3,2,0,4,8,0,0,0,0,0,0,3.0,11.0,0,106.0,48.0,0.4528301886792453,0.003000962572900742,6,0.3333333333333333,0.0,0.25,3,46,0,0.0
10486,1948,Graduation,Married,77142.0,0,0,1970-01-01,54,476.0,75.0,162.0,29.0,151.0,97.0,1,4,4,8,2,0,0,0,0,0,0,3.0,11.0,0,990.0,724.0,0.7313131313131314,0.012833475927510305,16,0.25,0.25,2.0,0,66,0,0.0
2410,1969,Graduation,Single,81657.0,0,0,1970-01-01,69,364.0,40.0,425.0,158.0,60.0,50.0,1,3,4,8,1,0,0,0,0,0,0,3.0,11.0,0,1097.0,474.0,0.43208751139471285,0.013434243236954578,15,0.2,0.26666666666666666,3.0,0,45,0,0.0
193,1996,Basic,Married,14421.0,0,0,1970-01-01,81,0.0,0.0,2.0,3.0,3.0,8.0,1,1,0,2,5,1,0,0,0,0,0,3.0,11.0,0,16.0,11.0,0.6875,0.0011094931003397823,3,0.3333333333333333,0.0,0.2,0,18,1,0.2
3363,1974,2n Cycle,Married,20130.0,0,0,1970-01-01,99,0.0,6.0,3.0,7.0,6.0,12.0,1,1,0,3,8,0,0,0,0,0,0,3.0,11.0,0,34.0,18.0,0.5294117647058824,0.0016890213611525087,4,0.25,0.0,0.125,0,40,0,0.0
8278,1990,PhD,Married,74214.0,0,0,1970-01-01,3,863.0,83.0,547.0,86.0,99.0,33.0,1,8,2,5,5,0,0,0,0,0,0,3.0,11.0,0,1711.0,995.0,0.581531268264173,0.023054949200959386,15,0.5333333333333333,0.13333333333333333,1.6,0,24,0,0.0
10660,1957,Master,Married,66726.0,1,1,2014-12-01,61,349.0,7.0,35.0,0.0,0.0,47.0,3,8,2,4,7,0,1,0,0,0,0,3.0,11.0,0,438.0,396.0,0.9041095890410958,0.006564157899469472,14,0.5714285714285714,0.14285714285714285,1.1428571428571428,2,57,1,0.2
8686,1979,Basic,Together,23724.0,1,0,2013-08-01,65,5.0,23.0,15.0,0.0,18.0,14.0,2,2,0,3,8,0,0,0,0,0,0,3.0,11.0,0,75.0,37.0,0.49333333333333335,0.003161355589276682,5,0.4,0.0,0.25,1,35,0,0.0
1604,1960,Master,Married,47353.0,0,1,1970-01-01,93,184.0,2.0,19.0,8.0,8.0,4.0,3,2,2,6,5,0,0,0,0,0,0,3.0,11.0,0,225.0,196.0,0.8711111111111111,0.004751546892488332,10,0.2,0.2,0.4,1,54,0,0.0
5907,1952,Master,Married,33444.0,1,1,2012-03-11,24,8.0,0.0,8.0,0.0,0.0,2.0,1,1,0,2,8,0,0,0,0,0,0,3.0,11.0,0,18.0,10.0,0.5555555555555556,0.0005382131324004305,3,0.3333333333333333,0.0,0.125,2,62,0,0.0
10669,1981,Graduation,Married,54386.0,0,1,1970-01-01,8,277.0,21.0,64.0,62.0,21.0,25.0,2,3,2,10,3,0,0,0,0,0,0,3.0,11.0,0,470.0,323.0,0.6872340425531915,0.008641929908432317,15,0.2,0.13333333333333333,1.0,1,33,0,0.0
2918,1981,Graduation,Divorced,28510.0,1,1,1970-01-01,72,44.0,5.0,19.0,0.0,4.0,19.0,3,2,0,4,5,0,0,0,0,0,0,3.0,11.0,0,91.0,67.0,0.7362637362637363,0.0031918625043844263,6,0.3333333333333333,0.0,0.4,2,33,0,0.0
5735,1991,Master,Single,90638.0,0,0,1970-01-01,29,1156.0,120.0,915.0,94.0,144.0,96.0,1,3,4,10,1,0,0,1,0,0,0,3.0,11.0,0,2525.0,1396.0,0.5528712871287129,0.027858072773009113,17,0.17647058823529413,0.23529411764705882,3.0,0,23,1,0.2
359,1950,Graduation,Together,48070.0,0,1,1970-01-01,33,373.0,14.0,83.0,6.0,9.0,19.0,3,8,2,6,7,0,0,0,0,0,1,3.0,11.0,0,504.0,401.0,0.7956349206349206,0.010484709798210942,16,0.5,0.125,1.1428571428571428,1,64,0,0.0
8387,1957,Graduation,Married,43140.0,0,1,2013-05-01,68,134.0,8.0,76.0,6.0,0.0,11.0,1,4,1,5,6,0,0,0,0,0,0,3.0,11.0,0,235.0,145.0,0.6170212765957447,0.005447380621233194,10,0.4,0.1,0.6666666666666666,1,57,0,0.0
1829,1961,PhD,Divorced,54959.0,0,1,1970-01-01,55,1148.0,0.0,60.0,0.0,0.0,24.0,3,9,5,4,7,0,1,0,0,0,0,3.0,11.0,1,1232.0,1172.0,0.9512987012987013,0.022416710638839862,18,0.5,0.2777777777777778,1.2857142857142858,1,53,1,0.2
3839,1958,Basic,Single,15056.0,1,1,2013-03-05,76,6.0,12.0,3.0,21.0,6.0,40.0,5,2,2,3,5,0,0,0,0,0,0,3.0,11.0,0,88.0,52.0,0.5909090909090909,0.005844845908607864,7,0.2857142857142857,0.2857142857142857,0.4,2,56,0,0.0
9392,1971,Graduation,Single,26954.0,1,0,2014-08-05,17,4.0,1.0,11.0,0.0,0.0,1.0,1,1,0,2,7,0,0,0,0,0,0,3.0,11.0,0,17.0,5.0,0.29411764705882354,0.0006307041626474734,3,0.3333333333333333,0.0,0.14285714285714285,1,43,0,0.0
2292,1985,Graduation,Single,22327.0,1,0,2013-02-08,94,5.0,4.0,8.0,2.0,0.0,5.0,1,1,0,3,5,0,0,0,0,0,0,3.0,11.0,0,24.0,10.0,0.4166666666666667,0.0010749316970484167,4,0.25,0.0,0.2,1,29,0,0.0
10466,1965,Graduation,Married,44393.0,1,1,1970-01-01,86,24.0,2.0,20.0,2.0,2.0,10.0,2,1,0,4,4,0,0,0,0,0,0,3.0,11.0,0,60.0,36.0,0.6,0.0013515644358344785,5,0.2,0.0,0.25,2,49,0,0.0
9855,1952,PhD,Single,62000.0,0,1,1970-01-01,25,899.0,0.0,101.0,0.0,0.0,20.0,1,6,6,13,4,0,0,0,1,0,0,3.0,11.0,0,1020.0,919.0,0.9009803921568628,0.016451612903225808,25,0.24,0.24,1.5,1,62,1,0.2
4088,1962,PhD,Together,31497.0,0,1,2012-06-12,22,108.0,1.0,28.0,13.0,1.0,4.0,2,3,1,4,8,0,0,0,0,0,0,3.0,11.0,0,155.0,113.0,0.7290322580645161,0.004921103597167984,8,0.375,0.125,0.375,1,52,0,0.0
5231,1974,2n Cycle,Married,45894.0,0,2,1970-01-01,15,27.0,2.0,7.0,0.0,2.0,13.0,1,1,0,3,5,0,0,0,0,0,0,3.0,11.0,0,51.0,42.0,0.8235294117647058,0.0011112563733821415,4,0.25,0.0,0.2,2,40,0,0.0
590,1970,Master,Divorced,78579.0,0,0,1970-01-01,35,816.0,66.0,549.0,216.0,66.0,99.0,1,5,6,4,3,0,0,0,0,0,0,3.0,11.0,1,1812.0,981.0,0.5413907284768212,0.023059596075287292,15,0.3333333333333333,0.4,1.6666666666666667,0,44,0,0.0
8732,1969,Master,Widow,67369.0,0,1,1970-01-01,81,1298.0,0.0,70.0,37.0,14.0,42.0,4,7,4,10,4,0,1,1,0,0,0,3.0,11.0,1,1461.0,1354.0,0.9267624914442163,0.02168653238136235,21,0.3333333333333333,0.19047619047619047,1.75,1,45,2,0.4
2315,1960,Graduation,Divorced,58401.0,0,1,1970-01-01,55,10.0,0.0,11.0,17.0,29.0,29.0,1,1,2,2,4,0,0,0,0,0,0,3.0,11.0,0,96.0,68.0,0.7083333333333334,0.0016438074690501875,5,0.2,0.4,0.25,1,54,0,0.0
3515,1952,Graduation,Single,62307.0,0,1,1970-01-01,94,87.0,13.0,34.0,10.0,6.0,10.0,1,4,0,4,5,0,0,0,0,0,0,3.0,11.0,0,160.0,103.0,0.64375,0.002567929767120869,8,0.5,0.0,0.8,1,62,0,0.0
2245,1969,Master,Married,43641.0,1,1,1970-01-01,50,57.0,2.0,51.0,4.0,2.0,23.0,3,2,1,4,6,0,0,0,0,0,0,3.0,11.0,0,139.0,82.0,0.5899280575539568,0.0031850782521023807,7,0.2857142857142857,0.14285714285714285,0.3333333333333333,2,45,0,0.0
6283,1968,Master,Divorced,63841.0,0,1,1970-01-01,64,635.0,15.0,100.0,20.0,7.0,131.0,1,9,3,9,6,0,0,0,0,0,0,3.0,11.0,0,908.0,773.0,0.8513215859030837,0.014222834855343744,21,0.42857142857142855,0.14285714285714285,1.5,1,46,0,0.0
2246,1965,2n Cycle,Married,46891.0,0,1,2013-01-09,91,43.0,12.0,23.0,29.0,15.0,61.0,1,2,1,4,4,0,0,0,0,0,0,3.0,11.0,0,183.0,119.0,0.6502732240437158,0.0039026678893604315,7,0.2857142857142857,0.14285714285714285,0.5,1,49,0,0.0
6606,1969,Master,Married,70091.0,1,0,1970-01-01,11,964.0,34.0,137.0,15.0,0.0,11.0,2,5,2,10,8,0,1,0,0,0,0,3.0,11.0,0,1161.0,975.0,0.8397932816537468,0.016564180850608495,17,0.29411764705882354,0.11764705882352941,0.625,1,45,1,0.2
5545,1972,PhD,Married,78075.0,0,0,2014-05-04,72,572.0,8.0,259.0,34.0,35.0,80.0,1,3,5,5,1,0,0,0,0,0,0,3.0,11.0,0,988.0,687.0,0.6953441295546559,0.01265449887928274,13,0.23076923076923078,0.38461538461538464,3.0,0,42,0,0.0
7342,1961,2n Cycle,Widow,59184.0,0,1,2012-09-09,6,341.0,142.0,113.0,259.0,151.0,66.0,3,6,6,12,5,0,0,0,0,0,0,3.0,11.0,0,1072.0,558.0,0.5205223880597015,0.018113003514463367,24,0.25,0.25,1.2,1,53,0,0.0
837,1977,Graduation,Married,54809.0,1,1,2013-11-09,0,63.0,6.0,57.0,13.0,13.0,22.0,4,2,1,5,4,0,0,0,0,0,0,3.0,11.0,0,174.0,98.0,0.5632183908045977,0.0031746610958054335,8,0.25,0.125,0.5,2,37,0,0.0
9500,1959,Graduation,Married,58113.0,0,1,1970-01-01,66,221.0,104.0,169.0,102.0,78.0,84.0,3,9,2,8,7,0,0,0,0,0,1,3.0,11.0,0,758.0,383.0,0.5052770448548812,0.013043553077624628,19,0.47368421052631576,0.10526315789473684,1.2857142857142858,1,55,0,0.0
3602,1958,Master,Married,51412.0,0,1,1970-01-01,42,140.0,3.0,29.0,4.0,5.0,14.0,2,3,2,4,4,0,0,0,0,0,0,3.0,11.0,0,195.0,159.0,0.8153846153846154,0.0037928888197308022,9,0.3333333333333333,0.2222222222222222,0.75,1,56,0,0.0
234,1979,Graduation,Divorced,15287.0,1,0,2012-10-10,60,1.0,2.0,8.0,4.0,3.0,13.0,2,1,1,2,7,1,0,0,0,0,0,3.0,11.0,1,31.0,17.0,0.5483870967741935,0.0020278668149407994,4,0.25,0.25,0.14285714285714285,1,35,1,0.2
2995,1957,Master,Together,66636.0,0,0,1970-01-01,64,291.0,10.0,689.0,84.0,10.0,0.0,1,3,4,9,1,0,0,0,0,0,0,3.0,11.0,0,1084.0,301.0,0.27767527675276754,0.016267483042199413,16,0.1875,0.25,3.0,0,57,0,0.0
1118,1956,Master,Married,50965.0,0,1,1970-01-01,87,544.0,13.0,85.0,8.0,6.0,29.0,3,10,4,5,8,1,0,0,0,0,0,3.0,11.0,0,685.0,579.0,0.8452554744525548,0.013440596487785735,19,0.5263157894736842,0.21052631578947367,1.25,1,58,1,0.2
7789,1965,PhD,Married,84618.0,0,0,1970-01-01,96,684.0,100.0,801.0,21.0,66.0,0.0,1,6,9,10,2,0,0,1,0,0,0,3.0,11.0,0,1672.0,750.0,0.4485645933014354,0.019759389255241202,25,0.24,0.36,3.0,0,49,1,0.2
3068,1990,Graduation,Married,18351.0,0,0,1970-01-01,1,1.0,12.0,9.0,0.0,14.0,7.0,1,2,0,3,7,0,0,0,0,0,0,3.0,11.0,0,43.0,22.0,0.5116279069767442,0.002343196556045992,5,0.4,0.0,0.2857142857142857,0,24,0,0.0
8955,1957,PhD,Together,40451.0,0,2,1970-01-01,54,35.0,0.0,4.0,0.0,0.0,10.0,1,1,1,2,5,1,0,0,0,0,0,3.0,11.0,0,49.0,45.0,0.9183673469387755,0.0012113421176237918,4,0.25,0.25,0.2,2,57,1,0.2
945,1965,Graduation,Together,36317.0,0,1,1970-01-01,53,87.0,3.0,25.0,3.0,2.0,13.0,2,3,0,4,7,0,0,0,0,0,0,3.0,11.0,0,133.0,102.0,0.7669172932330827,0.0036621967673541316,7,0.42857142857142855,0.0,0.42857142857142855,1,49,0,0.0
5644,1957,Graduation,Together,42213.0,0,1,2013-12-10,96,309.0,3.0,24.0,4.0,3.0,20.0,2,5,1,7,7,0,1,0,0,0,0,3.0,11.0,0,363.0,332.0,0.9146005509641874,0.008599246677563784,13,0.38461538461538464,0.07692307692307693,0.7142857142857143,1,57,1,0.2
7192,1955,Graduation,Together,65748.0,0,1,1970-01-01,58,172.0,73.0,93.0,95.0,78.0,34.0,2,2,4,10,1,0,0,0,0,0,1,3.0,11.0,0,545.0,284.0,0.5211009174311927,0.008289225527772708,16,0.125,0.25,2.0,1,59,0,0.0
2324,1972,Graduation,Together,77044.0,0,1,1970-01-01,12,625.0,38.0,242.0,50.0,34.0,76.0,2,7,11,11,4,1,0,0,0,0,0,3.0,11.0,0,1065.0,735.0,0.6901408450704225,0.013823269819843206,29,0.2413793103448276,0.3793103448275862,1.75,1,42,1,0.2
697,1969,Graduation,Together,74918.0,0,0,2013-12-03,78,972.0,59.0,913.0,25.0,19.0,59.0,1,5,9,6,3,0,0,1,0,0,0,3.0,11.0,0,2047.0,1050.0,0.5129457743038593,0.027323206705998557,20,0.25,0.45,1.6666666666666667,0,45,1,0.2
3439,1972,Graduation,Married,56721.0,1,1,1970-01-01,64,157.0,6.0,39.0,6.0,13.0,75.0,5,4,1,5,6,0,0,0,0,0,0,3.0,11.0,0,296.0,245.0,0.8277027027027027,0.005218525766470972,10,0.4,0.1,0.6666666666666666,2,42,0,0.0
1506,1975,Graduation,Single,42160.0,1,1,1970-01-01,26,48.0,9.0,45.0,3.0,15.0,20.0,4,2,1,4,6,0,0,0,0,0,0,3.0,11.0,1,140.0,83.0,0.5928571428571429,0.003320683111954459,7,0.2857142857142857,0.14285714285714285,0.3333333333333333,2,39,0,0.0
232,1965,Graduation,Single,61559.0,0,1,1970-01-01,8,279.0,83.0,88.0,32.0,14.0,34.0,1,4,2,10,3,0,0,0,0,0,0,3.0,11.0,0,530.0,327.0,0.6169811320754717,0.008609626537143228,16,0.25,0.125,1.3333333333333333,1,49,0,0.0
8876,1963,PhD,Together,33629.0,1,1,2012-08-08,49,132.0,0.0,16.0,0.0,0.0,4.0,5,3,1,4,9,0,0,0,0,0,0,3.0,11.0,0,152.0,136.0,0.8947368421052632,0.0045199084123821705,8,0.375,0.125,0.3333333333333333,2,51,0,0.0
4500,1991,PhD,Together,68682.0,0,0,2013-06-10,56,919.0,0.0,505.0,99.0,30.0,45.0,1,4,9,10,2,0,0,0,0,0,0,3.0,11.0,0,1598.0,994.0,0.6220275344180225,0.023266649194839988,23,0.17391304347826086,0.391304347826087,2.0,0,23,0,0.0
9739,1963,Graduation,Single,34377.0,0,1,1970-01-01,55,62.0,0.0,22.0,3.0,1.0,26.0,2,2,2,2,7,0,0,0,0,0,0,3.0,11.0,0,114.0,89.0,0.7807017543859649,0.0033161706955231697,6,0.3333333333333333,0.3333333333333333,0.2857142857142857,1,51,0,0.0
10395,1986,Basic,Single,8940.0,1,0,1970-01-01,25,1.0,45.0,3.0,4.0,6.0,42.0,3,3,1,3,8,0,0,0,0,0,0,3.0,11.0,0,101.0,49.0,0.48514851485148514,0.011297539149888142,7,0.42857142857142855,0.14285714285714285,0.375,1,28,0,0.0
1176,1973,Graduation,Married,26228.0,1,0,1970-01-01,50,2.0,6.0,4.0,3.0,1.0,9.0,1,1,0,2,8,0,0,0,0,0,0,3.0,11.0,0,25.0,12.0,0.48,0.0009531798078389508,3,0.3333333333333333,0.0,0.125,1,41,0,0.0
1627,1957,2n Cycle,Divorced,77297.0,0,0,1970-01-01,84,408.0,61.0,109.0,48.0,122.0,41.0,1,5,7,9,4,0,0,0,1,0,0,3.0,11.0,0,789.0,571.0,0.7237008871989861,0.010207381916503874,21,0.23809523809523808,0.3333333333333333,1.25,0,57,1,0.2
938,1981,Graduation,Married,40211.0,1,1,1970-01-01,30,51.0,1.0,7.0,2.0,1.0,25.0,2,2,1,2,8,1,0,0,0,0,0,3.0,11.0,0,87.0,77.0,0.8850574712643678,0.002163587078162692,5,0.4,0.2,0.25,2,33,1,0.2
2740,1958,PhD,Widow,33438.0,1,1,1970-01-01,81,62.0,1.0,16.0,3.0,2.0,6.0,4,2,1,4,5,0,0,0,0,0,0,3.0,11.0,0,90.0,70.0,0.7777777777777778,0.002691548537591961,7,0.2857142857142857,0.14285714285714285,0.4,2,56,0,0.0
257,1959,PhD,Married,75032.0,0,1,1970-01-01,74,952.0,12.0,180.0,47.0,12.0,12.0,2,5,4,9,3,0,0,0,0,0,0,3.0,11.0,0,1215.0,976.0,0.8032921810699588,0.016193090947862244,18,0.2777777777777778,0.2222222222222222,1.6666666666666667,1,55,0,0.0
4058,1955,PhD,Single,61284.0,0,0,2013-12-10,76,618.0,15.0,106.0,20.0,7.0,45.0,1,11,2,8,6,0,1,0,0,0,0,3.0,11.0,0,811.0,670.0,0.8261405672009864,0.013233470400104431,21,0.5238095238095238,0.09523809523809523,1.8333333333333333,0,59,1,0.2
7736,1986,Graduation,Married,22518.0,1,0,1970-01-01,36,11.0,7.0,12.0,2.0,2.0,27.0,2,2,1,2,5,1,0,0,0,0,0,3.0,11.0,1,61.0,40.0,0.6557377049180327,0.002708943955946354,5,0.4,0.2,0.4,1,28,1,0.2
8210,1975,Master,Married,54730.0,0,1,1970-01-01,64,318.0,3.0,17.0,4.0,7.0,56.0,5,4,1,8,4,0,0,0,0,0,0,3.0,11.0,0,405.0,381.0,0.9407407407407408,0.007399963456970583,13,0.3076923076923077,0.07692307692307693,1.0,1,39,0,0.0
833,1955,Master,Married,38452.0,1,1,1970-01-01,62,56.0,0.0,14.0,0.0,0.0,2.0,3,3,0,3,7,0,0,0,0,0,0,3.0,11.0,0,72.0,58.0,0.8055555555555556,0.0018724643711640486,6,0.5,0.0,0.42857142857142855,2,59,0,0.0
6230,1971,Graduation,Divorced,44421.0,1,1,1970-01-01,53,110.0,5.0,59.0,7.0,1.0,7.0,5,5,0,4,8,0,0,0,0,0,0,3.0,11.0,0,189.0,118.0,0.6243386243386243,0.004254744377659215,9,0.5555555555555556,0.0,0.625,2,43,0,0.0
7325,1986,PhD,Together,38197.0,1,0,1970-01-01,86,23.0,0.0,11.0,2.0,1.0,3.0,1,1,0,3,5,0,0,0,0,0,0,3.0,11.0,0,40.0,27.0,0.675,0.0010472026598947561,4,0.25,0.0,0.2,1,28,0,0.0
1307,1978,Graduation,Divorced,41986.0,0,1,2014-09-02,15,27.0,5.0,8.0,8.0,3.0,12.0,3,3,0,4,4,0,0,0,0,0,0,3.0,11.0,0,63.0,42.0,0.6666666666666666,0.0015005001667222407,7,0.42857142857142855,0.0,0.75,1,36,0,0.0
1502,1983,Graduation,Together,28427.0,1,0,1970-01-01,67,18.0,3.0,19.0,3.0,3.0,6.0,2,2,0,3,8,0,0,0,0,0,0,3.0,11.0,0,52.0,27.0,0.5192307692307693,0.001829246842790305,5,0.4,0.0,0.25,1,31,0,0.0
6211,1976,PhD,Together,37395.0,1,0,2014-02-05,47,18.0,0.0,9.0,0.0,1.0,11.0,1,1,0,3,6,0,0,0,0,0,0,3.0,11.0,0,39.0,30.0,0.7692307692307693,0.0010429201764941838,4,0.25,0.0,0.16666666666666666,1,38,0,0.0
843,1971,Graduation,Married,64722.0,1,0,1970-01-01,47,303.0,0.0,280.0,60.0,147.0,15.0,4,8,2,11,6,0,0,0,0,0,0,3.0,11.0,0,805.0,465.0,0.577639751552795,0.012437810945273632,21,0.38095238095238093,0.09523809523809523,1.3333333333333333,1,43,0,0.0
4174,1956,Master,Together,55249.0,0,1,1970-01-01,81,97.0,1.0,19.0,2.0,0.0,11.0,1,2,1,4,3,0,0,0,0,0,0,3.0,11.0,0,130.0,108.0,0.8307692307692308,0.0023529837644120258,7,0.2857142857142857,0.14285714285714285,0.6666666666666666,1,58,0,0.0
9757,1972,Graduation,Together,84906.0,0,0,2013-04-10,98,997.0,15.0,414.0,99.0,30.0,76.0,1,5,6,12,2,0,1,1,0,1,0,3.0,11.0,0,1631.0,1103.0,0.6762722256284488,0.019209478717640685,23,0.21739130434782608,0.2608695652173913,2.5,0,42,3,0.6
6918,1989,Graduation,Married,28691.0,1,0,2013-04-07,56,5.0,4.0,13.0,8.0,0.0,4.0,1,1,0,3,8,0,0,0,0,0,0,3.0,11.0,0,34.0,9.0,0.2647058823529412,0.0011850406050677913,4,0.25,0.0,0.125,1,25,0,0.0
286,1952,Graduation,Single,44213.0,1,1,1970-01-01,48,95.0,11.0,35.0,0.0,4.0,7.0,4,2,1,5,6,0,0,0,0,0,0,3.0,11.0,0,152.0,106.0,0.6973684210526315,0.0034379028792436614,8,0.25,0.125,0.3333333333333333,2,62,0,0.0
11086,1984,Basic,Single,25707.0,1,0,1970-01-01,18,1.0,6.0,2.0,3.0,6.0,3.0,1,1,0,3,7,0,0,0,0,0,0,3.0,11.0,0,21.0,10.0,0.47619047619047616,0.0008168981211343214,4,0.25,0.0,0.14285714285714285,1,30,0,0.0
1921,1967,PhD,Married,59062.0,2,1,2013-03-10,74,46.0,1.0,12.0,3.0,0.0,9.0,2,2,0,3,4,0,0,0,0,0,0,3.0,11.0,0,71.0,55.0,0.7746478873239436,0.0012021265788493447,5,0.4,0.0,0.5,3,47,0,0.0
4138,1962,Graduation,Single,76624.0,0,1,1970-01-01,68,411.0,106.0,147.0,54.0,115.0,66.0,1,5,10,7,1,1,0,0,0,0,0,3.0,11.0,0,899.0,592.0,0.6585094549499444,0.011732616412612236,22,0.22727272727272727,0.45454545454545453,5.0,1,52,1,0.2
7718,1947,Master,Together,66000.0,0,0,1970-01-01,36,244.0,51.0,270.0,101.0,0.0,45.0,1,1,3,5,1,0,0,0,0,0,0,3.0,11.0,0,711.0,289.0,0.40646976090014064,0.010772727272727272,9,0.1111111111111111,0.3333333333333333,1.0,0,67,0,0.0
1291,1978,PhD,Together,27683.0,1,0,2012-04-08,90,152.0,9.0,121.0,12.0,12.0,45.0,4,6,2,4,8,0,0,0,0,0,0,3.0,11.0,0,351.0,209.0,0.5954415954415955,0.01267926164071813,12,0.5,0.16666666666666666,0.75,1,36,0,0.0
6862,1971,Graduation,Divorced,1730.0,0,0,1970-01-01,65,1.0,1.0,3.0,1.0,1.0,1.0,15,0,0,0,20,0,0,0,0,0,0,3.0,11.0,0,8.0,3.0,0.375,0.004624277456647399,0,,,0.0,0,43,0,0.0
4136,1992,Basic,Single,7500.0,1,0,2012-03-12,63,10.0,17.0,18.0,8.0,26.0,40.0,4,3,2,2,9,0,0,0,0,0,0,3.0,11.0,0,119.0,76.0,0.6386554621848739,0.015866666666666668,7,0.42857142857142855,0.2857142857142857,0.3333333333333333,1,22,0,0.0
803,1968,Graduation,Together,40521.0,1,1,2013-05-04,82,12.0,0.0,5.0,0.0,0.0,4.0,1,0,1,2,5,0,0,0,0,0,0,3.0,11.0,0,21.0,16.0,0.7619047619047619,0.0005182497964018657,3,0.0,0.3333333333333333,0.0,2,46,0,0.0
4298,1973,PhD,Together,20427.0,1,0,1970-01-01,63,5.0,0.0,4.0,0.0,0.0,1.0,1,1,0,2,8,0,0,0,0,0,0,3.0,11.0,0,10.0,6.0,0.6,0.0004895481470602634,3,0.3333333333333333,0.0,0.125,1,41,0,0.0
10833,1975,Graduation,Married,65106.0,0,1,1970-01-01,55,790.0,19.0,133.0,12.0,0.0,19.0,3,8,3,13,6,0,1,0,0,0,0,3.0,11.0,0,973.0,809.0,0.8314491264131552,0.014944859152766258,24,0.3333333333333333,0.125,1.3333333333333333,1,39,1,0.2
9606,1965,PhD,Married,69969.0,0,0,1970-01-01,64,882.0,29.0,514.0,38.0,29.0,44.0,1,4,2,6,3,0,0,1,1,0,0,3.0,11.0,1,1536.0,955.0,0.6217447916666666,0.021952578999271107,12,0.3333333333333333,0.16666666666666666,1.3333333333333333,0,49,2,0.4
8534,1952,Graduation,Married,67433.0,0,2,1970-01-01,51,615.0,28.0,259.0,12.0,48.0,30.0,4,6,5,13,4,0,1,0,0,0,0,3.0,11.0,0,992.0,693.0,0.6985887096774194,0.01471089822490472,24,0.25,0.20833333333333334,1.5,2,62,1,0.2
5153,1967,PhD,Married,77766.0,0,1,1970-01-01,97,1004.0,59.0,265.0,115.0,59.0,27.0,2,11,10,11,6,1,0,0,0,0,0,3.0,11.0,1,1529.0,1090.0,0.7128842380640942,0.019661548748810535,32,0.34375,0.3125,1.8333333333333333,1,47,1,0.2
961,1972,Graduation,Married,74716.0,0,1,2013-12-09,92,133.0,27.0,421.0,13.0,195.0,71.0,2,7,3,5,4,0,0,0,0,0,0,3.0,11.0,0,860.0,399.0,0.46395348837209305,0.011510252154826275,15,0.4666666666666667,0.2,1.75,1,42,0,0.0
5011,1963,Graduation,Divorced,68118.0,0,1,1970-01-01,51,595.0,23.0,123.0,10.0,23.0,154.0,2,8,9,4,6,0,0,0,0,0,0,3.0,11.0,0,928.0,772.0,0.8318965517241379,0.013623418186088846,21,0.38095238095238093,0.42857142857142855,1.3333333333333333,1,51,0,0.0
6653,1970,PhD,Married,55158.0,1,1,1970-01-01,72,293.0,0.0,87.0,4.0,11.0,23.0,4,7,2,5,7,0,0,0,0,0,0,3.0,11.0,1,418.0,327.0,0.7822966507177034,0.007578229812538526,14,0.5,0.14285714285714285,1.0,2,44,0,0.0
9094,1955,2n Cycle,Married,62972.0,0,1,2012-03-08,39,313.0,15.0,47.0,20.0,0.0,192.0,2,7,4,3,6,0,0,0,0,0,0,3.0,11.0,1,587.0,505.0,0.8603066439522998,0.00932160325223909,14,0.5,0.2857142857142857,1.1666666666666667,1,59,0,0.0
810,1975,Graduation,Married,74190.0,0,1,2014-12-05,49,151.0,81.0,86.0,168.0,91.0,64.0,2,4,2,11,2,0,0,0,0,0,0,3.0,11.0,0,641.0,306.0,0.47737909516380655,0.008639978433751179,17,0.23529411764705882,0.11764705882352941,2.0,1,39,0,0.0
5493,1976,Graduation,Married,39356.0,1,1,1970-01-01,21,15.0,0.0,2.0,0.0,0.0,6.0,1,1,0,2,6,1,0,0,0,0,0,3.0,11.0,0,23.0,21.0,0.9130434782608695,0.0005844089846529119,3,0.3333333333333333,0.0,0.16666666666666666,2,38,1,0.2
2147,1969,Graduation,Together,76653.0,0,0,1970-01-01,91,736.0,63.0,946.0,219.0,189.0,126.0,1,4,7,11,2,0,0,1,1,0,0,3.0,11.0,0,2279.0,1051.0,0.4611671785870996,0.029731386899403807,22,0.18181818181818182,0.3181818181818182,2.0,0,45,2,0.4
5107,1973,PhD,Divorced,35860.0,1,1,1970-01-01,37,15.0,0.0,8.0,4.0,2.0,20.0,2,1,1,2,5,1,0,0,0,0,0,3.0,11.0,0,49.0,37.0,0.7551020408163265,0.0013664249860568878,4,0.25,0.25,0.2,2,41,1,0.2
3979,1983,PhD,Divorced,90687.0,0,0,1970-01-01,98,982.0,17.0,672.0,23.0,34.0,51.0,1,6,2,8,2,0,0,1,0,0,0,3.0,11.0,1,1779.0,1067.0,0.5997751545812254,0.019616924145687914,16,0.375,0.125,3.0,0,31,1,0.2
6049,1982,Master,Together,73450.0,0,0,2013-05-12,85,1142.0,51.0,415.0,90.0,69.0,37.0,1,7,8,11,3,1,0,0,1,0,0,3.0,11.0,0,1804.0,1248.0,0.6917960088691796,0.024560925799863853,26,0.2692307692307692,0.3076923076923077,2.3333333333333335,0,32,2,0.4
8147,1960,Graduation,Married,31454.0,1,1,2013-06-07,40,28.0,0.0,11.0,0.0,0.0,9.0,3,2,0,3,8,0,0,0,0,0,0,3.0,11.0,0,48.0,37.0,0.7708333333333334,0.0015260380237807592,5,0.4,0.0,0.25,2,54,0,0.0
1857,1952,Graduation,Single,47139.0,1,1,2014-06-03,2,46.0,0.0,12.0,0.0,2.0,23.0,2,2,1,2,7,0,0,0,0,0,0,3.0,11.0,1,83.0,71.0,0.8554216867469879,0.0017607501219796772,5,0.4,0.2,0.2857142857142857,2,62,0,0.0
3910,1975,Graduation,Divorced,83829.0,0,0,2013-08-10,78,897.0,161.0,430.0,186.0,161.0,27.0,0,4,7,6,1,1,0,1,1,0,0,3.0,11.0,1,1862.0,1085.0,0.5827067669172933,0.02221188371565926,17,0.23529411764705882,0.4117647058823529,4.0,0,39,3,0.6
5207,1963,PhD,Married,53378.0,1,1,1970-01-01,41,489.0,6.0,152.0,8.0,6.0,132.0,10,9,4,6,8,0,0,0,0,0,0,3.0,11.0,1,793.0,627.0,0.7906683480453972,0.014856307842182172,19,0.47368421052631576,0.21052631578947367,1.125,2,51,0,0.0
11114,1970,Graduation,Together,19656.0,1,0,2013-08-02,94,25.0,4.0,9.0,6.0,8.0,32.0,3,2,1,3,7,0,0,0,0,0,0,3.0,11.0,0,84.0,65.0,0.7738095238095238,0.004273504273504274,6,0.3333333333333333,0.16666666666666666,0.2857142857142857,1,44,0,0.0
5429,1948,PhD,Married,45579.0,0,1,1970-01-01,10,145.0,1.0,33.0,2.0,1.0,1.0,1,4,1,4,6,0,0,0,0,0,0,3.0,11.0,0,183.0,147.0,0.8032786885245902,0.00401500691107747,9,0.4444444444444444,0.1111111111111111,0.6666666666666666,1,66,0,0.0
9400,1958,2n Cycle,Single,85485.0,0,0,1970-01-01,73,630.0,26.0,611.0,44.0,18.0,54.0,1,6,6,6,2,0,0,0,0,0,0,3.0,11.0,0,1383.0,702.0,0.5075921908893709,0.016178276890682575,18,0.3333333333333333,0.3333333333333333,3.0,0,56,0,0.0
1740,1944,Graduation,Married,55956.0,0,0,2014-07-04,22,760.0,38.0,104.0,50.0,9.0,38.0,2,7,3,4,4,0,1,0,0,0,0,3.0,11.0,0,999.0,807.0,0.8078078078078078,0.01785331331760669,14,0.5,0.21428571428571427,1.75,0,70,1,0.2
7488,1963,Master,Single,64191.0,0,1,1970-01-01,30,420.0,15.0,186.0,151.0,38.0,15.0,3,5,3,13,3,0,0,0,0,0,0,3.0,11.0,0,825.0,473.0,0.5733333333333334,0.012852269009674254,21,0.23809523809523808,0.14285714285714285,1.6666666666666667,1,51,0,0.0
195,1972,Graduation,Single,38808.0,1,0,1970-01-01,21,125.0,17.0,52.0,3.0,19.0,30.0,4,5,1,4,8,1,0,0,0,0,0,3.0,11.0,1,246.0,174.0,0.7073170731707317,0.0063388991960420535,10,0.5,0.1,0.625,1,42,1,0.2
635,1966,Master,Married,57183.0,1,1,1970-01-01,51,464.0,5.0,64.0,7.0,0.0,70.0,8,9,1,7,8,0,0,0,0,0,0,3.0,11.0,0,610.0,534.0,0.8754098360655738,0.01066750607698092,17,0.5294117647058824,0.058823529411764705,1.125,2,48,0,0.0
7527,1968,Master,Divorced,23748.0,1,0,1970-01-01,97,6.0,6.0,29.0,12.0,15.0,8.0,3,2,1,3,8,0,0,0,0,0,0,3.0,11.0,0,76.0,29.0,0.3815789473684211,0.0032002694963786426,6,0.3333333333333333,0.16666666666666666,0.25,1,46,0,0.0
10319,1971,Graduation,Married,66303.0,0,1,1970-01-01,56,1090.0,12.0,96.0,16.0,12.0,60.0,4,3,4,11,8,0,1,0,0,0,0,3.0,11.0,0,1286.0,1162.0,0.9035769828926905,0.01939580411142784,18,0.16666666666666666,0.2222222222222222,0.375,1,43,1,0.2
2296,1975,Master,Married,37368.0,1,0,1970-01-01,4,3.0,2.0,11.0,2.0,2.0,10.0,1,1,0,2,6,1,0,0,0,0,0,3.0,11.0,0,30.0,15.0,0.5,0.0008028259473346178,3,0.3333333333333333,0.0,0.16666666666666666,1,39,1,0.2
10637,1964,Graduation,Married,40800.0,1,2,2013-01-01,77,24.0,0.0,27.0,8.0,30.0,10.0,2,3,0,3,7,0,0,0,0,0,1,3.0,11.0,0,99.0,64.0,0.6464646464646465,0.0024264705882352943,6,0.5,0.0,0.42857142857142855,3,50,0,0.0
2931,1978,Graduation,Divorced,71847.0,0,0,1970-01-01,95,737.0,21.0,106.0,55.0,63.0,210.0,0,6,7,9,3,0,0,0,1,0,0,3.0,11.0,0,1192.0,1010.0,0.8473154362416108,0.016590811028992163,22,0.2727272727272727,0.3181818181818182,2.0,0,36,1,0.2
907,1975,Graduation,Married,46149.0,0,1,1970-01-01,36,254.0,6.0,71.0,4.0,0.0,27.0,5,5,1,7,5,0,0,0,0,0,0,3.0,11.0,0,362.0,281.0,0.7762430939226519,0.007844156969815164,13,0.38461538461538464,0.07692307692307693,1.0,1,39,0,0.0
3698,1983,Graduation,Together,78687.0,0,0,2012-09-08,13,817.0,185.0,687.0,145.0,55.0,241.0,1,4,6,8,2,0,0,1,0,0,0,3.0,11.0,1,2130.0,1113.0,0.5225352112676056,0.027069274467192803,18,0.2222222222222222,0.3333333333333333,2.0,0,31,1,0.2
9516,1971,2n Cycle,Divorced,49118.0,0,0,1970-01-01,90,620.0,54.0,239.0,99.0,98.0,119.0,2,9,7,10,7,0,1,0,0,1,0,3.0,11.0,1,1229.0,837.0,0.6810414971521562,0.025021377091901137,26,0.34615384615384615,0.2692307692307692,1.2857142857142858,0,43,2,0.4
679,1957,PhD,Married,37633.0,1,1,1970-01-01,49,13.0,4.0,20.0,0.0,0.0,1.0,2,1,0,3,9,0,0,0,0,0,0,3.0,11.0,0,38.0,14.0,0.3684210526315789,0.0010097520792921107,4,0.25,0.0,0.1111111111111111,2,57,0,0.0
7384,1951,Master,Together,39767.0,0,0,1970-01-01,18,113.0,61.0,204.0,34.0,26.0,47.0,2,7,1,7,8,0,0,0,0,0,0,3.0,11.0,0,485.0,186.0,0.3835051546391753,0.012196041944325697,15,0.4666666666666667,0.06666666666666667,0.875,0,63,0,0.0
5043,1951,Basic,Married,26997.0,0,0,2012-05-11,89,7.0,23.0,78.0,133.0,49.0,144.0,2,4,2,5,7,0,0,0,0,0,0,3.0,11.0,0,434.0,200.0,0.4608294930875576,0.016075860280771938,11,0.36363636363636365,0.18181818181818182,0.5714285714285714,0,63,0,0.0
5267,1970,Graduation,Divorced,33986.0,1,0,1970-01-01,43,16.0,2.0,18.0,2.0,1.0,5.0,1,1,0,3,7,0,0,0,0,0,0,3.0,11.0,0,44.0,22.0,0.5,0.0012946507385393985,4,0.25,0.0,0.14285714285714285,1,44,0,0.0
339,1972,PhD,Married,57091.0,0,1,1970-01-01,82,462.0,0.0,24.0,6.0,0.0,4.0,2,9,2,5,7,0,1,0,0,0,0,3.0,11.0,1,496.0,466.0,0.9395161290322581,0.008687884254961378,16,0.5625,0.125,1.2857142857142858,1,42,1,0.2
2516,1969,2n Cycle,Married,46831.0,1,1,2013-08-06,84,22.0,2.0,10.0,6.0,4.0,34.0,2,1,2,2,4,0,0,0,0,0,0,3.0,11.0,0,78.0,60.0,0.7692307692307693,0.0016655634088531101,5,0.2,0.4,0.25,2,45,0,0.0
9010,1972,Master,Married,83151.0,0,0,2013-10-02,80,968.0,147.0,842.0,137.0,42.0,210.0,1,5,7,10,2,1,0,1,1,0,0,3.0,11.0,1,2346.0,1220.0,0.5200341005967605,0.028213731644838907,22,0.22727272727272727,0.3181818181818182,2.5,0,42,3,0.6
378,1971,Graduation,Married,52531.0,0,0,1970-01-01,68,283.0,112.0,151.0,51.0,72.0,125.0,2,7,2,10,6,0,0,0,0,0,0,3.0,11.0,0,794.0,480.0,0.6045340050377834,0.01511488454436428,19,0.3684210526315789,0.10526315789473684,1.1666666666666667,0,43,0,0.0
4808,1956,Graduation,Married,15759.0,0,0,2013-05-09,12,1.0,2.0,5.0,6.0,0.0,3.0,1,1,0,2,7,0,0,0,0,0,0,3.0,11.0,0,17.0,4.0,0.23529411764705882,0.0010787486515641855,3,0.3333333333333333,0.0,0.14285714285714285,0,58,0,0.0
5068,1971,Graduation,Single,22804.0,1,0,1970-01-01,75,14.0,1.0,7.0,2.0,1.0,1.0,1,2,0,2,9,0,0,0,0,0,0,3.0,11.0,0,26.0,16.0,0.6153846153846154,0.0011401508507279424,4,0.5,0.0,0.2222222222222222,1,43,0,0.0
7628,1973,2n Cycle,Married,43050.0,1,0,1970-01-01,10,30.0,5.0,24.0,6.0,3.0,8.0,2,2,0,4,5,0,0,0,0,0,0,3.0,11.0,0,76.0,41.0,0.5394736842105263,0.0017653890824622532,6,0.3333333333333333,0.0,0.4,1,41,0,0.0
7128,1977,PhD,Single,42997.0,1,1,2013-07-12,91,4.0,0.0,5.0,0.0,1.0,5.0,1,1,0,2,7,0,0,0,0,0,0,3.0,11.0,0,15.0,10.0,0.6666666666666666,0.0003488615484801265,3,0.3333333333333333,0.0,0.14285714285714285,2,37,0,0.0
2811,1963,PhD,Single,48918.0,1,1,2014-12-04,21,52.0,0.0,9.0,0.0,0.0,1.0,2,1,0,4,4,0,0,0,0,0,0,3.0,11.0,0,62.0,53.0,0.8548387096774194,0.0012674271229404308,5,0.2,0.0,0.25,2,51,0,0.0
3551,1954,Master,Together,60033.0,0,1,1970-01-01,28,62.0,1.0,57.0,19.0,11.0,48.0,2,2,1,5,2,0,0,0,0,0,0,3.0,11.0,0,198.0,121.0,0.6111111111111112,0.0032981859977012644,8,0.25,0.125,1.0,1,60,0,0.0
1663,1978,PhD,Together,34043.0,1,0,1970-01-01,97,20.0,2.0,14.0,3.0,0.0,10.0,1,2,0,2,9,0,0,0,0,0,0,3.0,11.0,0,49.0,30.0,0.6122448979591837,0.0014393561084510766,4,0.5,0.0,0.2222222222222222,1,36,0,0.0
5543,1966,Graduation,Together,57811.0,0,1,1970-01-01,49,545.0,7.0,114.0,37.0,21.0,78.0,5,7,2,11,5,0,1,0,0,0,0,3.0,11.0,0,802.0,644.0,0.8029925187032418,0.013872792375153518,20,0.35,0.1,1.4,1,48,1,0.2
1577,1946,Graduation,Married,78569.0,0,0,1970-01-01,14,558.0,79.0,622.0,207.0,175.0,95.0,1,4,6,4,1,0,0,1,0,0,0,3.0,11.0,1,1736.0,828.0,0.4769585253456221,0.022095228397968663,14,0.2857142857142857,0.42857142857142855,4.0,0,68,1,0.2
10641,1978,Graduation,Single,7500.0,1,1,1970-01-01,5,6.0,5.0,4.0,13.0,4.0,25.0,4,2,1,3,6,0,0,0,0,0,0,3.0,11.0,0,57.0,35.0,0.6140350877192983,0.0076,6,0.3333333333333333,0.16666666666666666,0.3333333333333333,2,36,0,0.0
5336,1971,Master,Together,157733.0,1,0,2013-04-06,37,39.0,1.0,9.0,2.0,0.0,8.0,0,1,0,1,1,0,0,0,0,0,0,3.0,11.0,0,59.0,47.0,0.7966101694915254,0.00037404981836394415,2,0.5,0.0,1.0,1,43,0,0.0
6024,1953,Graduation,Together,94384.0,0,0,2013-04-03,62,1111.0,24.0,790.0,160.0,45.0,172.0,0,5,8,5,2,0,1,1,1,0,0,3.0,11.0,1,2302.0,1328.0,0.576889661164205,0.02438972707238515,18,0.2777777777777778,0.4444444444444444,2.5,0,61,3,0.6
1878,1985,2n Cycle,Married,23148.0,0,0,1970-01-01,83,4.0,6.0,8.0,6.0,3.0,10.0,1,2,0,3,7,0,0,0,0,0,0,3.0,11.0,0,37.0,17.0,0.4594594594594595,0.001598410229825471,5,0.4,0.0,0.2857142857142857,0,29,0,0.0
3099,1970,Graduation,Divorced,44267.0,1,1,1970-01-01,48,183.0,5.0,65.0,3.0,5.0,49.0,5,5,2,4,9,0,0,0,0,0,0,3.0,11.0,0,310.0,237.0,0.7645161290322581,0.007002959315065399,11,0.45454545454545453,0.18181818181818182,0.5555555555555556,2,44,0,0.0
6055,1979,Graduation,Married,71626.0,0,0,2012-01-11,94,546.0,72.0,376.0,94.0,145.0,72.0,1,5,5,8,3,0,1,0,0,0,0,3.0,11.0,0,1305.0,763.0,0.5846743295019157,0.0182196409125178,18,0.2777777777777778,0.2777777777777778,1.6666666666666667,0,35,1,0.2
5841,1966,Graduation,Together,60894.0,0,1,1970-01-01,61,606.0,7.0,155.0,10.0,0.0,54.0,5,10,3,8,7,0,0,0,0,0,0,3.0,11.0,0,832.0,660.0,0.7932692307692307,0.013663086675206096,21,0.47619047619047616,0.14285714285714285,1.4285714285714286,1,48,0,0.0
3972,1976,Graduation,Together,50200.0,1,1,2013-03-04,70,266.0,6.0,51.0,8.0,6.0,64.0,6,7,1,5,8,0,0,0,0,0,0,3.0,11.0,0,401.0,336.0,0.8379052369077307,0.00798804780876494,13,0.5384615384615384,0.07692307692307693,0.875,2,38,0,0.0
4394,1965,PhD,Married,81051.0,0,0,1970-01-01,43,1142.0,29.0,249.0,38.0,29.0,14.0,1,5,5,12,2,0,1,1,0,0,0,3.0,11.0,0,1501.0,1185.0,0.7894736842105263,0.018519203958001752,22,0.22727272727272727,0.22727272727272727,2.5,0,49,2,0.4
5758,1982,Graduation,Married,65169.0,0,0,1970-01-01,23,1074.0,0.0,69.0,0.0,0.0,46.0,1,10,4,13,6,1,0,1,1,1,0,3.0,11.0,1,1189.0,1120.0,0.9419680403700589,0.01824487102763584,27,0.37037037037037035,0.14814814814814814,1.6666666666666667,0,32,4,0.8
6658,1972,Graduation,Together,59868.0,0,1,1970-01-01,37,771.0,51.0,154.0,54.0,10.0,154.0,7,11,2,12,6,0,0,0,0,0,0,3.0,11.0,0,1194.0,935.0,0.7830820770519263,0.019943876528362398,25,0.44,0.08,1.8333333333333333,1,42,0,0.0
4603,1960,PhD,Married,65695.0,0,1,1970-01-01,50,371.0,32.0,189.0,0.0,58.0,6.0,2,5,4,10,4,0,0,0,0,0,0,3.0,11.0,0,656.0,435.0,0.663109756097561,0.009985539234340512,19,0.2631578947368421,0.21052631578947367,1.25,1,54,0,0.0
8427,1956,Master,Single,64857.0,0,0,1970-01-01,78,556.0,14.0,717.0,210.0,0.0,43.0,1,7,5,10,4,0,0,0,0,0,0,3.0,11.0,0,1540.0,599.0,0.38896103896103895,0.023744545692831923,22,0.3181818181818182,0.22727272727272727,1.75,0,58,0,0.0
10260,1965,Master,Together,45143.0,0,1,1970-01-01,74,202.0,5.0,74.0,11.0,5.0,14.0,3,6,1,5,7,0,0,0,0,0,0,3.0,11.0,0,311.0,221.0,0.7106109324758842,0.006889218705004098,12,0.5,0.08333333333333333,0.8571428571428571,1,49,0,0.0
7143,1955,2n Cycle,Together,74805.0,0,1,2013-06-11,14,209.0,162.0,209.0,41.0,162.0,37.0,5,4,7,10,2,0,0,0,0,0,0,3.0,11.0,0,820.0,408.0,0.4975609756097561,0.01096183410199853,21,0.19047619047619047,0.3333333333333333,2.0,1,59,0,0.0
8789,1989,2n Cycle,Married,59060.0,1,0,2014-11-01,77,35.0,40.0,111.0,36.0,40.0,12.0,3,3,1,7,4,0,0,0,0,0,0,3.0,11.0,0,274.0,87.0,0.3175182481751825,0.00463934981374873,11,0.2727272727272727,0.09090909090909091,0.75,1,25,0,0.0
6197,1962,PhD,Single,27238.0,1,1,1970-01-01,39,37.0,0.0,17.0,0.0,0.0,3.0,3,3,0,3,9,0,0,0,0,0,0,3.0,11.0,0,57.0,40.0,0.7017543859649122,0.002092664659666642,6,0.5,0.0,0.3333333333333333,2,52,0,0.0
4554,1965,Graduation,Together,47009.0,0,1,2013-01-10,89,171.0,45.0,73.0,59.0,10.0,90.0,4,3,2,8,4,0,0,0,0,0,0,3.0,11.0,0,448.0,271.0,0.6049107142857143,0.009530089982769257,13,0.23076923076923078,0.15384615384615385,0.75,1,49,0,0.0
4937,1973,2n Cycle,Married,46094.0,1,1,2014-10-06,62,12.0,2.0,20.0,3.0,2.0,5.0,1,1,0,3,7,0,0,0,0,0,0,3.0,11.0,0,44.0,19.0,0.4318181818181818,0.0009545710938516944,4,0.25,0.0,0.14285714285714285,2,41,0,0.0
1920,1972,Graduation,Married,40321.0,1,1,1970-01-01,59,44.0,4.0,21.0,6.0,0.0,27.0,2,3,0,3,7,0,0,0,0,0,0,3.0,11.0,0,102.0,71.0,0.696078431372549,0.002529699164207237,6,0.5,0.0,0.42857142857142855,2,42,0,0.0
8749,1984,Graduation,Together,37235.0,1,0,2014-01-02,68,20.0,2.0,9.0,4.0,6.0,20.0,1,1,1,2,4,0,0,0,0,0,0,3.0,11.0,0,61.0,46.0,0.7540983606557377,0.0016382435880220223,4,0.25,0.25,0.25,1,30,0,0.0
1650,1960,Master,Married,81843.0,0,0,1970-01-01,13,779.0,86.0,537.0,34.0,69.0,138.0,1,5,9,12,3,0,0,0,0,0,0,3.0,11.0,0,1643.0,986.0,0.6001217285453438,0.02007502168786579,26,0.19230769230769232,0.34615384615384615,1.6666666666666667,0,54,0,0.0
10377,1958,Master,Together,46692.0,0,1,2013-06-06,37,170.0,6.0,97.0,24.0,12.0,88.0,3,6,1,5,6,0,0,0,0,0,0,3.0,11.0,0,397.0,270.0,0.6801007556675063,0.00850252719952026,12,0.5,0.08333333333333333,1.0,1,56,0,0.0
9206,1968,Graduation,Together,77382.0,0,1,2014-07-01,36,491.0,48.0,231.0,112.0,105.0,134.0,2,5,7,12,1,0,0,1,0,0,0,3.0,11.0,0,1121.0,730.0,0.6512042818911686,0.014486573104856426,24,0.20833333333333334,0.2916666666666667,5.0,1,46,1,0.2
10971,1977,Graduation,Single,37774.0,2,0,2012-03-09,28,173.0,8.0,107.0,7.0,2.0,176.0,4,7,2,3,9,1,0,0,0,0,1,3.0,11.0,1,473.0,351.0,0.7420718816067653,0.012521840419336051,12,0.5833333333333334,0.16666666666666666,0.7777777777777778,2,37,1,0.2
6398,1974,Basic,Married,18393.0,1,0,1970-01-01,2,7.0,10.0,13.0,16.0,0.0,4.0,2,3,0,3,8,0,0,0,0,0,0,3.0,11.0,0,50.0,11.0,0.22,0.002718425487957375,6,0.5,0.0,0.375,1,40,0,0.0
9212,1962,Master,Married,72828.0,0,1,1970-01-01,17,1205.0,0.0,235.0,19.0,14.0,205.0,6,6,3,13,7,0,0,0,0,0,0,3.0,11.0,0,1678.0,1424.0,0.8486293206197855,0.02304058878453342,22,0.2727272727272727,0.13636363636363635,0.8571428571428571,1,52,0,0.0
7937,1982,Graduation,Married,24711.0,0,0,1970-01-01,86,10.0,7.0,25.0,6.0,3.0,7.0,1,3,0,3,7,0,0,0,0,0,0,3.0,11.0,0,58.0,20.0,0.3448275862068966,0.0023471328558132007,6,0.5,0.0,0.42857142857142855,0,32,0,0.0
839,1975,PhD,Married,45503.0,1,0,1970-01-01,54,97.0,4.0,44.0,6.0,1.0,18.0,1,3,1,4,5,0,0,0,0,0,0,3.0,11.0,0,170.0,116.0,0.6823529411764706,0.003736017405445795,8,0.375,0.125,0.6,1,39,0,0.0
4246,1982,Master,Single,6560.0,0,0,2013-12-12,2,67.0,11.0,26.0,4.0,3.0,262.0,0,1,0,1,17,0,0,0,0,0,0,3.0,11.0,0,373.0,332.0,0.8900804289544236,0.05685975609756098,2,0.5,0.0,0.058823529411764705,0,32,0,0.0
158,1945,PhD,Together,71604.0,0,0,1970-01-01,3,345.0,53.0,528.0,98.0,75.0,97.0,1,8,3,5,4,1,0,0,0,0,0,3.0,11.0,1,1196.0,517.0,0.4322742474916388,0.01670297748729121,16,0.5,0.1875,2.0,0,69,1,0.2
4832,1979,Graduation,Married,27244.0,1,0,2014-07-03,84,6.0,5.0,17.0,3.0,24.0,46.0,2,2,2,2,7,0,0,0,0,0,0,3.0,11.0,0,101.0,76.0,0.7524752475247525,0.003707238290999853,6,0.3333333333333333,0.3333333333333333,0.2857142857142857,1,35,0,0.0
5621,1969,Graduation,Married,48752.0,1,1,2012-12-12,8,73.0,57.0,100.0,71.0,15.0,0.0,5,6,1,5,9,0,0,0,0,0,0,3.0,11.0,1,316.0,88.0,0.27848101265822783,0.006481785362651788,12,0.5,0.08333333333333333,0.6666666666666666,2,45,0,0.0
1945,1962,Graduation,Married,71434.0,0,1,1970-01-01,4,711.0,36.0,217.0,172.0,96.0,168.0,3,7,4,7,4,0,1,0,1,0,0,3.0,11.0,0,1400.0,975.0,0.6964285714285714,0.019598510513200995,18,0.3888888888888889,0.2222222222222222,1.75,1,52,2,0.4
5147,1948,Graduation,Single,90842.0,0,0,1970-01-01,57,774.0,70.0,118.0,182.0,187.0,93.0,1,4,9,13,1,0,0,0,0,0,0,3.0,11.0,0,1424.0,1054.0,0.7401685393258427,0.015675568569604368,26,0.15384615384615385,0.34615384615384615,4.0,0,66,0,0.0
2535,1978,Master,Married,88097.0,1,0,1970-01-01,24,163.0,0.0,480.0,0.0,126.0,75.0,1,6,5,8,9,0,1,1,1,0,0,3.0,11.0,1,844.0,364.0,0.4312796208530806,0.009580348933561869,19,0.3157894736842105,0.2631578947368421,0.6666666666666666,1,36,3,0.6
11039,1975,Graduation,Married,51948.0,0,1,1970-01-01,51,82.0,33.0,54.0,71.0,30.0,41.0,2,5,2,4,5,0,0,0,0,0,0,3.0,11.0,0,311.0,153.0,0.4919614147909968,0.005986755986755987,11,0.45454545454545453,0.18181818181818182,1.0,1,39,0,0.0
9495,1982,Graduation,Together,71853.0,0,0,2013-08-05,29,358.0,108.0,413.0,141.0,97.0,32.0,1,2,8,6,1,0,0,0,0,0,0,3.0,11.0,0,1149.0,487.0,0.42384682332463014,0.015990981587407624,16,0.125,0.5,2.0,0,32,0,0.0
9635,1983,Master,Married,35876.0,0,0,1970-01-01,13,66.0,2.0,40.0,4.0,3.0,14.0,1,3,1,3,6,0,0,0,0,0,0,3.0,11.0,0,129.0,83.0,0.6434108527131783,0.0035957185862414984,7,0.42857142857142855,0.14285714285714285,0.5,0,31,0,0.0
2173,1952,Graduation,Widow,40049.0,0,1,1970-01-01,23,13.0,6.0,7.0,0.0,3.0,3.0,1,1,0,3,6,0,0,0,0,0,0,3.0,11.0,0,32.0,19.0,0.59375,0.0007990211990311868,4,0.25,0.0,0.16666666666666666,1,62,0,0.0
942,1982,Graduation,Single,39660.0,1,0,2012-08-08,36,139.0,13.0,78.0,20.0,13.0,36.0,3,7,1,3,9,0,0,0,0,0,0,3.0,11.0,1,299.0,188.0,0.6287625418060201,0.007539082198688855,11,0.6363636363636364,0.09090909090909091,0.7777777777777778,1,32,0,0.0
9386,1962,Graduation,Together,50127.0,0,1,1970-01-01,88,274.0,0.0,21.0,4.0,6.0,15.0,1,5,1,6,6,0,1,0,0,0,0,3.0,11.0,0,320.0,295.0,0.921875,0.006383785185628503,12,0.4166666666666667,0.08333333333333333,0.8333333333333334,1,52,1,0.2
5510,1977,Master,Married,43263.0,0,1,1970-01-01,2,262.0,6.0,61.0,0.0,10.0,102.0,3,5,2,6,5,0,0,0,0,0,0,3.0,11.0,0,441.0,374.0,0.8480725623582767,0.01019346785937175,13,0.38461538461538464,0.15384615384615385,1.0,1,37,0,0.0
873,1949,Master,Married,62845.0,1,1,2012-01-10,3,1099.0,0.0,45.0,0.0,0.0,34.0,11,3,4,10,8,0,1,0,0,0,0,3.0,11.0,1,1178.0,1133.0,0.9617996604414262,0.018744530193332803,17,0.17647058823529413,0.23529411764705882,0.375,2,65,1,0.2
2253,1990,Graduation,Married,18929.0,0,0,1970-01-01,15,32.0,0.0,8.0,23.0,4.0,18.0,1,1,0,4,6,0,0,0,0,0,0,3.0,11.0,0,85.0,54.0,0.6352941176470588,0.004490464366844524,5,0.2,0.0,0.16666666666666666,0,24,0,0.0
5181,1982,Basic,Single,24367.0,1,0,1970-01-01,58,2.0,4.0,2.0,0.0,11.0,5.0,1,1,0,2,9,0,0,0,0,0,0,3.0,11.0,0,24.0,18.0,0.75,0.0009849386465301433,3,0.3333333333333333,0.0,0.1111111111111111,1,32,0,0.0
979,1975,Graduation,Single,33249.0,1,0,1970-01-01,11,6.0,10.0,21.0,19.0,14.0,42.0,2,2,1,3,6,0,0,0,0,0,0,3.0,11.0,0,112.0,62.0,0.5535714285714286,0.003368522361574784,6,0.3333333333333333,0.16666666666666666,0.3333333333333333,1,39,0,0.0
10390,1959,2n Cycle,Married,26887.0,0,1,2013-10-02,27,6.0,7.0,4.0,3.0,4.0,6.0,1,1,0,3,6,0,0,0,0,0,0,3.0,11.0,0,30.0,16.0,0.5333333333333333,0.0011157808606389705,4,0.25,0.0,0.16666666666666666,1,55,0,0.0
4698,1983,PhD,Married,50150.0,0,0,1970-01-01,32,135.0,46.0,92.0,65.0,61.0,11.0,2,5,2,7,5,0,0,0,0,0,0,3.0,11.0,0,410.0,207.0,0.5048780487804878,0.008175473579262214,14,0.35714285714285715,0.14285714285714285,1.0,0,31,0,0.0
7793,1976,Graduation,Together,62061.0,0,1,1970-01-01,12,641.0,7.0,84.0,0.0,30.0,38.0,3,10,4,7,6,0,1,0,0,0,0,3.0,11.0,0,800.0,709.0,0.88625,0.012890543175263048,21,0.47619047619047616,0.19047619047619047,1.6666666666666667,1,38,1,0.2
1745,1962,PhD,Divorced,85696.0,0,0,2013-03-05,88,714.0,76.0,395.0,116.0,0.0,12.0,1,4,6,9,1,0,0,0,0,0,0,3.0,11.0,1,1313.0,726.0,0.5529322162985529,0.015321601941747573,19,0.21052631578947367,0.3157894736842105,4.0,0,52,0,0.0
10590,1956,PhD,Together,76542.0,0,0,1970-01-01,91,794.0,73.0,573.0,0.0,29.0,14.0,1,4,8,10,2,0,0,0,0,0,0,3.0,11.0,0,1483.0,837.0,0.5643964935940661,0.019374983669096704,22,0.18181818181818182,0.36363636363636365,2.0,0,58,0,0.0
5080,1993,Graduation,Single,70515.0,0,0,1970-01-01,12,420.0,0.0,452.0,182.0,64.0,140.0,1,6,6,4,2,0,0,0,0,0,0,3.0,11.0,1,1258.0,624.0,0.4960254372019078,0.01784017584911012,16,0.375,0.375,3.0,0,21,0,0.0
8369,1987,Graduation,Together,18227.0,1,0,2012-08-11,21,1.0,2.0,7.0,4.0,3.0,11.0,1,0,1,2,8,0,0,0,0,0,0,3.0,11.0,0,28.0,15.0,0.5357142857142857,0.0015361825862731113,3,0.0,0.3333333333333333,0.0,1,27,0,0.0
5232,1965,Graduation,Married,69139.0,0,1,1970-01-01,23,86.0,12.0,75.0,33.0,15.0,6.0,1,4,1,5,4,0,0,0,0,0,0,3.0,11.0,0,227.0,107.0,0.4713656387665198,0.003283241007246272,10,0.4,0.1,1.0,1,49,0,0.0
2407,1982,Graduation,Married,69109.0,0,0,2012-09-11,10,823.0,25.0,459.0,124.0,29.0,95.0,1,6,6,7,4,0,0,1,0,0,0,3.0,11.0,1,1555.0,947.0,0.6090032154340836,0.022500687320030677,19,0.3157894736842105,0.3157894736842105,1.5,0,32,1,0.2
3834,1962,Graduation,Single,69627.0,0,1,1970-01-01,35,231.0,161.0,215.0,171.0,30.0,53.0,2,8,2,11,5,0,0,0,0,0,0,3.0,11.0,0,861.0,314.0,0.36469221835075494,0.012365892541686414,21,0.38095238095238093,0.09523809523809523,1.6,1,52,0,0.0
7912,1978,Graduation,Married,38136.0,1,0,1970-01-01,69,8.0,15.0,27.0,0.0,20.0,33.0,2,3,1,2,8,1,0,0,0,0,0,3.0,11.0,0,103.0,61.0,0.5922330097087378,0.002700860079714705,6,0.5,0.16666666666666666,0.375,1,36,1,0.2
7712,1946,PhD,Single,62159.0,0,0,1970-01-01,68,182.0,17.0,259.0,77.0,70.0,29.0,1,6,2,10,4,0,0,0,0,0,0,3.0,11.0,0,634.0,281.0,0.443217665615142,0.010199649286507182,18,0.3333333333333333,0.1111111111111111,1.5,0,68,0,0.0
1065,1963,Graduation,Single,80695.0,0,0,1970-01-01,85,557.0,129.0,984.0,193.0,37.0,18.0,1,5,8,5,2,0,0,0,0,0,0,3.0,11.0,0,1918.0,612.0,0.31908237747653806,0.023768511060164817,18,0.2777777777777778,0.4444444444444444,2.5,0,51,0,0.0
7275,1971,Master,Single,33316.0,1,1,2013-04-10,34,79.0,1.0,31.0,4.0,4.0,12.0,3,2,1,4,6,0,0,0,0,0,0,3.0,11.0,0,131.0,95.0,0.7251908396946565,0.003932044663224877,7,0.2857142857142857,0.14285714285714285,0.3333333333333333,2,43,0,0.0
1343,1968,Graduation,Together,58554.0,1,1,1970-01-01,55,368.0,24.0,68.0,38.0,0.0,88.0,6,8,2,6,7,0,0,0,0,0,0,3.0,11.0,0,586.0,456.0,0.7781569965870307,0.01000785599617447,16,0.5,0.125,1.1428571428571428,2,46,0,0.0
1384,1992,Basic,Married,17256.0,1,0,1970-01-01,10,6.0,4.0,14.0,8.0,8.0,22.0,2,2,1,2,8,1,0,0,0,0,0,3.0,11.0,0,62.0,36.0,0.5806451612903226,0.0035929531757070005,5,0.4,0.2,0.25,1,22,1,0.2
9967,1974,Graduation,Divorced,53034.0,1,1,1970-01-01,30,160.0,15.0,196.0,15.0,11.0,50.0,8,6,1,7,8,0,0,0,0,0,0,3.0,11.0,0,447.0,221.0,0.49440715883668906,0.008428555266432854,14,0.42857142857142855,0.07142857142857142,0.75,2,40,0,0.0
6181,1950,2n Cycle,Together,52203.0,0,0,1970-01-01,36,488.0,21.0,238.0,56.0,108.0,28.0,1,8,7,11,6,0,0,0,0,0,0,3.0,11.0,0,939.0,624.0,0.6645367412140575,0.017987471984368713,26,0.3076923076923077,0.2692307692307692,1.3333333333333333,0,64,0,0.0
10507,1977,2n Cycle,Divorced,59601.0,0,1,1970-01-01,14,691.0,7.0,69.0,0.0,7.0,23.0,4,2,2,7,8,0,1,0,0,0,0,3.0,11.0,0,797.0,721.0,0.904642409033877,0.013372258854717203,11,0.18181818181818182,0.18181818181818182,0.25,1,37,1,0.2
2674,1958,Master,Single,75154.0,0,1,2012-04-09,79,543.0,10.0,205.0,160.0,143.0,82.0,1,6,3,6,3,0,0,0,0,0,0,3.0,11.0,1,1143.0,768.0,0.6719160104986877,0.01520877132288368,15,0.4,0.2,2.0,1,56,0,0.0
2698,1976,Graduation,Single,47025.0,0,1,2013-07-11,52,254.0,7.0,108.0,20.0,0.0,26.0,3,6,3,5,6,0,0,0,0,0,0,3.0,11.0,0,415.0,280.0,0.6746987951807228,0.008825093035619352,14,0.42857142857142855,0.21428571428571427,1.0,1,38,0,0.0
3231,1973,Graduation,Married,37971.0,1,0,1970-01-01,97,5.0,4.0,10.0,2.0,2.0,7.0,1,1,0,3,8,0,0,0,0,0,0,3.0,11.0,0,30.0,14.0,0.4666666666666667,0.0007900766374338311,4,0.25,0.0,0.125,1,41,0,0.0
4096,1968,Master,Divorced,41335.0,1,0,1970-01-01,24,112.0,19.0,21.0,16.0,14.0,5.0,3,4,1,4,7,0,0,0,0,0,0,3.0,11.0,0,187.0,131.0,0.7005347593582888,0.0045240111285835246,9,0.4444444444444444,0.1111111111111111,0.5714285714285714,1,46,0,0.0
10476,1958,Graduation,Married,67267.0,0,1,1970-01-01,0,134.0,11.0,59.0,15.0,2.0,30.0,1,3,2,5,2,0,0,0,0,0,0,3.0,11.0,0,251.0,166.0,0.6613545816733067,0.0037313987542182646,10,0.3,0.2,1.5,1,56,0,0.0
5948,1975,Graduation,Single,57338.0,0,1,1970-01-01,96,143.0,6.0,52.0,11.0,8.0,17.0,2,4,1,5,5,0,0,0,0,0,0,3.0,11.0,0,237.0,168.0,0.7088607594936709,0.004133384491959957,10,0.4,0.1,0.8,1,39,0,0.0
9140,1960,2n Cycle,Together,50523.0,1,1,1970-01-01,89,51.0,4.0,24.0,4.0,7.0,1.0,2,2,0,4,6,0,0,0,0,0,0,3.0,11.0,0,91.0,59.0,0.6483516483516484,0.0018011598677829899,6,0.3333333333333333,0.0,0.3333333333333333,2,54,0,0.0
10258,1965,Master,Single,35791.0,2,1,2013-06-05,94,27.0,0.0,5.0,0.0,0.0,3.0,2,1,0,3,8,0,0,0,0,0,0,3.0,11.0,0,35.0,30.0,0.8571428571428571,0.0009778994719342852,4,0.25,0.0,0.125,3,49,0,0.0
5675,1960,PhD,Divorced,50611.0,0,1,2012-04-10,98,459.0,0.0,24.0,6.0,0.0,4.0,6,4,5,7,6,0,1,0,0,0,0,3.0,11.0,0,493.0,463.0,0.9391480730223124,0.009740965402778053,16,0.25,0.3125,0.6666666666666666,1,54,1,0.2
4743,1969,PhD,Married,56242.0,0,1,2013-03-03,72,689.0,8.0,167.0,11.0,8.0,88.0,5,8,4,11,6,0,0,0,0,0,0,3.0,11.0,0,971.0,785.0,0.8084449021627188,0.017264677643042566,23,0.34782608695652173,0.17391304347826086,1.3333333333333333,1,45,0,0.0
8805,1960,Graduation,Single,48904.0,0,1,2012-02-12,1,283.0,10.0,38.0,0.0,13.0,27.0,4,7,2,4,8,0,0,0,0,0,0,3.0,11.0,0,371.0,323.0,0.8706199460916442,0.007586291509896941,13,0.5384615384615384,0.15384615384615385,0.875,1,54,0,0.0
1542,1975,Graduation,Single,56243.0,1,2,1970-01-01,26,347.0,0.0,35.0,4.0,3.0,7.0,6,4,2,8,5,0,0,0,0,0,0,3.0,11.0,0,396.0,357.0,0.9015151515151515,0.0070408761979268535,14,0.2857142857142857,0.14285714285714285,0.8,3,39,0,0.0
6770,1985,Graduation,Married,21355.0,1,0,1970-01-01,5,5.0,13.0,14.0,0.0,5.0,31.0,2,2,1,2,6,1,0,0,0,0,0,3.0,11.0,1,68.0,41.0,0.6029411764705882,0.0031842659798642006,5,0.4,0.2,0.3333333333333333,1,29,1,0.2
8773,1971,Master,Together,57420.0,0,1,1970-01-01,22,280.0,0.0,18.0,0.0,0.0,24.0,3,5,1,6,7,0,1,0,0,0,0,3.0,11.0,0,322.0,304.0,0.9440993788819876,0.005607802159526298,12,0.4166666666666667,0.08333333333333333,0.7142857142857143,1,43,1,0.2
10475,1970,Master,Together,51371.0,0,1,2013-01-04,39,187.0,5.0,65.0,26.0,20.0,14.0,2,4,2,6,5,0,0,0,0,0,0,3.0,11.0,0,317.0,221.0,0.6971608832807571,0.006170796753031866,12,0.3333333333333333,0.16666666666666666,0.8,1,44,0,0.0
10420,1955,Master,Divorced,46390.0,0,1,2014-05-05,56,95.0,14.0,64.0,2.0,9.0,38.0,1,4,2,3,7,0,0,0,0,0,0,3.0,11.0,0,222.0,142.0,0.6396396396396397,0.004785514119422289,9,0.4444444444444444,0.2222222222222222,0.5714285714285714,1,59,0,0.0
7514,1956,2n Cycle,Together,54342.0,1,1,2013-03-07,74,84.0,10.0,34.0,11.0,10.0,28.0,4,3,1,4,6,0,0,0,0,0,0,3.0,11.0,0,177.0,122.0,0.6892655367231638,0.003257149166390637,8,0.375,0.125,0.5,2,58,0,0.0
2902,1958,Graduation,Together,51371.0,1,1,2012-03-09,87,19.0,4.0,12.0,2.0,2.0,6.0,1,1,0,3,5,0,0,0,0,0,0,3.0,11.0,0,45.0,27.0,0.6,0.0008759806116291292,4,0.25,0.0,0.2,2,56,0,0.0
4345,1964,2n Cycle,Single,51371.0,1,1,2014-12-01,49,5.0,1.0,9.0,2.0,0.0,4.0,1,1,0,2,7,0,0,0,0,0,0,3.0,11.0,0,21.0,9.0,0.42857142857142855,0.00040879095209359366,3,0.3333333333333333,0.0,0.14285714285714285,2,50,0,0.0
793,1973,Graduation,Married,20895.0,1,0,2012-06-10,24,18.0,3.0,17.0,3.0,0.0,4.0,1,2,0,3,9,0,0,0,0,0,0,3.0,11.0,0,45.0,22.0,0.4888888888888889,0.0021536252692031586,5,0.4,0.0,0.2222222222222222,1,41,0,0.0
10909,1948,Graduation,Married,92344.0,0,0,1970-01-01,9,992.0,24.0,694.0,51.0,19.0,119.0,0,5,10,5,1,1,0,1,0,0,0,3.0,11.0,0,1899.0,1130.0,0.5950500263296472,0.020564411331542926,20,0.25,0.5,5.0,0,66,2,0.4
3769,1972,PhD,Together,51371.0,1,0,2014-02-03,17,25.0,1.0,13.0,0.0,0.0,3.0,1,1,0,3,7,0,0,0,0,0,0,3.0,11.0,0,42.0,28.0,0.6666666666666666,0.0008175819041871873,4,0.25,0.0,0.14285714285714285,1,42,0,0.0
8702,1976,2n Cycle,Together,26907.0,1,1,1970-01-01,10,9.0,1.0,7.0,0.0,3.0,2.0,2,1,0,3,7,0,0,0,0,0,0,3.0,11.0,0,22.0,14.0,0.6363636363636364,0.0008176310997138291,4,0.25,0.0,0.14285714285714285,2,38,0,0.0
4791,1980,Graduation,Together,44964.0,1,1,1970-01-01,35,19.0,1.0,17.0,2.0,0.0,2.0,1,1,0,3,8,0,0,0,0,0,0,3.0,11.0,0,41.0,21.0,0.5121951219512195,0.0009118405835779735,4,0.25,0.0,0.125,2,34,0,0.0
2963,1979,Graduation,Together,75507.0,0,0,2014-02-05,56,709.0,93.0,374.0,104.0,80.0,80.0,1,8,6,6,3,0,0,0,0,0,0,3.0,11.0,0,1440.0,869.0,0.6034722222222222,0.019071079502562677,20,0.4,0.3,2.6666666666666665,0,35,0,0.0
8216,1972,Master,Married,53761.0,1,1,2013-11-10,7,158.0,0.0,76.0,13.0,7.0,71.0,6,4,4,3,5,0,0,0,0,0,0,3.0,11.0,0,325.0,236.0,0.7261538461538461,0.006045274455460278,11,0.36363636363636365,0.36363636363636365,0.8,2,42,0,0.0
8140,1973,Graduation,Together,22682.0,1,0,2013-03-10,51,10.0,14.0,29.0,4.0,2.0,36.0,3,2,1,4,4,0,0,0,0,0,0,3.0,11.0,0,95.0,48.0,0.5052631578947369,0.004188343179613791,7,0.2857142857142857,0.14285714285714285,0.5,1,41,0,0.0
10146,1972,PhD,Together,38887.0,1,0,2014-02-03,17,25.0,1.0,13.0,0.0,0.0,3.0,1,1,0,3,7,0,0,0,0,0,0,3.0,11.0,0,42.0,28.0,0.6666666666666666,0.0010800524596908992,4,0.25,0.0,0.14285714285714285,1,42,0,0.0
5289,1975,2n Cycle,Single,41658.0,1,1,2012-09-11,30,8.0,4.0,12.0,15.0,4.0,29.0,2,1,1,2,4,0,0,0,0,0,0,3.0,11.0,0,72.0,41.0,0.5694444444444444,0.0017283594987757454,4,0.25,0.25,0.25,2,39,0,0.0
2587,1972,PhD,Married,29791.0,1,0,1970-01-01,21,14.0,0.0,6.0,0.0,0.0,0.0,2,2,0,3,5,0,0,0,0,0,0,3.0,11.0,0,20.0,14.0,0.7,0.0006713436944043503,5,0.4,0.0,0.4,1,42,0,0.0
4405,1956,Master,Married,63915.0,0,2,1970-01-01,2,622.0,7.0,115.0,30.0,0.0,15.0,2,6,3,12,5,0,0,0,0,0,0,3.0,11.0,0,789.0,637.0,0.8073510773130546,0.012344520065712274,21,0.2857142857142857,0.14285714285714285,1.2,2,58,0,0.0
8663,1974,Graduation,Divorced,39996.0,1,1,1970-01-01,85,11.0,0.0,3.0,0.0,0.0,1.0,1,1,0,2,6,0,0,0,0,0,0,3.0,11.0,0,15.0,12.0,0.8,0.000375037503750375,3,0.3333333333333333,0.0,0.16666666666666666,2,40,0,0.0
2589,1972,Graduation,Divorced,26759.0,1,0,2014-07-02,65,25.0,3.0,16.0,8.0,5.0,2.0,2,2,1,3,6,0,0,0,0,0,0,3.0,11.0,0,59.0,32.0,0.5423728813559322,0.0022048656526776037,6,0.3333333333333333,0.16666666666666666,0.3333333333333333,1,42,0,0.0
3421,1968,Master,Divorced,63841.0,0,1,1970-01-01,64,635.0,15.0,100.0,20.0,7.0,131.0,1,9,3,9,6,0,0,0,0,0,0,3.0,11.0,0,908.0,773.0,0.8513215859030837,0.014222834855343744,21,0.42857142857142855,0.14285714285714285,1.5,1,46,0,0.0
10490,1969,PhD,Married,51039.0,1,1,2012-10-12,11,100.0,64.0,79.0,65.0,0.0,109.0,2,6,2,4,7,0,0,0,0,0,0,3.0,11.0,0,417.0,209.0,0.5011990407673861,0.008170222770822312,12,0.5,0.16666666666666666,0.8571428571428571,2,45,0,0.0
4094,1961,Graduation,Married,60544.0,1,1,1970-01-01,92,201.0,2.0,43.0,3.0,5.0,35.0,4,5,1,5,6,0,0,0,0,0,0,3.0,11.0,0,289.0,241.0,0.8339100346020761,0.0047733879492600426,11,0.45454545454545453,0.09090909090909091,0.8333333333333334,2,53,0,0.0
9958,1972,Graduation,Married,65685.0,0,1,1970-01-01,54,642.0,14.0,49.0,0.0,7.0,57.0,1,9,2,9,5,0,0,0,0,0,0,3.0,11.0,0,769.0,706.0,0.918075422626788,0.01170739133744386,20,0.45,0.1,1.8,1,42,0,0.0
2534,1953,Graduation,Married,37716.0,0,1,1970-01-01,4,97.0,1.0,41.0,6.0,2.0,41.0,2,4,1,3,7,0,0,0,0,0,0,3.0,11.0,0,188.0,140.0,0.7446808510638298,0.0049846219111252515,8,0.5,0.125,0.5714285714285714,1,61,0,0.0
4188,1957,Graduation,Single,36864.0,0,1,1970-01-01,53,204.0,5.0,39.0,17.0,0.0,89.0,3,5,2,4,8,0,0,0,0,0,0,3.0,11.0,1,354.0,293.0,0.827683615819209,0.009602864583333334,11,0.45454545454545453,0.18181818181818182,0.625,1,57,0,0.0
6613,1970,Master,Married,44511.0,1,0,2012-12-10,39,513.0,7.0,133.0,46.0,14.0,14.0,6,8,4,8,8,0,0,0,0,0,0,3.0,11.0,0,727.0,541.0,0.7441540577716643,0.01633304127069713,20,0.4,0.2,1.0,1,44,0,0.0
10827,1967,PhD,Married,36947.0,1,1,2012-07-08,49,88.0,3.0,21.0,4.0,1.0,29.0,4,3,0,4,9,0,0,0,0,0,0,3.0,11.0,0,146.0,118.0,0.8082191780821918,0.0039516063550491245,7,0.42857142857142855,0.0,0.3333333333333333,2,47,0,0.0
5491,1951,Master,Together,47352.0,0,1,2013-11-04,70,172.0,12.0,112.0,8.0,0.0,15.0,4,6,1,5,7,0,0,0,0,0,0,3.0,11.0,0,319.0,187.0,0.5862068965517241,0.006736779861463085,12,0.5,0.08333333333333333,0.8571428571428571,1,63,0,0.0
8402,1953,Master,Married,67087.0,0,1,1970-01-01,40,329.0,35.0,222.0,130.0,35.0,43.0,2,7,5,8,4,0,0,0,0,0,0,3.0,11.0,0,794.0,407.0,0.5125944584382871,0.011835377942075216,20,0.35,0.25,1.75,1,61,0,0.0
8783,1950,Graduation,Married,57045.0,0,1,2012-08-09,40,296.0,13.0,104.0,11.0,13.0,17.0,3,4,2,9,3,0,0,0,0,0,0,3.0,11.0,0,454.0,326.0,0.7180616740088106,0.007958629152423525,15,0.26666666666666666,0.13333333333333333,1.3333333333333333,1,64,0,0.0
10010,1953,PhD,Divorced,36957.0,1,1,2012-06-09,43,100.0,2.0,16.0,2.0,1.0,31.0,4,3,2,2,9,0,0,0,0,0,0,3.0,11.0,1,152.0,132.0,0.868421052631579,0.004112887950861812,7,0.42857142857142855,0.2857142857142857,0.3333333333333333,2,61,0,0.0
618,1977,PhD,Married,69389.0,0,1,1970-01-01,17,422.0,7.0,238.0,69.0,46.0,15.0,1,7,2,12,4,0,0,0,0,0,0,3.0,11.0,0,797.0,483.0,0.6060225846925973,0.011485970398766376,21,0.3333333333333333,0.09523809523809523,1.75,1,37,0,0.0
9121,1972,Graduation,Married,80134.0,1,0,1970-01-01,40,1218.0,16.0,272.0,104.0,0.0,80.0,2,5,3,6,6,0,1,1,1,0,0,3.0,11.0,1,1690.0,1298.0,0.7680473372781065,0.021089674794718846,14,0.35714285714285715,0.21428571428571427,0.8333333333333334,1,42,3,0.6
361,1969,Master,Married,43142.0,1,1,1970-01-01,84,5.0,1.0,7.0,2.0,1.0,4.0,1,1,0,2,7,0,0,0,0,0,0,3.0,11.0,0,20.0,10.0,0.5,0.0004635853692457466,3,0.3333333333333333,0.0,0.14285714285714285,2,45,0,0.0
4310,1944,Graduation,Married,80589.0,0,0,1970-01-01,25,507.0,93.0,520.0,242.0,40.0,26.0,1,5,10,5,1,0,0,0,1,0,0,3.0,11.0,1,1428.0,573.0,0.4012605042016807,0.01771953988757771,20,0.25,0.5,5.0,0,70,1,0.2
2678,1990,Graduation,Single,34412.0,1,0,1970-01-01,62,52.0,12.0,50.0,4.0,36.0,55.0,3,5,0,3,9,0,0,0,0,0,0,3.0,11.0,0,209.0,143.0,0.6842105263157895,0.006073462745553876,8,0.625,0.0,0.5555555555555556,1,24,0,0.0
6376,1979,Graduation,Single,57537.0,1,0,2013-10-06,83,191.0,56.0,139.0,51.0,8.0,100.0,4,4,3,8,4,0,0,0,0,0,0,3.0,11.0,0,545.0,299.0,0.5486238532110091,0.009472165736830214,15,0.26666666666666666,0.2,1.0,1,35,0,0.0
524,1966,Basic,Together,22634.0,0,0,1970-01-01,47,2.0,23.0,11.0,8.0,6.0,46.0,1,2,1,2,8,0,0,0,0,0,0,3.0,11.0,0,96.0,54.0,0.5625,0.004241406733233189,5,0.4,0.2,0.25,0,48,0,0.0
10341,1948,Graduation,Together,51315.0,0,0,1970-01-01,45,68.0,28.0,39.0,16.0,30.0,41.0,1,2,2,5,2,0,0,0,0,0,0,3.0,11.0,0,222.0,139.0,0.6261261261261262,0.004326220403390821,9,0.2222222222222222,0.2222222222222222,1.0,0,66,0,0.0
5654,1972,Graduation,Married,36026.0,2,1,1970-01-01,34,20.0,4.0,10.0,6.0,4.0,17.0,2,2,0,3,6,0,0,0,0,0,0,3.0,11.0,0,61.0,41.0,0.6721311475409836,0.0016932215622050741,5,0.4,0.0,0.3333333333333333,3,42,0,0.0
4098,1973,Graduation,Married,24639.0,1,1,1970-01-01,3,20.0,3.0,16.0,0.0,4.0,1.0,3,2,0,4,6,0,0,0,0,0,0,3.0,11.0,0,44.0,25.0,0.5681818181818182,0.0017857867608263322,6,0.3333333333333333,0.0,0.3333333333333333,2,41,0,0.0
5824,1972,PhD,Together,34578.0,2,1,2014-11-04,1,7.0,0.0,1.0,0.0,0.0,0.0,1,1,0,2,6,0,0,0,0,0,0,3.0,11.0,0,8.0,7.0,0.875,0.00023136098097055932,3,0.3333333333333333,0.0,0.16666666666666666,3,42,0,0.0
7000,1972,2n Cycle,Single,65704.0,0,0,1970-01-01,18,279.0,172.0,74.0,38.0,8.0,246.0,1,2,10,10,1,0,0,0,0,0,0,3.0,11.0,0,817.0,533.0,0.6523867809057528,0.012434554973821989,22,0.09090909090909091,0.45454545454545453,2.0,0,42,0,0.0
2561,1966,Graduation,Single,63810.0,0,1,2012-11-11,45,977.0,12.0,253.0,16.0,12.0,101.0,4,4,3,12,8,0,1,0,0,0,0,3.0,11.0,0,1371.0,1090.0,0.7950401167031363,0.02148566055477198,19,0.21052631578947367,0.15789473684210525,0.5,1,48,1,0.2
5229,1969,PhD,Together,54132.0,0,1,1970-01-01,81,30.0,1.0,8.0,0.0,0.0,3.0,1,1,0,3,7,0,0,0,0,0,0,3.0,11.0,0,42.0,33.0,0.7857142857142857,0.0007758811793393926,4,0.25,0.0,0.14285714285714285,1,45,0,0.0
4086,1959,Graduation,Married,18690.0,0,0,1970-01-01,77,6.0,1.0,7.0,23.0,4.0,19.0,1,1,1,2,8,0,0,0,0,0,0,3.0,11.0,0,60.0,29.0,0.48333333333333334,0.0032102728731942215,4,0.25,0.25,0.125,0,55,0,0.0
2428,1970,Graduation,Married,28164.0,1,0,2013-04-05,23,3.0,18.0,26.0,11.0,8.0,12.0,3,2,0,4,7,0,0,0,0,0,0,3.0,11.0,0,78.0,23.0,0.2948717948717949,0.0027694929697486153,6,0.3333333333333333,0.0,0.2857142857142857,1,44,0,0.0
8254,1974,PhD,Married,34596.0,1,0,1970-01-01,48,14.0,0.0,2.0,0.0,0.0,7.0,1,1,0,2,8,0,0,0,0,0,0,3.0,11.0,0,23.0,21.0,0.9130434782608695,0.0006648167418198636,3,0.3333333333333333,0.0,0.125,1,40,0,0.0
2836,1972,PhD,Married,43269.0,1,0,1970-01-01,61,10.0,1.0,7.0,0.0,0.0,1.0,1,1,0,2,8,0,0,0,0,0,0,3.0,11.0,0,19.0,11.0,0.5789473684210527,0.0004391134530495274,3,0.3333333333333333,0.0,0.125,1,42,0,0.0
8418,1958,2n Cycle,Single,38741.0,1,1,1970-01-01,60,7.0,10.0,17.0,8.0,6.0,13.0,2,2,0,3,7,0,0,0,0,0,0,3.0,11.0,0,61.0,26.0,0.4262295081967213,0.0015745592524715418,5,0.4,0.0,0.2857142857142857,2,56,0,0.0
1362,1972,Graduation,Single,31907.0,0,0,2013-04-03,75,33.0,87.0,64.0,175.0,16.0,74.0,1,6,1,6,7,0,0,0,0,0,0,3.0,11.0,0,449.0,123.0,0.2739420935412027,0.014072147177735294,13,0.46153846153846156,0.07692307692307693,0.8571428571428571,0,42,0,0.0
7152,1983,Master,Married,27100.0,1,0,2013-05-04,64,12.0,0.0,13.0,2.0,0.0,10.0,1,1,0,3,7,0,0,0,0,0,0,3.0,11.0,0,37.0,22.0,0.5945945945945946,0.0013653136531365313,4,0.25,0.0,0.14285714285714285,1,31,0,0.0
10033,1973,2n Cycle,Divorced,31163.0,1,0,1970-01-01,54,2.0,3.0,10.0,11.0,2.0,10.0,1,1,0,3,6,0,0,0,0,0,0,3.0,11.0,0,38.0,14.0,0.3684210526315789,0.001219394795109585,4,0.25,0.0,0.16666666666666666,1,41,0,0.0
9349,1985,Graduation,Married,92533.0,0,0,1970-01-01,84,693.0,21.0,118.0,110.0,147.0,42.0,1,6,5,11,2,0,0,1,1,0,0,3.0,11.0,0,1131.0,882.0,0.7798408488063661,0.012222666508164655,22,0.2727272727272727,0.22727272727272727,3.0,0,29,2,0.4
274,1973,Graduation,Single,34853.0,1,1,1970-01-01,75,9.0,3.0,15.0,2.0,3.0,2.0,2,2,0,3,6,0,0,0,0,0,0,3.0,11.0,0,34.0,14.0,0.4117647058823529,0.0009755257797033254,5,0.4,0.0,0.3333333333333333,2,41,0,0.0
3388,1967,Graduation,Divorced,70844.0,1,1,1970-01-01,16,129.0,26.0,67.0,3.0,67.0,2.0,5,6,1,5,7,0,0,0,0,0,0,3.0,11.0,0,294.0,198.0,0.673469387755102,0.004149963299644289,12,0.5,0.08333333333333333,0.8571428571428571,2,47,0,0.0
922,1979,2n Cycle,Married,31086.0,1,1,2013-04-05,79,16.0,2.0,11.0,3.0,0.0,16.0,2,1,1,2,8,1,0,0,0,0,0,3.0,11.0,0,48.0,32.0,0.6666666666666666,0.0015441034549314803,4,0.25,0.25,0.125,2,35,1,0.2
8588,1961,Graduation,Married,60544.0,1,1,1970-01-01,92,201.0,2.0,43.0,3.0,5.0,35.0,4,5,1,5,6,0,0,0,0,0,0,3.0,11.0,0,289.0,241.0,0.8339100346020761,0.0047733879492600426,11,0.45454545454545453,0.09090909090909091,0.8333333333333334,2,53,0,0.0
2518,1986,2n Cycle,Together,20491.0,0,0,1970-01-01,16,5.0,4.0,5.0,4.0,2.0,10.0,1,0,1,2,7,0,0,0,0,0,0,3.0,11.0,0,30.0,17.0,0.5666666666666667,0.0014640573910497292,3,0.0,0.3333333333333333,0.0,0,28,0,0.0
574,1964,Graduation,Married,42523.0,0,0,1970-01-01,96,14.0,36.0,11.0,3.0,26.0,35.0,1,1,1,4,2,0,0,0,0,0,0,3.0,11.0,0,125.0,75.0,0.6,0.002939585636008748,6,0.16666666666666666,0.16666666666666666,0.5,0,50,0,0.0
3220,1983,Graduation,Married,39922.0,1,0,1970-01-01,30,29.0,12.0,59.0,19.0,1.0,36.0,2,3,0,4,8,0,0,0,0,0,0,3.0,11.0,0,156.0,66.0,0.4230769230769231,0.003907619858724513,7,0.42857142857142855,0.0,0.375,1,31,0,0.0
5967,1952,Graduation,Together,33402.0,1,1,1970-01-01,60,26.0,2.0,19.0,10.0,5.0,8.0,3,2,1,3,8,0,0,0,0,0,0,3.0,11.0,0,70.0,39.0,0.5571428571428572,0.002095682893239926,6,0.3333333333333333,0.16666666666666666,0.25,2,62,0,0.0
1183,1949,Master,Married,36408.0,1,1,1970-01-01,11,9.0,1.0,4.0,3.0,2.0,3.0,1,1,0,2,6,0,0,0,0,0,0,3.0,11.0,0,22.0,14.0,0.6363636363636364,0.0006042627993847506,3,0.3333333333333333,0.0,0.16666666666666666,2,65,0,0.0
6856,1979,Graduation,Together,21645.0,1,0,2012-03-09,75,14.0,0.0,23.0,4.0,5.0,19.0,3,3,0,3,9,0,0,0,0,0,0,3.0,11.0,1,65.0,38.0,0.5846153846153846,0.003003003003003003,6,0.5,0.0,0.3333333333333333,1,35,0,0.0
4530,1948,Master,Widow,78427.0,0,0,1970-01-01,36,972.0,19.0,595.0,180.0,26.0,138.0,3,3,7,10,3,0,0,0,1,0,0,3.0,11.0,1,1930.0,1136.0,0.5886010362694301,0.02460887194461091,20,0.15,0.35,1.0,0,66,1,0.2
1553,1946,Graduation,Together,82657.0,0,0,1970-01-01,71,966.0,168.0,672.0,246.0,105.0,126.0,1,7,5,10,4,0,1,0,1,0,0,3.0,11.0,0,2283.0,1197.0,0.5243101182654402,0.02762016526126039,22,0.3181818181818182,0.22727272727272727,1.75,0,68,2,0.4
4682,1958,Graduation,Married,51876.0,0,0,1970-01-01,88,99.0,27.0,102.0,28.0,48.0,6.0,1,2,2,8,1,0,0,0,0,0,0,3.0,11.0,0,310.0,153.0,0.4935483870967742,0.00597578841853651,12,0.16666666666666666,0.16666666666666666,2.0,0,56,0,0.0
8204,1971,2n Cycle,Married,78041.0,0,0,1970-01-01,93,482.0,35.0,553.0,72.0,160.0,17.0,1,4,4,9,2,0,0,0,0,0,0,3.0,11.0,0,1319.0,659.0,0.49962092494313876,0.016901372355556693,17,0.23529411764705882,0.23529411764705882,2.0,0,43,0,0.0
5221,1957,Graduation,Married,52852.0,0,1,2012-01-12,93,714.0,8.0,99.0,11.0,0.0,47.0,4,10,7,5,8,1,0,0,0,0,0,3.0,11.0,0,879.0,761.0,0.8657565415244596,0.016631347914932263,22,0.45454545454545453,0.3181818181818182,1.25,1,57,1,0.2
1232,1982,PhD,Together,70038.0,0,0,1970-01-01,54,587.0,54.0,348.0,71.0,54.0,130.0,1,4,4,8,2,0,0,0,0,0,0,3.0,11.0,0,1244.0,771.0,0.6197749196141479,0.01776178645877952,16,0.25,0.25,2.0,0,32,0,0.0
1927,1973,2n Cycle,Together,69401.0,0,1,1970-01-01,41,399.0,27.0,159.0,58.0,8.0,39.0,4,4,4,5,2,0,0,0,0,0,0,3.0,11.0,0,690.0,446.0,0.6463768115942029,0.009942219852739874,13,0.3076923076923077,0.3076923076923077,2.0,1,41,0,0.0
5788,1972,Graduation,Together,46053.0,1,0,1970-01-01,46,56.0,10.0,92.0,19.0,7.0,25.0,3,3,2,4,5,0,0,0,0,0,0,3.0,11.0,0,209.0,88.0,0.42105263157894735,0.004538249408290448,9,0.3333333333333333,0.2222222222222222,0.6,1,42,0,0.0
6652,1965,Graduation,Married,77343.0,0,0,2014-09-06,28,227.0,151.0,573.0,98.0,54.0,31.0,1,3,4,9,1,0,0,0,0,0,0,3.0,11.0,0,1134.0,312.0,0.2751322751322751,0.014661960358403475,16,0.1875,0.25,3.0,0,49,0,0.0
6246,1953,Graduation,Single,73892.0,0,0,1970-01-01,40,703.0,102.0,601.0,0.0,58.0,43.0,1,3,11,8,1,0,0,0,0,0,0,3.0,11.0,1,1507.0,804.0,0.5335102853351028,0.02039463000054133,22,0.13636363636363635,0.5,3.0,0,61,0,0.0
5975,1967,PhD,Single,40304.0,1,0,1970-01-01,82,37.0,0.0,17.0,0.0,0.0,3.0,1,2,0,3,7,0,0,0,0,0,0,3.0,11.0,0,57.0,40.0,0.7017543859649122,0.0014142516871774513,5,0.4,0.0,0.2857142857142857,1,47,0,0.0
6875,1965,PhD,Together,32727.0,0,0,1970-01-01,38,167.0,13.0,180.0,86.0,13.0,70.0,2,7,3,5,8,0,0,0,0,0,0,3.0,11.0,0,529.0,250.0,0.4725897920604915,0.016164023589085464,15,0.4666666666666667,0.2,0.875,0,49,0,0.0
4399,1969,Graduation,Together,68695.0,0,0,1970-01-01,3,458.0,81.0,356.0,106.0,50.0,40.0,1,4,4,7,2,0,0,0,0,0,0,3.0,11.0,0,1091.0,548.0,0.5022914757103575,0.015881796346167844,15,0.26666666666666666,0.26666666666666666,2.0,0,45,0,0.0
4042,1971,Graduation,Divorced,43300.0,0,1,1970-01-01,87,91.0,3.0,52.0,2.0,1.0,31.0,3,4,0,4,8,0,0,0,0,0,0,3.0,11.0,1,180.0,123.0,0.6833333333333333,0.004157043879907622,8,0.5,0.0,0.5,1,43,0,0.0
2157,1972,Graduation,Together,26290.0,1,1,2013-12-01,49,15.0,8.0,16.0,11.0,5.0,22.0,4,2,0,4,6,0,0,0,0,0,0,3.0,11.0,0,77.0,42.0,0.5454545454545454,0.0029288702928870294,6,0.3333333333333333,0.0,0.3333333333333333,2,42,0,0.0
10133,1970,Graduation,Single,93790.0,0,0,2014-12-02,16,1302.0,68.0,731.0,89.0,114.0,45.0,0,6,7,12,2,0,1,1,1,0,0,3.0,11.0,1,2349.0,1461.0,0.6219667943805874,0.02504531399936027,25,0.24,0.28,3.0,0,44,3,0.6
2525,1974,PhD,Married,38410.0,0,0,1970-01-01,65,153.0,64.0,123.0,116.0,64.0,14.0,2,5,2,9,6,0,0,0,0,0,0,3.0,11.0,1,534.0,231.0,0.43258426966292135,0.013902629523561572,16,0.3125,0.125,0.8333333333333334,0,40,0,0.0
8233,1950,Master,Widow,64866.0,0,1,1970-01-01,9,508.0,5.0,21.0,7.0,5.0,10.0,4,7,3,7,5,0,1,0,0,0,0,3.0,11.0,0,556.0,523.0,0.9406474820143885,0.008571516665125027,17,0.4117647058823529,0.17647058823529413,1.4,1,64,1,0.2
9483,1959,Graduation,Together,57957.0,0,1,1970-01-01,24,290.0,59.0,177.0,77.0,5.0,29.0,7,4,6,8,3,0,0,0,0,0,1,3.0,11.0,0,637.0,324.0,0.5086342229199372,0.010990907051779767,18,0.2222222222222222,0.3333333333333333,1.3333333333333333,1,55,0,0.0
2945,1955,PhD,Together,46015.0,1,1,1970-01-01,25,38.0,0.0,2.0,0.0,0.0,6.0,1,1,0,3,7,1,0,0,0,1,0,3.0,11.0,0,46.0,44.0,0.9565217391304348,0.0009996740193415191,4,0.25,0.0,0.14285714285714285,2,59,2,0.4
10403,1978,Graduation,Together,16531.0,1,0,1970-01-01,43,2.0,13.0,6.0,7.0,5.0,11.0,3,3,0,3,7,0,0,0,0,0,0,3.0,11.0,0,44.0,18.0,0.4090909090909091,0.0026616659609219042,6,0.5,0.0,0.42857142857142855,1,36,0,0.0
5074,1986,Master,Married,28072.0,1,0,2013-08-07,10,30.0,0.0,10.0,2.0,0.0,5.0,1,1,0,3,7,0,0,0,0,0,0,3.0,11.0,0,47.0,35.0,0.7446808510638298,0.0016742661726987745,4,0.25,0.0,0.14285714285714285,1,28,0,0.0
10524,1963,Master,Divorced,49476.0,0,1,1970-01-01,29,386.0,23.0,95.0,54.0,41.0,196.0,4,2,11,5,2,0,0,0,0,0,0,3.0,11.0,0,795.0,623.0,0.7836477987421384,0.016068396798447734,18,0.1111111111111111,0.6111111111111112,1.0,1,51,0,0.0
4690,1953,Graduation,Married,50725.0,0,1,1970-01-01,45,443.0,10.0,75.0,0.0,10.0,48.0,4,8,1,8,8,0,0,0,0,0,0,3.0,11.0,0,586.0,501.0,0.8549488054607508,0.011552488910793494,17,0.47058823529411764,0.058823529411764705,1.0,1,61,0,0.0
7521,1952,Graduation,Together,83844.0,0,0,2013-12-05,57,901.0,31.0,345.0,75.0,31.0,191.0,1,4,4,11,1,0,0,1,0,0,0,3.0,11.0,0,1574.0,1123.0,0.7134688691232529,0.018772959305376653,19,0.21052631578947367,0.21052631578947367,4.0,0,62,1,0.2
7196,1950,PhD,Married,41145.0,1,1,2014-08-02,20,9.0,0.0,3.0,0.0,0.0,1.0,1,0,0,3,3,0,0,0,0,0,0,3.0,11.0,0,13.0,10.0,0.7692307692307693,0.000315955766192733,3,0.0,0.0,0.0,2,64,0,0.0
4406,1970,Graduation,Together,67419.0,0,1,1970-01-01,29,846.0,84.0,352.0,91.0,56.0,42.0,4,9,4,8,5,0,0,0,0,0,0,3.0,11.0,0,1471.0,944.0,0.6417403127124405,0.02181877512273988,21,0.42857142857142855,0.19047619047619047,1.8,1,44,0,0.0
9672,1970,2n Cycle,Married,23162.0,1,1,1970-01-01,82,8.0,3.0,9.0,19.0,4.0,22.0,3,1,1,3,6,0,0,0,0,0,0,3.0,11.0,0,65.0,34.0,0.5230769230769231,0.0028063206976944996,5,0.2,0.2,0.16666666666666666,2,44,0,0.0
4864,1977,Graduation,Married,34380.0,1,0,2013-02-05,68,72.0,7.0,58.0,13.0,1.0,24.0,4,4,1,3,8,0,0,0,0,0,0,3.0,11.0,0,175.0,97.0,0.5542857142857143,0.005090168702734148,8,0.5,0.125,0.5,1,37,0,0.0
4706,1966,Graduation,Single,34704.0,0,1,1970-01-01,65,29.0,0.0,5.0,0.0,1.0,5.0,1,1,0,3,5,0,0,0,0,0,0,3.0,11.0,0,40.0,35.0,0.875,0.001152604887044721,4,0.25,0.0,0.2,1,48,0,0.0
4070,1969,PhD,Married,94871.0,0,2,2012-01-09,99,169.0,24.0,553.0,188.0,0.0,144.0,1,8,5,4,7,0,1,1,0,0,0,3.0,11.0,1,1078.0,313.0,0.29035250463821893,0.011362797904522983,17,0.47058823529411764,0.29411764705882354,1.1428571428571428,2,45,2,0.4
25,1958,Graduation,Married,65148.0,0,1,1970-01-01,9,460.0,35.0,422.0,33.0,12.0,153.0,2,6,6,7,4,0,0,0,0,0,0,3.0,11.0,0,1115.0,625.0,0.5605381165919282,0.017114876895683674,19,0.3157894736842105,0.3157894736842105,1.5,1,56,0,0.0
3697,1954,Graduation,Together,39898.0,0,1,2013-12-02,20,69.0,8.0,26.0,12.0,7.0,12.0,2,3,0,4,7,0,0,0,0,0,0,3.0,11.0,0,134.0,88.0,0.6567164179104478,0.0033585643390646146,7,0.42857142857142855,0.0,0.42857142857142855,1,60,0,0.0
217,1956,Master,Single,64857.0,0,0,1970-01-01,78,556.0,14.0,717.0,210.0,0.0,43.0,1,7,5,10,4,0,0,0,0,0,0,3.0,11.0,0,1540.0,599.0,0.38896103896103895,0.023744545692831923,22,0.3181818181818182,0.22727272727272727,1.75,0,58,0,0.0
4220,1970,PhD,Married,59892.0,0,1,2013-02-11,26,73.0,0.0,13.0,0.0,1.0,0.0,1,2,1,3,3,0,0,0,0,0,0,3.0,11.0,0,87.0,74.0,0.8505747126436781,0.001452614706471649,6,0.3333333333333333,0.16666666666666666,0.6666666666666666,1,44,0,0.0
5286,1987,Master,Single,41020.0,0,0,1970-01-01,68,112.0,1.0,54.0,7.0,7.0,36.0,1,3,2,4,3,0,0,0,0,0,0,3.0,11.0,0,217.0,155.0,0.7142857142857143,0.005290102389078498,9,0.3333333333333333,0.2222222222222222,1.0,0,27,0,0.0
9559,1961,PhD,Married,57072.0,0,1,1970-01-01,79,944.0,0.0,60.0,0.0,0.0,30.0,2,7,5,13,5,1,0,0,0,0,0,3.0,11.0,0,1034.0,974.0,0.941972920696325,0.018117465657415194,25,0.28,0.2,1.4,1,53,1,0.2
2849,1979,Graduation,Single,60474.0,0,1,2013-01-04,25,265.0,199.0,303.0,234.0,9.0,170.0,7,10,2,12,7,0,0,0,0,0,0,3.0,11.0,0,1180.0,444.0,0.376271186440678,0.019512517776234414,24,0.4166666666666667,0.08333333333333333,1.4285714285714286,1,35,0,0.0
7787,1960,Graduation,Together,62807.0,0,1,1970-01-01,83,526.0,28.0,135.0,10.0,21.0,99.0,3,5,3,12,5,0,0,0,0,0,0,3.0,11.0,0,819.0,646.0,0.7887667887667887,0.013039947776521725,20,0.25,0.15,1.0,1,54,0,0.0
3102,1981,2n Cycle,Together,19414.0,1,0,1970-01-01,32,2.0,3.0,12.0,3.0,5.0,7.0,1,1,0,3,8,0,0,0,0,0,0,3.0,11.0,0,32.0,14.0,0.4375,0.0016482950448130215,4,0.25,0.0,0.125,1,33,0,0.0
5868,1980,Graduation,Married,19107.0,1,0,1970-01-01,49,2.0,4.0,9.0,10.0,5.0,16.0,2,1,0,3,7,0,0,0,0,0,0,3.0,11.0,0,46.0,23.0,0.5,0.00240749463547391,4,0.25,0.0,0.14285714285714285,1,34,0,0.0
8370,1976,2n Cycle,Together,75484.0,0,1,2012-02-08,50,378.0,97.0,259.0,197.0,194.0,34.0,2,7,3,6,4,0,0,0,0,0,0,3.0,11.0,0,1159.0,606.0,0.5228645383951682,0.015354247257696995,16,0.4375,0.1875,1.75,1,38,0,0.0
9988,1976,Master,Single,70379.0,0,1,2013-03-03,84,553.0,25.0,142.0,65.0,67.0,8.0,3,6,3,13,4,0,0,0,0,0,0,3.0,11.0,0,860.0,628.0,0.7302325581395349,0.012219554128362153,22,0.2727272727272727,0.13636363636363635,1.5,1,38,0,0.0
2939,1970,Master,Together,79419.0,0,0,1970-01-01,96,751.0,127.0,687.0,20.0,15.0,31.0,1,4,6,4,2,0,0,0,0,0,0,3.0,11.0,0,1631.0,797.0,0.48865726548129984,0.02053664740175525,14,0.2857142857142857,0.42857142857142855,2.0,0,44,0,0.0
5529,1946,PhD,Together,64014.0,2,1,2014-10-06,56,406.0,0.0,30.0,0.0,0.0,8.0,7,8,2,5,7,0,0,0,1,0,0,3.0,11.0,0,444.0,414.0,0.9324324324324325,0.006935982753772612,15,0.5333333333333333,0.13333333333333333,1.1428571428571428,3,68,1,0.2
9743,1955,Graduation,Married,76998.0,0,1,2013-11-01,85,1449.0,89.0,161.0,69.0,35.0,107.0,2,11,8,8,6,0,0,1,0,0,0,3.0,11.0,0,1910.0,1591.0,0.8329842931937173,0.024805839112704228,27,0.4074074074074074,0.2962962962962963,1.8333333333333333,1,59,1,0.2
5763,1972,Master,Together,49854.0,1,0,2013-10-11,63,123.0,17.0,171.0,39.0,0.0,30.0,5,6,2,5,6,0,0,0,0,0,0,3.0,11.0,0,380.0,153.0,0.4026315789473684,0.007622256990412003,13,0.46153846153846156,0.15384615384615385,1.0,1,42,0,0.0
3478,1971,PhD,Married,60585.0,1,1,1970-01-01,17,267.0,42.0,309.0,55.0,42.0,21.0,10,7,4,9,5,0,0,0,0,0,0,3.0,11.0,1,736.0,330.0,0.4483695652173913,0.012148221506973674,20,0.35,0.2,1.4,2,43,0,0.0
7494,1950,PhD,Divorced,42873.0,1,1,1970-01-01,11,209.0,0.0,40.0,3.0,2.0,15.0,4,6,1,4,8,0,0,0,0,0,0,3.0,11.0,0,269.0,226.0,0.8401486988847584,0.006274345158957852,11,0.5454545454545454,0.09090909090909091,0.75,2,64,0,0.0
1763,1988,Graduation,Together,87679.0,0,0,1970-01-01,62,1259.0,172.0,815.0,97.0,148.0,33.0,1,7,11,10,4,1,0,1,1,0,0,3.0,11.0,1,2524.0,1440.0,0.5705229793977813,0.028786824667252135,28,0.25,0.39285714285714285,1.75,0,26,3,0.6
7250,1978,Graduation,Together,57867.0,1,0,2013-01-10,48,344.0,35.0,178.0,15.0,23.0,17.0,7,7,2,9,6,0,0,0,0,0,0,3.0,11.0,0,612.0,384.0,0.6274509803921569,0.010575975944839028,18,0.3888888888888889,0.1111111111111111,1.1666666666666667,1,36,0,0.0
2005,1990,Graduation,Married,35765.0,1,0,2013-11-12,86,22.0,3.0,30.0,0.0,5.0,15.0,2,2,0,4,6,0,0,0,0,0,0,3.0,11.0,0,75.0,42.0,0.56,0.0020970222284356216,6,0.3333333333333333,0.0,0.3333333333333333,1,24,0,0.0
10770,1959,Graduation,Married,65492.0,0,0,1970-01-01,73,247.0,161.0,295.0,210.0,85.0,47.0,2,4,7,13,2,0,0,0,0,0,0,3.0,11.0,0,1045.0,379.0,0.3626794258373206,0.01595614731570268,24,0.16666666666666666,0.2916666666666667,2.0,0,55,0,0.0
6885,1977,Graduation,Divorced,32952.0,1,0,2013-01-12,36,38.0,0.0,12.0,3.0,1.0,1.0,1,2,0,3,7,0,0,0,0,0,0,3.0,11.0,0,55.0,40.0,0.7272727272727273,0.0016690944403981549,5,0.4,0.0,0.2857142857142857,1,37,0,0.0
2072,1969,PhD,Together,53374.0,0,1,1970-01-01,34,896.0,10.0,101.0,13.0,10.0,34.0,6,4,2,9,9,1,0,0,0,0,0,3.0,11.0,1,1064.0,940.0,0.8834586466165414,0.019934799715217145,15,0.26666666666666666,0.13333333333333333,0.4444444444444444,1,45,1,0.2
9463,1959,Graduation,Together,71706.0,0,1,1970-01-01,16,931.0,56.0,253.0,91.0,98.0,14.0,4,9,5,7,5,0,0,0,0,0,0,3.0,11.0,0,1443.0,1043.0,0.7227997227997228,0.020123839009287926,21,0.42857142857142855,0.23809523809523808,1.8,1,55,0,0.0
6318,1988,Graduation,Married,68487.0,0,0,1970-01-01,48,758.0,12.0,385.0,33.0,89.0,89.0,1,9,7,13,4,0,0,0,0,0,0,3.0,11.0,0,1366.0,936.0,0.6852122986822841,0.01994539109612043,29,0.3103448275862069,0.2413793103448276,2.25,0,26,0,0.0
4093,1975,Master,Together,53253.0,1,1,2013-11-02,61,216.0,9.0,57.0,20.0,9.0,125.0,7,4,3,5,5,0,0,0,0,0,0,3.0,11.0,0,436.0,350.0,0.8027522935779816,0.008187332169079676,12,0.3333333333333333,0.25,0.8,2,39,0,0.0
5751,1973,2n Cycle,Divorced,31163.0,1,0,1970-01-01,54,2.0,3.0,10.0,11.0,2.0,10.0,1,1,0,3,6,0,0,0,0,0,0,3.0,11.0,0,38.0,14.0,0.3684210526315789,0.001219394795109585,4,0.25,0.0,0.16666666666666666,1,41,0,0.0
3340,1977,Graduation,Married,42014.0,1,0,1970-01-01,56,244.0,15.0,108.0,4.0,15.0,50.0,6,7,1,6,8,0,0,0,0,0,0,3.0,11.0,1,436.0,309.0,0.7087155963302753,0.010377493216546865,14,0.5,0.07142857142857142,0.875,1,37,0,0.0
3594,1973,Master,Married,54108.0,1,1,2012-05-11,74,539.0,6.0,91.0,8.0,6.0,97.0,13,8,2,9,8,0,0,0,0,0,0,3.0,11.0,0,747.0,642.0,0.8594377510040161,0.013805721889554225,19,0.42105263157894735,0.10526315789473684,1.0,2,41,0,0.0
3584,1955,PhD,Single,49667.0,0,0,1970-01-01,35,1181.0,26.0,120.0,17.0,13.0,39.0,2,5,10,5,8,1,0,0,0,0,0,3.0,11.0,1,1396.0,1233.0,0.8832378223495702,0.028107193911450258,20,0.25,0.5,0.625,0,59,1,0.2
3643,1974,Master,Married,63206.0,0,0,1970-01-01,65,750.0,8.0,125.0,11.0,8.0,26.0,1,4,3,6,2,0,0,1,0,0,0,3.0,11.0,0,928.0,784.0,0.8448275862068966,0.014682150428756764,13,0.3076923076923077,0.23076923076923078,2.0,0,40,1,0.2
851,1972,Master,Married,57136.0,1,1,2013-09-07,48,306.0,5.0,109.0,21.0,109.0,92.0,9,5,2,10,6,0,0,0,0,0,0,3.0,11.0,0,642.0,507.0,0.7897196261682243,0.011236348361803417,17,0.29411764705882354,0.11764705882352941,0.8333333333333334,2,42,0,0.0
7706,1975,2n Cycle,Together,46772.0,0,1,2012-07-11,88,350.0,104.0,189.0,197.0,151.0,57.0,6,11,8,5,8,1,0,0,0,0,0,3.0,11.0,0,1048.0,558.0,0.5324427480916031,0.02240656803215599,24,0.4583333333333333,0.3333333333333333,1.375,1,39,1,0.2
3967,1971,PhD,Married,78931.0,0,0,1970-01-01,19,331.0,197.0,170.0,58.0,152.0,35.0,1,2,8,13,1,0,0,0,0,0,0,3.0,11.0,0,943.0,518.0,0.5493107104984093,0.011947143707795416,23,0.08695652173913043,0.34782608695652173,2.0,0,43,0,0.0
10128,1958,Graduation,Together,53977.0,0,1,2013-08-06,21,620.0,16.0,165.0,0.0,24.0,82.0,5,5,5,12,5,0,0,0,0,0,0,3.0,11.0,0,907.0,726.0,0.8004410143329658,0.016803453322711524,22,0.22727272727272727,0.22727272727272727,1.0,1,56,0,0.0
486,1988,Graduation,Married,84219.0,0,0,2014-02-02,27,434.0,137.0,400.0,45.0,137.0,45.0,1,3,4,10,1,0,0,0,0,0,0,3.0,11.0,0,1198.0,616.0,0.5141903171953256,0.014224818627625596,17,0.17647058823529413,0.23529411764705882,3.0,0,26,0,0.0
9,1975,Master,Single,46098.0,1,1,1970-01-01,86,57.0,0.0,27.0,0.0,0.0,36.0,4,3,2,2,8,0,0,0,0,0,0,3.0,11.0,0,120.0,93.0,0.775,0.0026031498112716388,7,0.42857142857142855,0.2857142857142857,0.375,2,39,0,0.0
9451,1965,Graduation,Married,73538.0,0,1,1970-01-01,92,811.0,76.0,428.0,99.0,137.0,107.0,3,10,4,9,7,0,0,0,0,0,0,3.0,11.0,0,1658.0,1055.0,0.6363088057901085,0.022546166607740215,23,0.43478260869565216,0.17391304347826086,1.4285714285714286,1,49,0,0.0
9264,1986,Graduation,Married,79529.0,0,0,1970-01-01,1,423.0,42.0,706.0,73.0,197.0,197.0,1,4,8,9,2,0,0,0,0,0,0,3.0,11.0,0,1638.0,817.0,0.4987789987789988,0.020596260483597178,21,0.19047619047619047,0.38095238095238093,2.0,0,28,0,0.0
3865,1977,2n Cycle,Together,20981.0,0,0,1970-01-01,14,2.0,12.0,10.0,6.0,13.0,30.0,1,3,1,2,8,0,0,0,0,0,0,3.0,11.0,1,73.0,45.0,0.6164383561643836,0.003479338449072971,6,0.5,0.16666666666666666,0.375,0,37,0,0.0
2853,1980,Graduation,Single,51766.0,1,0,2014-11-03,74,60.0,51.0,87.0,6.0,20.0,51.0,2,4,2,4,5,0,0,0,0,0,0,3.0,11.0,0,275.0,131.0,0.4763636363636364,0.0053123671908202295,10,0.4,0.2,0.8,1,34,0,0.0
1490,1962,Graduation,Married,55759.0,0,1,1970-01-01,84,675.0,0.0,85.0,10.0,7.0,77.0,5,10,3,8,8,0,0,0,0,0,0,3.0,11.0,0,854.0,759.0,0.8887587822014051,0.015315913126132103,21,0.47619047619047616,0.14285714285714285,1.25,1,52,0,0.0
6310,1978,Graduation,Married,33039.0,1,0,2013-09-09,4,30.0,8.0,12.0,8.0,8.0,12.0,1,2,0,4,5,0,0,0,0,0,0,3.0,11.0,0,78.0,50.0,0.6410256410256411,0.002360846272586943,6,0.3333333333333333,0.0,0.4,1,36,0,0.0
10380,1972,Master,Married,37787.0,1,0,1970-01-01,50,40.0,1.0,40.0,4.0,3.0,18.0,1,3,0,3,8,0,0,0,0,0,0,3.0,11.0,0,106.0,61.0,0.5754716981132075,0.0028051975547145843,6,0.5,0.0,0.375,1,42,0,0.0
3887,1970,Graduation,Single,27242.0,1,0,2012-11-11,2,3.0,17.0,26.0,20.0,1.0,39.0,2,2,0,3,9,0,0,0,0,0,0,3.0,11.0,1,106.0,43.0,0.4056603773584906,0.0038910505836575876,5,0.4,0.0,0.2222222222222222,1,44,0,0.0
4278,1983,PhD,Single,87188.0,0,0,2013-03-06,73,910.0,111.0,724.0,49.0,74.0,55.0,1,10,2,6,3,0,0,0,0,0,0,3.0,11.0,1,1923.0,1039.0,0.5403016120644826,0.022055787493691793,18,0.5555555555555556,0.1111111111111111,3.3333333333333335,0,31,0,0.0
8643,1971,Graduation,Together,69930.0,0,0,1970-01-01,21,252.0,98.0,827.0,219.0,70.0,196.0,1,4,5,12,3,0,0,0,0,0,0,3.0,11.0,0,1662.0,518.0,0.31167268351383876,0.023766623766623765,21,0.19047619047619047,0.23809523809523808,1.3333333333333333,0,43,0,0.0
1998,1976,Graduation,Single,37697.0,1,0,2014-07-02,82,34.0,6.0,21.0,11.0,4.0,8.0,1,2,1,3,6,0,0,0,0,0,0,3.0,11.0,0,84.0,46.0,0.5476190476190477,0.0022282940287025495,6,0.3333333333333333,0.16666666666666666,0.3333333333333333,1,38,0,0.0
10795,1973,PhD,Married,37401.0,1,0,2014-06-05,14,19.0,3.0,19.0,3.0,1.0,3.0,2,2,0,3,7,0,0,0,0,0,0,3.0,11.0,0,48.0,23.0,0.4791666666666667,0.0012833881447020133,5,0.4,0.0,0.2857142857142857,1,41,0,0.0
11110,1973,Graduation,Single,3502.0,1,0,1970-01-01,56,2.0,1.0,1.0,0.0,0.0,1.0,0,0,0,0,14,0,0,0,0,0,0,3.0,11.0,0,5.0,3.0,0.6,0.0014277555682467161,0,,,0.0,1,41,0,0.0
2408,1976,Graduation,Married,58597.0,1,1,1970-01-01,20,490.0,0.0,184.0,10.0,28.0,21.0,12,7,4,9,7,0,0,0,0,0,0,3.0,11.0,0,733.0,539.0,0.7353342428376535,0.012509172824547332,20,0.35,0.2,1.0,2,38,0,0.0
202,1948,PhD,Widow,82032.0,0,0,2014-05-04,54,332.0,194.0,377.0,149.0,125.0,57.0,0,4,6,7,1,0,0,0,0,0,0,3.0,11.0,0,1234.0,514.0,0.4165316045380875,0.01504291008386971,17,0.23529411764705882,0.35294117647058826,4.0,0,66,0,0.0
7998,1958,Graduation,Together,28087.0,1,1,2012-11-12,77,53.0,8.0,17.0,13.0,0.0,21.0,3,2,2,2,7,0,0,0,0,0,0,3.0,11.0,0,112.0,74.0,0.6607142857142857,0.003987609926300424,6,0.3333333333333333,0.3333333333333333,0.2857142857142857,2,56,0,0.0
830,1987,PhD,Single,74004.0,0,0,1970-01-01,5,784.0,48.0,560.0,42.0,176.0,48.0,1,4,6,4,3,0,0,1,1,0,0,3.0,11.0,1,1658.0,1008.0,0.6079613992762364,0.022404194367872006,14,0.2857142857142857,0.42857142857142855,1.3333333333333333,0,27,2,0.4
3536,1960,Graduation,Together,19740.0,0,1,1970-01-01,65,7.0,11.0,3.0,10.0,4.0,20.0,2,1,1,3,5,0,0,0,0,0,0,3.0,11.0,0,55.0,31.0,0.5636363636363636,0.002786220871327254,5,0.2,0.2,0.2,1,54,0,0.0
6050,1975,2n Cycle,Married,57036.0,0,1,2012-11-12,33,1171.0,43.0,219.0,19.0,14.0,47.0,4,6,3,13,9,1,0,0,0,0,0,3.0,11.0,0,1513.0,1232.0,0.8142762723066754,0.026527105687635878,22,0.2727272727272727,0.13636363636363635,0.6666666666666666,1,39,1,0.2
125,1958,2n Cycle,Together,53083.0,1,1,1970-01-01,65,215.0,7.0,33.0,3.0,0.0,13.0,6,5,1,5,7,0,1,0,0,0,0,3.0,11.0,0,271.0,228.0,0.8413284132841329,0.005105212591601831,11,0.45454545454545453,0.09090909090909091,0.7142857142857143,2,56,1,0.2
3463,1975,PhD,Married,69283.0,0,1,1970-01-01,41,674.0,62.0,134.0,0.0,26.0,8.0,4,7,3,13,5,0,0,0,0,0,0,3.0,11.0,0,904.0,708.0,0.7831858407079646,0.013047933836583288,23,0.30434782608695654,0.13043478260869565,1.4,1,39,0,0.0
2804,1975,Master,Single,46098.0,1,1,1970-01-01,86,57.0,0.0,27.0,0.0,0.0,36.0,4,3,2,2,8,0,0,0,0,0,0,3.0,11.0,1,120.0,93.0,0.775,0.0026031498112716388,7,0.42857142857142855,0.2857142857142857,0.375,2,39,0,0.0
3745,1988,2n Cycle,Married,23331.0,1,0,2012-04-09,92,5.0,36.0,7.0,0.0,10.0,45.0,2,3,0,3,8,0,0,0,0,0,0,3.0,11.0,0,103.0,60.0,0.5825242718446602,0.004414727187004415,6,0.5,0.0,0.375,1,26,0,0.0
9771,1988,2n Cycle,Single,23331.0,1,0,2012-05-10,97,104.0,20.0,101.0,24.0,15.0,5.0,6,5,1,5,9,0,0,0,0,0,0,3.0,11.0,0,269.0,124.0,0.46096654275092935,0.01152972440101153,11,0.45454545454545453,0.09090909090909091,0.5555555555555556,1,26,0,0.0
451,1989,Graduation,Single,9255.0,1,0,1970-01-01,91,9.0,0.0,7.0,2.0,0.0,4.0,1,1,1,2,8,0,0,0,0,0,0,3.0,11.0,0,22.0,13.0,0.5909090909090909,0.0023770934629929767,4,0.25,0.25,0.125,1,25,0,0.0
10530,1959,PhD,Widow,67786.0,0,0,2013-07-12,0,431.0,82.0,441.0,80.0,20.0,102.0,1,3,6,6,1,0,0,0,0,0,0,3.0,11.0,1,1156.0,553.0,0.47837370242214533,0.017053668899182722,15,0.2,0.4,3.0,0,55,0,0.0
1079,1971,PhD,Married,71969.0,0,1,1970-01-01,59,1000.0,0.0,76.0,0.0,0.0,10.0,3,3,4,9,8,0,1,0,0,0,0,3.0,11.0,0,1086.0,1010.0,0.9300184162062615,0.015089830343620169,16,0.1875,0.25,0.375,1,43,1,0.2
8920,1967,Master,Single,59235.0,1,0,2013-12-01,4,448.0,40.0,469.0,80.0,0.0,91.0,3,11,2,12,7,0,0,0,0,0,0,3.0,11.0,0,1128.0,539.0,0.4778368794326241,0.019042795644466953,25,0.44,0.08,1.5714285714285714,1,47,0,0.0
6678,1989,Graduation,Together,31928.0,1,0,1970-01-01,5,33.0,4.0,24.0,4.0,2.0,5.0,2,3,0,4,7,0,0,0,0,0,0,3.0,11.0,0,72.0,40.0,0.5555555555555556,0.0022550739163117012,7,0.42857142857142855,0.0,0.42857142857142855,1,25,0,0.0
3852,1961,Master,Together,74881.0,1,1,2013-08-03,48,505.0,72.0,270.0,36.0,27.0,54.0,4,9,2,12,5,0,0,0,0,0,0,3.0,11.0,0,964.0,586.0,0.6078838174273858,0.012873759698721973,23,0.391304347826087,0.08695652173913043,1.8,2,53,0,0.0
528,1978,Graduation,Married,65819.0,0,0,1970-01-01,99,267.0,38.0,701.0,149.0,165.0,63.0,1,5,4,10,3,0,0,0,0,0,0,3.0,11.0,0,1383.0,495.0,0.3579175704989154,0.021012169738221485,19,0.2631578947368421,0.21052631578947367,1.6666666666666667,0,36,0,0.0
73,1953,PhD,Single,51411.0,1,2,1970-01-01,81,14.0,0.0,3.0,0.0,0.0,1.0,1,0,0,3,5,0,0,0,0,0,0,3.0,11.0,0,18.0,15.0,0.8333333333333334,0.0003501196242049367,3,0.0,0.0,0.0,3,61,0,0.0
5589,1964,Graduation,Divorced,51983.0,0,1,1970-01-01,95,631.0,0.0,115.0,10.0,7.0,30.0,3,9,2,10,7,0,0,0,0,0,0,3.0,11.0,0,793.0,668.0,0.8423707440100883,0.015254987207356251,21,0.42857142857142855,0.09523809523809523,1.2857142857142858,1,50,0,0.0
10212,1986,Master,Together,42386.0,1,0,1970-01-01,43,65.0,4.0,16.0,0.0,4.0,11.0,1,3,0,3,8,0,0,0,0,0,0,3.0,11.0,0,100.0,80.0,0.8,0.0023592695701410843,6,0.5,0.0,0.375,1,28,0,0.0
6365,1987,2n Cycle,Married,30390.0,0,0,2013-02-09,5,10.0,12.0,12.0,25.0,1.0,20.0,1,2,0,3,6,0,0,0,0,0,0,3.0,11.0,0,80.0,31.0,0.3875,0.0026324448831852583,5,0.4,0.0,0.3333333333333333,0,27,0,0.0
5636,1963,Graduation,Single,30983.0,0,0,2012-09-11,50,51.0,4.0,50.0,12.0,1.0,49.0,1,4,0,3,8,0,0,0,0,0,0,3.0,11.0,1,167.0,101.0,0.6047904191616766,0.00539005260949553,7,0.5714285714285714,0.0,0.5,0,51,0,0.0
591,1957,Graduation,Widow,66033.0,0,1,1970-01-01,76,293.0,35.0,179.0,46.0,59.0,65.0,2,8,3,7,7,0,0,0,0,0,0,3.0,11.0,0,677.0,417.0,0.6159527326440177,0.010252449532809352,18,0.4444444444444444,0.16666666666666666,1.1428571428571428,1,57,0,0.0
2217,1975,2n Cycle,Married,37284.0,1,1,1970-01-01,46,11.0,1.0,2.0,2.0,1.0,6.0,1,0,0,3,6,0,0,0,0,0,0,3.0,11.0,0,23.0,18.0,0.782608695652174,0.0006168866001501985,3,0.0,0.0,0.0,2,39,0,0.0
2544,1951,Master,Divorced,57530.0,0,1,2013-12-10,68,50.0,1.0,27.0,6.0,7.0,1.0,1,1,1,4,1,0,0,0,0,0,0,3.0,11.0,0,92.0,58.0,0.6304347826086957,0.0015991656527029375,6,0.16666666666666666,0.16666666666666666,1.0,1,63,0,0.0
7725,1965,2n Cycle,Married,76800.0,0,0,2014-08-03,33,173.0,26.0,255.0,35.0,71.0,81.0,1,4,4,7,1,0,0,0,0,0,0,3.0,11.0,0,641.0,325.0,0.5070202808112324,0.008346354166666667,15,0.26666666666666666,0.26666666666666666,4.0,0,49,0,0.0
8091,1956,Graduation,Married,63943.0,0,1,2012-02-09,50,423.0,184.0,368.0,13.0,97.0,21.0,1,6,4,6,5,0,0,0,0,0,0,3.0,11.0,0,1106.0,541.0,0.4891500904159132,0.01729665483321083,16,0.375,0.25,1.2,1,58,0,0.0
7321,1962,Graduation,Together,76081.0,0,0,1970-01-01,85,292.0,30.0,415.0,63.0,33.0,200.0,1,4,5,4,2,0,0,0,1,0,0,3.0,11.0,0,1033.0,525.0,0.5082284607938045,0.013577634363375876,13,0.3076923076923077,0.38461538461538464,2.0,0,52,1,0.2
5462,1974,Graduation,Married,67445.0,0,1,2012-12-08,63,757.0,80.0,217.0,29.0,80.0,11.0,5,9,6,12,6,0,0,0,0,0,0,3.0,11.0,0,1174.0,848.0,0.7223168654173765,0.01740677589146712,27,0.3333333333333333,0.2222222222222222,1.5,1,40,0,0.0
7791,1967,Master,Married,37054.0,1,1,1970-01-01,89,12.0,1.0,6.0,0.0,1.0,5.0,2,1,0,3,7,0,0,0,0,0,0,3.0,11.0,0,25.0,18.0,0.72,0.0006746909915258812,4,0.25,0.0,0.14285714285714285,2,47,0,0.0
955,1962,Master,Together,47175.0,1,1,1970-01-01,81,167.0,2.0,44.0,6.0,2.0,19.0,7,4,2,4,8,1,0,0,0,0,0,3.0,11.0,1,240.0,188.0,0.7833333333333333,0.005087440381558029,10,0.4,0.2,0.5,2,52,1,0.2
4037,1976,Graduation,Divorced,31859.0,1,0,1970-01-01,77,3.0,1.0,3.0,8.0,0.0,5.0,1,1,0,2,7,0,0,0,0,0,0,3.0,11.0,0,20.0,8.0,0.4,0.000627766094353244,3,0.3333333333333333,0.0,0.14285714285714285,1,38,0,0.0
6642,1961,Graduation,Divorced,27215.0,2,1,1970-01-01,50,30.0,5.0,22.0,8.0,9.0,28.0,4,2,1,4,6,0,0,0,0,0,0,3.0,11.0,0,102.0,67.0,0.6568627450980392,0.0037479331251148262,7,0.2857142857142857,0.14285714285714285,0.3333333333333333,3,53,0,0.0
2793,1976,PhD,Divorced,70179.0,0,1,1970-01-01,10,532.0,88.0,168.0,69.0,44.0,133.0,3,7,3,13,5,0,0,0,0,0,0,3.0,11.0,0,1034.0,709.0,0.6856866537717602,0.0147337522620727,23,0.30434782608695654,0.13043478260869565,1.4,1,38,0,0.0
5424,1983,Graduation,Married,39922.0,1,0,1970-01-01,30,29.0,12.0,59.0,19.0,1.0,36.0,2,3,0,4,8,0,0,0,0,0,0,3.0,11.0,0,156.0,66.0,0.4230769230769231,0.003907619858724513,7,0.42857142857142855,0.0,0.375,1,31,0,0.0
879,1976,Master,Married,49681.0,0,2,2013-04-11,66,411.0,0.0,26.0,0.0,0.0,21.0,6,7,1,7,7,0,0,0,0,0,0,3.0,11.0,0,458.0,432.0,0.9432314410480349,0.009218816046375878,15,0.4666666666666667,0.06666666666666667,1.0,2,38,0,0.0
9530,1988,Graduation,Married,24645.0,1,0,2012-01-11,16,5.0,3.0,4.0,4.0,1.0,0.0,1,1,0,2,8,0,0,0,0,0,0,3.0,11.0,0,17.0,6.0,0.35294117647058826,0.0006897950902820044,3,0.3333333333333333,0.0,0.125,1,26,0,0.0
4828,1954,Graduation,Divorced,79865.0,0,1,1970-01-01,12,71.0,99.0,278.0,185.0,121.0,38.0,1,5,10,5,1,0,0,0,0,0,0,3.0,11.0,0,792.0,230.0,0.2904040404040404,0.009916734489450948,20,0.25,0.5,5.0,1,60,0,0.0
10699,1985,Graduation,Married,44322.0,1,0,1970-01-01,30,46.0,0.0,40.0,3.0,0.0,3.0,2,3,0,3,8,0,0,0,0,0,0,3.0,11.0,0,92.0,49.0,0.532608695652174,0.002075718604756103,6,0.5,0.0,0.375,1,29,0,0.0
1497,1952,Graduation,Single,47958.0,0,1,1970-01-01,8,268.0,11.0,88.0,15.0,3.0,22.0,2,6,3,5,5,0,0,0,0,0,0,3.0,11.0,0,407.0,293.0,0.7199017199017199,0.008486592435047333,14,0.42857142857142855,0.21428571428571427,1.2,1,62,0,0.0
7476,1964,Master,Single,63972.0,0,1,2012-02-12,93,928.0,63.0,254.0,0.0,12.0,12.0,4,5,4,10,4,0,1,0,0,0,0,3.0,11.0,0,1269.0,952.0,0.7501970055161544,0.01983680360157569,19,0.2631578947368421,0.21052631578947367,1.25,1,50,1,0.2
4390,1954,Graduation,Together,75315.0,0,1,1970-01-01,14,459.0,15.0,171.0,142.0,23.0,31.0,2,5,4,12,2,0,0,0,0,0,0,3.0,11.0,0,841.0,513.0,0.6099881093935791,0.011166434309234549,21,0.23809523809523808,0.19047619047619047,2.5,1,60,0,0.0
10478,1950,PhD,Married,55517.0,1,1,1970-01-01,53,483.0,0.0,108.0,0.0,6.0,36.0,5,11,1,6,9,0,0,0,0,0,0,3.0,11.0,1,633.0,525.0,0.8293838862559242,0.011401912927571735,18,0.6111111111111112,0.05555555555555555,1.2222222222222223,2,64,0,0.0
1081,1957,PhD,Married,75283.0,1,2,1970-01-01,26,733.0,9.0,180.0,12.0,19.0,66.0,11,6,3,5,4,0,0,0,0,0,0,3.0,11.0,0,1019.0,818.0,0.802747791952895,0.013535592364810117,14,0.42857142857142855,0.21428571428571427,1.5,3,57,0,0.0
4261,1946,PhD,Single,82800.0,0,0,1970-01-01,23,1006.0,22.0,115.0,59.0,68.0,45.0,1,7,6,12,3,0,0,1,1,0,0,3.0,11.0,1,1315.0,1119.0,0.8509505703422053,0.015881642512077295,25,0.28,0.24,2.3333333333333335,0,68,2,0.4
9916,1954,Graduation,Married,38998.0,1,1,2012-03-11,92,34.0,1.0,14.0,0.0,0.0,5.0,3,2,0,3,8,0,0,0,0,0,1,3.0,11.0,0,54.0,39.0,0.7222222222222222,0.0013846863941740601,5,0.4,0.0,0.25,2,60,0,0.0
5350,1991,Master,Single,90638.0,0,0,1970-01-01,29,1156.0,120.0,915.0,94.0,144.0,96.0,1,3,4,10,1,0,0,1,0,0,0,3.0,11.0,1,2525.0,1396.0,0.5528712871287129,0.027858072773009113,17,0.17647058823529413,0.23529411764705882,3.0,0,23,1,0.2
8135,1986,Master,Married,27161.0,1,0,1970-01-01,41,7.0,4.0,23.0,7.0,0.0,11.0,1,1,0,3,7,0,0,0,0,0,0,3.0,11.0,0,52.0,18.0,0.34615384615384615,0.0019145097750451015,4,0.25,0.0,0.14285714285714285,1,28,0,0.0
8685,1977,Graduation,Married,42014.0,1,0,1970-01-01,56,244.0,15.0,108.0,4.0,15.0,50.0,6,7,1,6,8,0,0,0,0,0,0,3.0,11.0,1,436.0,309.0,0.7087155963302753,0.010377493216546865,14,0.5,0.07142857142857142,0.875,1,37,0,0.0
4967,1960,PhD,Together,38201.0,0,1,1970-01-01,19,233.0,0.0,23.0,0.0,0.0,12.0,4,5,1,5,8,0,0,0,0,0,0,3.0,11.0,0,268.0,245.0,0.914179104477612,0.007015523153844141,11,0.45454545454545453,0.09090909090909091,0.625,1,54,0,0.0
2130,1982,Graduation,Together,45203.0,2,0,1970-01-01,4,35.0,3.0,67.0,10.0,8.0,24.0,1,3,1,3,6,0,0,0,0,0,0,3.0,11.0,1,147.0,67.0,0.4557823129251701,0.0032519965489016217,7,0.42857142857142855,0.14285714285714285,0.5,2,32,0,0.0
9298,1947,PhD,Together,81574.0,0,0,1970-01-01,89,1252.0,0.0,465.0,46.0,35.0,0.0,1,4,5,8,1,0,1,1,0,0,0,3.0,11.0,0,1798.0,1287.0,0.7157953281423804,0.022041336700419252,17,0.23529411764705882,0.29411764705882354,4.0,0,67,2,0.4
8175,1992,Graduation,Married,34935.0,0,0,1970-01-01,71,34.0,4.0,66.0,3.0,10.0,20.0,1,2,1,4,7,0,0,0,0,0,0,3.0,11.0,0,137.0,64.0,0.46715328467153283,0.00392156862745098,7,0.2857142857142857,0.14285714285714285,0.2857142857142857,0,22,0,0.0
6257,1976,Master,Single,60482.0,0,1,1970-01-01,81,255.0,43.0,134.0,37.0,14.0,24.0,1,7,2,7,7,0,0,0,0,0,0,3.0,11.0,0,507.0,293.0,0.5779092702169625,0.008382659303594458,16,0.4375,0.125,1.0,1,38,0,0.0
3790,1956,Graduation,Together,34633.0,2,1,1970-01-01,31,8.0,1.0,5.0,0.0,0.0,1.0,1,1,0,2,6,0,0,0,0,0,0,3.0,11.0,0,15.0,9.0,0.6,0.0004331129269771605,3,0.3333333333333333,0.0,0.16666666666666666,3,58,0,0.0
9952,1947,Master,Together,78093.0,0,0,2013-11-12,53,368.0,32.0,639.0,13.0,43.0,10.0,1,4,7,5,1,0,0,0,0,0,0,3.0,11.0,0,1105.0,421.0,0.38099547511312215,0.014149795756341798,16,0.25,0.4375,4.0,0,67,0,0.0
3503,1950,Graduation,Divorced,82460.0,0,0,2013-02-12,78,255.0,47.0,573.0,52.0,32.0,15.0,1,5,3,6,1,0,0,0,0,0,0,3.0,11.0,0,974.0,302.0,0.31006160164271046,0.011811787533349502,14,0.35714285714285715,0.21428571428571427,5.0,0,64,0,0.0
5223,1966,Master,Together,45903.0,0,1,1970-01-01,80,33.0,8.0,10.0,2.0,10.0,3.0,2,2,1,3,4,0,0,0,0,0,0,3.0,11.0,0,66.0,46.0,0.696969696969697,0.0014378145219266715,6,0.3333333333333333,0.16666666666666666,0.5,1,48,0,0.0
4608,1987,Graduation,Divorced,81361.0,0,0,1970-01-01,18,163.0,23.0,424.0,27.0,65.0,76.0,1,3,10,13,1,0,0,0,0,0,0,3.0,11.0,1,778.0,304.0,0.390745501285347,0.009562321013753518,26,0.11538461538461539,0.38461538461538464,3.0,0,27,0,0.0
1626,1973,PhD,Divorced,35860.0,1,1,1970-01-01,37,15.0,0.0,8.0,4.0,2.0,20.0,2,1,1,2,5,1,0,0,0,0,0,3.0,11.0,1,49.0,37.0,0.7551020408163265,0.0013664249860568878,4,0.25,0.25,0.2,2,41,1,0.2
4764,1952,Master,Together,40442.0,1,1,1970-01-01,52,45.0,12.0,52.0,25.0,22.0,13.0,4,3,1,4,7,0,0,0,0,0,0,3.0,11.0,1,169.0,80.0,0.47337278106508873,0.004178823994856832,8,0.375,0.125,0.42857142857142855,2,62,0,0.0
2471,1965,Graduation,Married,61482.0,0,0,1970-01-01,39,48.0,58.0,68.0,16.0,66.0,43.0,1,3,2,6,2,0,0,0,0,0,0,3.0,11.0,0,299.0,157.0,0.5250836120401338,0.004863211997007254,11,0.2727272727272727,0.18181818181818182,1.5,0,49,0,0.0
5892,1980,Graduation,Married,34968.0,1,0,2013-10-04,11,158.0,6.0,45.0,8.0,2.0,2.0,7,3,2,5,7,0,0,0,0,0,0,3.0,11.0,0,221.0,162.0,0.7330316742081447,0.006320064058567833,10,0.3,0.2,0.42857142857142855,1,34,0,0.0
2612,1987,Graduation,Married,75794.0,0,0,1970-01-01,33,754.0,160.0,625.0,63.0,32.0,48.0,1,7,5,12,3,0,0,0,1,0,0,3.0,11.0,0,1682.0,834.0,0.4958382877526754,0.022191730216112093,24,0.2916666666666667,0.20833333333333334,2.3333333333333335,0,27,1,0.2
4971,1962,PhD,Together,31497.0,0,1,2012-06-12,22,108.0,1.0,28.0,13.0,1.0,4.0,2,3,1,4,8,0,0,0,0,0,0,3.0,11.0,0,155.0,113.0,0.7290322580645161,0.004921103597167984,8,0.375,0.125,0.375,1,52,0,0.0
5185,1955,Graduation,Married,74268.0,0,0,1970-01-01,83,199.0,66.0,315.0,97.0,174.0,41.0,1,4,3,5,2,0,0,0,0,0,0,3.0,11.0,0,892.0,414.0,0.4641255605381166,0.012010556363440512,12,0.3333333333333333,0.25,2.0,0,59,0,0.0
10069,1988,Basic,Together,13724.0,1,0,1970-01-01,43,2.0,7.0,5.0,2.0,15.0,27.0,1,2,0,2,9,1,0,0,0,0,0,3.0,11.0,0,58.0,44.0,0.7586206896551724,0.004226173127368114,4,0.5,0.0,0.2222222222222222,1,26,1,0.2
2262,1965,Master,Together,45143.0,0,1,1970-01-01,74,202.0,5.0,74.0,11.0,5.0,14.0,3,6,1,5,7,0,0,0,0,0,0,3.0,11.0,0,311.0,221.0,0.7106109324758842,0.006889218705004098,12,0.5,0.08333333333333333,0.8571428571428571,1,49,0,0.0
1131,1967,PhD,Single,52569.0,0,1,2014-05-04,54,85.0,0.0,3.0,0.0,0.0,7.0,1,2,0,4,3,0,0,0,0,0,0,3.0,11.0,0,95.0,92.0,0.968421052631579,0.001807148699804067,6,0.3333333333333333,0.0,0.6666666666666666,1,47,0,0.0
1041,1973,PhD,Single,48432.0,0,1,1970-01-01,3,322.0,3.0,50.0,4.0,3.0,42.0,5,7,1,6,8,0,0,0,0,0,0,3.0,11.0,1,424.0,367.0,0.8655660377358491,0.008754542451271887,14,0.5,0.07142857142857142,0.875,1,41,0,0.0
24,1960,Master,Together,17144.0,1,1,1970-01-01,96,18.0,2.0,19.0,0.0,2.0,6.0,5,3,0,4,7,0,0,0,0,0,0,3.0,11.0,0,47.0,26.0,0.5531914893617021,0.002741483901073262,7,0.42857142857142855,0.0,0.42857142857142855,2,54,0,0.0
3409,1984,Graduation,Single,36108.0,1,0,1970-01-01,68,141.0,8.0,129.0,3.0,11.0,47.0,3,7,1,4,9,1,0,0,0,0,0,3.0,11.0,0,339.0,199.0,0.5870206489675516,0.009388501163177135,12,0.5833333333333334,0.08333333333333333,0.7777777777777778,1,30,1,0.2
7022,1971,Graduation,Married,76445.0,1,0,1970-01-01,2,739.0,107.0,309.0,140.0,80.0,35.0,1,2,5,13,6,0,0,0,0,0,0,3.0,11.0,0,1410.0,854.0,0.6056737588652482,0.018444633396559617,20,0.1,0.25,0.3333333333333333,1,43,0,0.0
7943,1975,PhD,Married,36663.0,1,0,1970-01-01,40,18.0,0.0,6.0,3.0,3.0,5.0,1,1,1,3,2,0,0,0,0,0,0,3.0,11.0,0,35.0,26.0,0.7428571428571429,0.0009546409186373183,5,0.2,0.2,0.5,1,39,0,0.0
5272,1965,Master,Married,53843.0,0,1,1970-01-01,64,378.0,0.0,88.0,19.0,4.0,73.0,4,8,5,3,7,0,0,0,0,0,0,3.0,11.0,0,562.0,455.0,0.8096085409252669,0.010437754211318092,16,0.5,0.3125,1.1428571428571428,1,49,0,0.0
5453,1956,Master,Married,90226.0,0,0,1970-01-01,26,1083.0,108.0,649.0,253.0,151.0,108.0,1,4,7,12,2,0,0,0,1,0,0,3.0,11.0,0,2352.0,1342.0,0.5705782312925171,0.026067874005275642,23,0.17391304347826086,0.30434782608695654,2.0,0,58,1,0.2
2565,1955,Master,Divorced,70638.0,0,0,2013-01-06,69,1016.0,12.0,215.0,16.0,12.0,63.0,1,4,5,10,3,0,1,0,0,0,0,3.0,11.0,0,1334.0,1091.0,0.8178410794602698,0.0188850193946601,19,0.21052631578947367,0.2631578947368421,1.3333333333333333,0,59,1,0.2
800,1960,Graduation,Together,44512.0,1,1,1970-01-01,57,23.0,1.0,6.0,0.0,0.0,2.0,2,1,0,3,4,0,0,0,0,0,0,3.0,11.0,0,32.0,25.0,0.78125,0.0007189072609633358,4,0.25,0.0,0.25,2,54,0,0.0
11092,1961,Graduation,Married,27116.0,1,1,2014-02-03,78,12.0,1.0,21.0,2.0,2.0,3.0,2,2,0,3,7,0,0,0,0,0,0,3.0,11.0,0,41.0,17.0,0.4146341463414634,0.0015120224221861632,5,0.4,0.0,0.2857142857142857,2,53,0,0.0
5062,1963,PhD,Married,54072.0,1,1,1970-01-01,71,35.0,0.0,4.0,0.0,0.0,0.0,1,2,0,2,8,0,0,0,0,0,0,3.0,11.0,0,39.0,35.0,0.8974358974358975,0.0007212605415002219,4,0.5,0.0,0.25,2,51,0,0.0
8969,1977,Graduation,Married,71855.0,0,1,1970-01-01,59,548.0,31.0,422.0,0.0,112.0,28.0,4,5,5,11,3,0,0,0,0,0,0,3.0,11.0,0,1141.0,688.0,0.6029798422436459,0.015879201169020946,21,0.23809523809523808,0.23809523809523808,1.6666666666666667,1,37,0,0.0
4656,1990,2n Cycle,Single,51250.0,1,0,1970-01-01,28,342.0,32.0,230.0,34.0,32.0,40.0,5,10,5,4,9,1,0,0,0,0,0,3.0,11.0,0,710.0,414.0,0.5830985915492958,0.013853658536585366,19,0.5263157894736842,0.2631578947368421,1.1111111111111112,1,24,1,0.2
4480,1973,Master,Married,60432.0,0,1,2014-09-03,61,365.0,3.0,15.0,4.0,3.0,11.0,5,7,2,5,6,0,0,0,0,0,0,3.0,11.0,0,401.0,379.0,0.9451371571072319,0.006635557320624834,14,0.5,0.14285714285714285,1.1666666666666667,1,41,0,0.0
9971,1964,PhD,Married,65526.0,0,1,2014-11-04,22,397.0,19.0,69.0,12.0,0.0,9.0,1,4,4,8,2,0,0,0,0,0,0,3.0,11.0,0,506.0,406.0,0.8023715415019763,0.007722125568476635,16,0.25,0.25,2.0,1,50,0,0.0
6729,1988,Graduation,Single,68655.0,0,0,2012-10-08,95,456.0,19.0,832.0,75.0,118.0,38.0,1,4,5,11,3,0,0,0,0,0,0,3.0,11.0,0,1538.0,612.0,0.39791937581274384,0.022401864394435946,20,0.2,0.25,1.3333333333333333,0,26,0,0.0
1773,1978,2n Cycle,Married,12393.0,0,0,2012-04-12,38,5.0,6.0,15.0,11.0,7.0,13.0,1,2,0,3,9,0,0,0,0,0,0,3.0,11.0,0,57.0,25.0,0.43859649122807015,0.0045993706124425075,5,0.4,0.0,0.2222222222222222,0,36,0,0.0
9242,1990,Graduation,Single,64509.0,0,0,1970-01-01,19,836.0,185.0,575.0,24.0,25.0,77.0,1,6,3,9,4,1,0,0,0,0,0,3.0,11.0,1,1722.0,938.0,0.5447154471544715,0.0266939496814398,18,0.3333333333333333,0.16666666666666666,1.5,0,24,1,0.2
1764,1975,Graduation,Single,33955.0,1,0,2013-09-08,92,100.0,2.0,128.0,23.0,7.0,10.0,4,5,1,5,8,0,0,0,0,0,0,3.0,11.0,0,270.0,117.0,0.43333333333333335,0.007951700780444706,11,0.45454545454545453,0.09090909090909091,0.625,1,39,0,0.0
6215,1977,Graduation,Married,31353.0,1,1,1970-01-01,24,10.0,0.0,10.0,3.0,1.0,7.0,2,1,1,2,8,0,0,0,0,0,0,3.0,11.0,1,31.0,18.0,0.5806451612903226,0.000988741109303735,4,0.25,0.25,0.125,2,37,0,0.0
10099,1984,Graduation,Married,55434.0,1,0,2013-05-10,21,238.0,115.0,215.0,169.0,69.0,76.0,3,5,3,13,4,0,0,0,0,0,0,3.0,11.0,0,882.0,383.0,0.4342403628117914,0.015910812858534473,21,0.23809523809523808,0.14285714285714285,1.25,1,30,0,0.0
5423,1983,Graduation,Together,28359.0,1,0,1970-01-01,35,6.0,0.0,5.0,2.0,1.0,2.0,1,1,0,2,7,0,0,0,0,0,0,3.0,11.0,0,16.0,9.0,0.5625,0.0005641947882506435,3,0.3333333333333333,0.0,0.14285714285714285,1,31,0,0.0
940,1987,Graduation,Single,57100.0,1,0,1970-01-01,9,158.0,11.0,99.0,15.0,11.0,17.0,2,3,2,7,3,0,0,0,0,0,0,3.0,11.0,0,311.0,186.0,0.5980707395498392,0.005446584938704028,12,0.25,0.16666666666666666,1.0,1,27,0,0.0
3011,1965,Graduation,Married,69139.0,0,1,1970-01-01,23,86.0,12.0,75.0,33.0,15.0,6.0,1,4,1,5,4,0,0,0,0,0,0,3.0,11.0,0,227.0,107.0,0.4713656387665198,0.003283241007246272,10,0.4,0.1,1.0,1,49,0,0.0
3298,1956,Master,Married,52973.0,0,1,2012-08-11,92,856.0,0.0,76.0,12.0,9.0,199.0,7,9,6,9,8,0,0,0,0,0,0,3.0,11.0,0,1152.0,1064.0,0.9236111111111112,0.021746927680138937,24,0.375,0.25,1.125,1,58,0,0.0
8286,1965,PhD,Together,51717.0,0,1,1970-01-01,55,98.0,1.0,17.0,0.0,1.0,5.0,1,3,0,4,7,0,1,0,0,0,0,3.0,11.0,0,122.0,104.0,0.8524590163934426,0.0023589922075913142,7,0.42857142857142855,0.0,0.42857142857142855,1,49,1,0.2
9668,1971,Graduation,Married,18793.0,1,0,2013-12-01,14,4.0,16.0,20.0,0.0,17.0,20.0,3,2,0,4,8,0,0,0,0,0,0,3.0,11.0,0,77.0,41.0,0.5324675324675324,0.004097270260203267,6,0.3333333333333333,0.0,0.25,1,43,0,0.0
5120,1982,2n Cycle,Together,66664.0,0,0,1970-01-01,78,398.0,96.0,447.0,220.0,96.0,32.0,1,5,7,6,3,0,0,0,0,0,0,3.0,11.0,0,1289.0,526.0,0.40806826997672613,0.019335773430937238,18,0.2777777777777778,0.3888888888888889,1.6666666666666667,0,32,0,0.0
6097,1959,Graduation,Single,50664.0,1,1,1970-01-01,64,313.0,8.0,104.0,6.0,4.0,126.0,9,8,1,6,9,0,0,0,0,0,0,3.0,11.0,0,561.0,443.0,0.7896613190730838,0.011072951207958313,15,0.5333333333333333,0.06666666666666667,0.8888888888888888,2,55,0,0.0
7019,1963,Graduation,Together,54414.0,1,1,1970-01-01,49,109.0,18.0,16.0,24.0,26.0,18.0,4,3,1,5,4,0,0,0,0,0,0,3.0,11.0,0,211.0,153.0,0.7251184834123223,0.0038776785386113867,9,0.3333333333333333,0.1111111111111111,0.75,2,51,0,0.0
7408,1952,PhD,Married,54549.0,0,1,2014-03-03,8,216.0,2.0,6.0,0.0,0.0,9.0,2,5,1,4,7,0,0,0,0,0,0,3.0,11.0,0,233.0,225.0,0.9656652360515021,0.004271389026379952,10,0.5,0.1,0.7142857142857143,1,62,0,0.0
8041,1971,PhD,Widow,47111.0,0,1,2012-08-09,35,595.0,71.0,153.0,120.0,112.0,41.0,6,3,2,10,9,0,0,0,0,0,0,3.0,11.0,0,1092.0,748.0,0.684981684981685,0.02317929995117913,15,0.2,0.13333333333333333,0.3333333333333333,1,43,0,0.0
252,1963,PhD,Divorced,41003.0,0,0,1970-01-01,11,123.0,133.0,142.0,71.0,44.0,88.0,1,6,2,8,6,0,0,0,0,0,0,3.0,11.0,0,601.0,255.0,0.4242928452579035,0.01465746408799356,16,0.375,0.125,1.0,0,51,0,0.0
9986,1982,Graduation,Together,19444.0,1,0,1970-01-01,8,16.0,0.0,23.0,3.0,2.0,10.0,3,4,1,2,7,0,0,0,0,0,0,3.0,11.0,1,54.0,28.0,0.5185185185185185,0.0027772063361448263,7,0.5714285714285714,0.14285714285714285,0.5714285714285714,1,32,0,0.0
3276,1976,2n Cycle,Together,36301.0,1,0,1970-01-01,53,11.0,12.0,35.0,3.0,5.0,12.0,1,3,0,3,7,0,0,0,0,0,0,3.0,11.0,0,78.0,28.0,0.358974358974359,0.002148701137709705,6,0.5,0.0,0.42857142857142855,1,38,0,0.0
3859,1947,PhD,Together,73059.0,0,1,1970-01-01,36,410.0,112.0,420.0,0.0,82.0,71.0,1,9,3,13,4,0,0,0,0,0,0,3.0,11.0,0,1095.0,563.0,0.5141552511415525,0.014987886502689608,25,0.36,0.12,2.25,1,67,0,0.0
3570,1969,PhD,Together,42731.0,1,0,1970-01-01,64,159.0,2.0,51.0,6.0,2.0,24.0,3,4,1,5,5,0,0,0,0,0,0,3.0,11.0,0,244.0,185.0,0.7581967213114754,0.005710140179260958,10,0.4,0.1,0.8,1,45,0,0.0
3783,1959,PhD,Married,52854.0,1,1,1970-01-01,43,105.0,0.0,10.0,0.0,1.0,0.0,2,2,1,4,5,0,0,0,0,0,0,3.0,11.0,0,116.0,106.0,0.9137931034482759,0.002194725091762213,7,0.2857142857142857,0.14285714285714285,0.4,2,55,0,0.0
10207,1978,Graduation,Together,22775.0,1,0,1970-01-01,40,5.0,1.0,8.0,0.0,0.0,1.0,1,1,0,2,8,0,0,0,0,0,0,3.0,11.0,0,15.0,6.0,0.4,0.0006586169045005489,3,0.3333333333333333,0.0,0.125,1,36,0,0.0
10906,1948,PhD,Together,46681.0,0,2,2013-08-10,52,269.0,15.0,69.0,15.0,19.0,38.0,2,4,6,4,5,0,0,0,0,0,0,3.0,11.0,0,425.0,326.0,0.7670588235294118,0.009104346522139628,14,0.2857142857142857,0.42857142857142855,0.8,2,66,0,0.0
3427,1955,PhD,Married,59821.0,0,1,2013-12-04,11,629.0,0.0,70.0,0.0,0.0,35.0,6,11,2,7,8,0,0,0,0,0,0,3.0,11.0,0,734.0,664.0,0.9046321525885559,0.012269938650306749,20,0.55,0.1,1.375,1,59,0,0.0
5209,1954,Graduation,Divorced,50002.0,0,1,1970-01-01,21,443.0,5.0,71.0,21.0,16.0,82.0,2,8,2,7,7,0,0,0,0,0,0,3.0,11.0,0,638.0,541.0,0.8479623824451411,0.012759489620415183,17,0.47058823529411764,0.11764705882352941,1.1428571428571428,1,60,0,0.0
10711,1945,Graduation,Married,69755.0,0,0,2013-02-10,23,217.0,77.0,373.0,111.0,23.0,93.0,1,3,6,12,1,0,0,0,0,0,0,3.0,11.0,0,894.0,333.0,0.3724832214765101,0.012816285570926815,21,0.14285714285714285,0.2857142857142857,3.0,0,69,0,0.0
10785,1969,Graduation,Married,44078.0,1,1,1970-01-01,17,24.0,1.0,10.0,2.0,0.0,4.0,2,2,0,3,5,0,0,0,0,0,0,3.0,11.0,0,41.0,28.0,0.6829268292682927,0.0009301692454285584,5,0.4,0.0,0.4,2,45,0,0.0
2814,1976,Master,Together,30560.0,1,0,1970-01-01,6,9.0,1.0,5.0,4.0,5.0,7.0,1,1,0,3,7,0,0,0,0,0,0,3.0,11.0,0,31.0,21.0,0.6774193548387096,0.0010143979057591623,4,0.25,0.0,0.14285714285714285,1,38,0,0.0
6866,1969,Master,Together,35924.0,1,1,1970-01-01,56,8.0,0.0,14.0,2.0,3.0,7.0,1,1,0,3,5,0,0,0,0,0,0,3.0,11.0,0,34.0,18.0,0.5294117647058824,0.0009464424897004788,4,0.25,0.0,0.2,2,45,0,0.0
1665,1964,PhD,Divorced,64140.0,0,2,1970-01-01,71,1459.0,0.0,61.0,0.0,15.0,215.0,5,2,5,6,5,1,0,1,0,1,0,3.0,11.0,1,1750.0,1689.0,0.9651428571428572,0.02728406610539445,13,0.15384615384615385,0.38461538461538464,0.4,2,50,3,0.6
6575,1981,Graduation,Together,56386.0,1,1,1970-01-01,51,230.0,48.0,214.0,13.0,32.0,75.0,8,9,1,7,9,0,0,0,0,0,0,3.0,11.0,0,612.0,337.0,0.5506535947712419,0.010853758025041677,17,0.5294117647058824,0.058823529411764705,1.0,2,33,0,0.0
3829,1979,Basic,Together,24594.0,1,0,2013-10-12,94,1.0,3.0,6.0,10.0,0.0,9.0,1,1,0,3,5,0,0,0,0,0,0,3.0,11.0,0,29.0,10.0,0.3448275862068966,0.0011791493860291128,4,0.25,0.0,0.2,1,35,0,0.0
3091,1981,2n Cycle,Together,75774.0,1,0,2014-02-05,27,340.0,21.0,134.0,258.0,14.0,56.0,1,7,5,8,4,0,0,0,0,0,0,3.0,11.0,0,823.0,410.0,0.49817739975698666,0.010861245282022857,20,0.35,0.25,1.75,1,33,0,0.0
10141,1960,Master,Divorced,39228.0,0,0,2013-10-05,1,7.0,1.0,6.0,0.0,3.0,3.0,1,0,0,3,4,0,0,0,0,0,0,3.0,11.0,0,20.0,13.0,0.65,0.0005098399102681758,3,0.0,0.0,0.0,0,54,0,0.0
5177,1974,Master,Married,58494.0,0,1,2013-12-12,56,298.0,7.0,68.0,4.0,0.0,19.0,2,6,2,6,6,0,0,0,0,0,0,3.0,11.0,0,396.0,317.0,0.8005050505050505,0.006769925120525182,14,0.42857142857142855,0.14285714285714285,1.0,1,40,0,0.0
7005,1981,Graduation,Single,58684.0,0,0,1970-01-01,71,479.0,35.0,179.0,28.0,7.0,85.0,1,5,3,12,2,0,1,0,0,0,0,3.0,11.0,0,813.0,571.0,0.7023370233702337,0.013853861359143889,20,0.25,0.15,2.5,0,33,1,0.2
6409,1967,Graduation,Divorced,57136.0,0,0,1970-01-01,18,267.0,140.0,599.0,34.0,12.0,127.0,1,7,5,7,6,0,0,0,0,0,0,3.0,11.0,1,1179.0,406.0,0.3443596268023749,0.02063497619714366,19,0.3684210526315789,0.2631578947368421,1.1666666666666667,0,47,0,0.0
7485,1950,PhD,Widow,56551.0,1,1,2014-07-05,48,67.0,4.0,32.0,17.0,2.0,16.0,3,2,1,4,4,0,0,0,0,0,0,3.0,11.0,0,138.0,85.0,0.6159420289855072,0.002440275149864724,7,0.2857142857142857,0.14285714285714285,0.5,2,64,0,0.0
8079,1982,Graduation,Married,22448.0,1,0,1970-01-01,86,3.0,1.0,8.0,23.0,2.0,18.0,3,2,1,3,3,0,0,0,0,0,0,3.0,11.0,0,55.0,23.0,0.41818181818181815,0.0024501069137562365,6,0.3333333333333333,0.16666666666666666,0.6666666666666666,1,32,0,0.0
8395,1961,Graduation,Single,82014.0,0,0,1970-01-01,48,980.0,37.0,265.0,35.0,163.0,31.0,1,3,6,12,6,0,0,0,0,0,0,3.0,11.0,1,1511.0,1174.0,0.7769688947716744,0.018423683761309043,21,0.14285714285714285,0.2857142857142857,0.5,0,53,0,0.0
10352,1963,Graduation,Widow,34213.0,1,1,2012-07-09,2,50.0,4.0,28.0,6.0,3.0,26.0,3,3,1,2,9,0,0,0,0,0,0,3.0,11.0,1,117.0,79.0,0.6752136752136753,0.003419752725572151,6,0.5,0.16666666666666666,0.3333333333333333,2,51,0,0.0
4931,1977,Graduation,Together,157146.0,0,0,1970-01-01,13,1.0,0.0,1725.0,2.0,1.0,1.0,0,0,28,0,1,0,0,0,0,0,0,3.0,11.0,0,1730.0,3.0,0.0017341040462427746,0.011008870731676276,28,0.0,1.0,0.0,0,37,0,0.0
13,1947,PhD,Widow,25358.0,0,1,1970-01-01,57,19.0,0.0,5.0,0.0,0.0,8.0,2,1,0,3,6,0,0,0,0,0,0,3.0,11.0,0,32.0,27.0,0.84375,0.0012619291742250965,4,0.25,0.0,0.16666666666666666,1,67,0,0.0
1834,1978,Master,Single,35544.0,1,0,2014-08-03,77,30.0,5.0,23.0,4.0,1.0,4.0,1,2,0,3,7,0,0,0,0,0,0,3.0,11.0,0,67.0,35.0,0.5223880597014925,0.0018849876209768176,5,0.4,0.0,0.2857142857142857,1,36,0,0.0
2285,1954,Master,Together,36634.0,0,1,1970-01-01,0,213.0,9.0,76.0,4.0,3.0,30.0,3,5,2,5,7,0,0,0,0,0,0,3.0,11.0,0,335.0,246.0,0.7343283582089553,0.00914451056395698,12,0.4166666666666667,0.16666666666666666,0.7142857142857143,1,60,0,0.0
2295,1954,PhD,Married,62670.0,0,1,2014-02-02,57,539.0,30.0,92.0,80.0,46.0,38.0,1,5,3,13,3,0,0,0,0,0,0,3.0,11.0,0,825.0,623.0,0.7551515151515151,0.013164193393968406,21,0.23809523809523808,0.14285714285714285,1.6666666666666667,1,60,0,0.0
1378,1972,2n Cycle,Together,50334.0,0,1,1970-01-01,24,284.0,16.0,160.0,84.0,16.0,134.0,6,7,4,6,6,0,0,0,0,0,0,3.0,11.0,0,694.0,434.0,0.6253602305475504,0.013787896849048357,17,0.4117647058823529,0.23529411764705882,1.1666666666666667,1,42,0,0.0
2781,1981,Graduation,Single,72066.0,0,0,1970-01-01,55,1003.0,34.0,536.0,134.0,51.0,34.0,1,4,6,6,2,0,0,1,1,0,0,3.0,11.0,1,1792.0,1088.0,0.6071428571428571,0.024866094968501097,16,0.25,0.375,2.0,0,33,2,0.4
1165,1958,PhD,Single,50729.0,1,1,2013-02-05,62,239.0,13.0,143.0,45.0,4.0,52.0,9,6,2,7,6,0,0,0,0,0,0,3.0,11.0,0,496.0,295.0,0.594758064516129,0.009777444854028268,15,0.4,0.13333333333333333,1.0,2,56,0,0.0
1404,1968,Graduation,Together,34916.0,2,0,1970-01-01,89,51.0,23.0,82.0,33.0,0.0,42.0,4,5,1,3,9,0,0,0,0,0,0,3.0,11.0,0,231.0,93.0,0.4025974025974026,0.006615878107457899,9,0.5555555555555556,0.1111111111111111,0.5555555555555556,2,46,0,0.0
6457,1976,Graduation,Divorced,64892.0,0,1,1970-01-01,77,527.0,24.0,230.0,32.0,24.0,65.0,2,6,4,12,4,0,0,0,0,0,0,3.0,11.0,0,902.0,616.0,0.6829268292682927,0.01390001849226407,22,0.2727272727272727,0.18181818181818182,1.5,1,38,0,0.0
2639,1966,Graduation,Single,43602.0,1,1,2014-10-01,45,19.0,5.0,12.0,10.0,3.0,19.0,3,3,1,2,6,0,0,0,0,0,0,3.0,11.0,0,68.0,41.0,0.6029411764705882,0.0015595614880051373,6,0.5,0.16666666666666666,0.5,2,48,0,0.0
8299,1989,PhD,Single,33996.0,0,0,2013-11-09,46,40.0,2.0,15.0,8.0,0.0,6.0,1,1,1,3,4,0,0,0,0,0,0,3.0,11.0,0,71.0,46.0,0.647887323943662,0.002088480997764443,5,0.2,0.2,0.25,0,25,0,0.0
6437,1985,2n Cycle,Single,41473.0,1,0,1970-01-01,80,21.0,8.0,20.0,15.0,3.0,9.0,1,2,0,3,7,0,0,0,0,0,0,3.0,11.0,0,76.0,33.0,0.4342105263157895,0.0018325175415330455,5,0.4,0.0,0.2857142857142857,1,29,0,0.0
6912,1967,PhD,Married,63246.0,0,2,1970-01-01,60,593.0,30.0,91.0,29.0,22.0,7.0,1,6,3,12,4,0,0,0,0,0,0,3.0,11.0,0,772.0,622.0,0.805699481865285,0.012206305537109066,21,0.2857142857142857,0.14285714285714285,1.5,2,47,0,0.0
7327,1959,PhD,Married,36732.0,1,1,1970-01-01,71,21.0,5.0,3.0,10.0,1.0,7.0,3,1,1,4,2,0,0,0,0,0,0,3.0,11.0,0,47.0,29.0,0.6170212765957447,0.001279538277251443,6,0.16666666666666666,0.16666666666666666,0.5,2,55,0,0.0
5299,1970,PhD,Married,69084.0,1,0,1970-01-01,43,1181.0,107.0,199.0,39.0,30.0,30.0,2,7,3,13,8,0,0,0,0,0,0,3.0,11.0,0,1586.0,1241.0,0.7824716267339218,0.022957558913786116,23,0.30434782608695654,0.13043478260869565,0.875,1,44,0,0.0
4127,1967,PhD,Married,77766.0,0,1,1970-01-01,97,1004.0,59.0,265.0,115.0,59.0,27.0,2,11,10,11,6,1,0,0,0,0,0,3.0,11.0,1,1529.0,1090.0,0.7128842380640942,0.019661548748810535,32,0.34375,0.3125,1.8333333333333333,1,47,1,0.2
8143,1985,PhD,Single,37929.0,0,0,1970-01-01,49,202.0,2.0,46.0,3.0,2.0,10.0,2,4,2,5,7,0,1,0,1,0,0,3.0,11.0,1,265.0,214.0,0.8075471698113208,0.006986738379603997,11,0.36363636363636365,0.18181818181818182,0.5714285714285714,0,29,2,0.4
1964,1951,Graduation,Together,86610.0,0,0,2013-05-09,66,446.0,107.0,768.0,33.0,196.0,53.0,1,5,6,6,2,0,0,0,0,0,0,3.0,11.0,0,1603.0,695.0,0.4335620711166563,0.018508255397760073,17,0.29411764705882354,0.35294117647058826,2.5,0,63,0,0.0
3690,1986,Master,Married,80141.0,0,0,2013-11-01,20,1184.0,102.0,673.0,52.0,40.0,40.0,1,7,4,10,6,0,0,1,0,0,0,3.0,11.0,1,2091.0,1264.0,0.6044954567192731,0.02609151370709125,21,0.3333333333333333,0.19047619047619047,1.1666666666666667,0,28,1,0.2
3433,1955,2n Cycle,Married,72635.0,0,0,2013-03-06,54,390.0,22.0,323.0,104.0,35.0,107.0,1,6,8,6,3,0,0,0,1,0,0,3.0,11.0,0,981.0,532.0,0.5423037716615698,0.013505885592345288,20,0.3,0.4,2.0,0,59,1,0.2
3389,1970,Graduation,Married,69016.0,0,1,1970-01-01,61,726.0,53.0,363.0,123.0,107.0,161.0,4,8,9,13,5,0,0,0,0,0,0,3.0,11.0,0,1533.0,994.0,0.6484018264840182,0.022212240639851628,30,0.26666666666666666,0.3,1.6,1,44,0,0.0
4712,1991,2n Cycle,Together,20193.0,0,0,1970-01-01,18,8.0,8.0,22.0,24.0,11.0,9.0,1,1,1,4,4,0,0,0,0,0,0,3.0,11.0,0,82.0,28.0,0.34146341463414637,0.004060813153072847,6,0.16666666666666666,0.16666666666666666,0.25,0,23,0,0.0
1170,1975,Graduation,Married,27573.0,1,0,1970-01-01,45,50.0,15.0,110.0,39.0,15.0,15.0,4,5,1,4,8,0,0,0,0,0,0,3.0,11.0,0,244.0,80.0,0.32786885245901637,0.00884923657200885,10,0.5,0.1,0.625,1,39,0,0.0
6347,1979,Basic,Single,15862.0,1,0,1970-01-01,26,1.0,1.0,4.0,11.0,9.0,10.0,1,1,0,3,8,0,0,0,0,0,0,3.0,11.0,0,36.0,20.0,0.5555555555555556,0.002269575085109066,4,0.25,0.0,0.125,1,35,0,0.0
4065,1976,PhD,Married,49544.0,1,0,2013-12-02,0,308.0,0.0,73.0,0.0,0.0,23.0,2,5,1,8,7,0,0,0,0,0,0,3.0,11.0,0,404.0,331.0,0.8193069306930693,0.008154367834652027,14,0.35714285714285715,0.07142857142857142,0.7142857142857143,1,38,0,0.0
8230,1980,Graduation,Married,33228.0,1,0,1970-01-01,28,22.0,2.0,31.0,7.0,4.0,5.0,1,2,0,3,7,0,0,0,0,0,0,3.0,11.0,0,71.0,31.0,0.43661971830985913,0.002136752136752137,5,0.4,0.0,0.2857142857142857,1,34,0,0.0
1215,1978,Graduation,Together,70440.0,0,0,2013-08-10,49,690.0,117.0,499.0,76.0,102.0,88.0,1,5,10,7,3,0,0,0,1,0,0,3.0,11.0,0,1572.0,880.0,0.5597964376590331,0.02231686541737649,22,0.22727272727272727,0.45454545454545453,1.6666666666666667,0,36,1,0.2
5939,1971,Graduation,Together,38232.0,1,1,1970-01-01,84,43.0,5.0,28.0,7.0,6.0,33.0,4,3,1,3,5,0,0,0,0,0,0,3.0,11.0,0,122.0,82.0,0.6721311475409836,0.003191044151496129,7,0.42857142857142855,0.14285714285714285,0.6,2,43,0,0.0
2156,1955,PhD,Married,22554.0,1,1,2012-03-11,38,27.0,0.0,10.0,0.0,0.0,4.0,4,2,0,4,5,0,0,0,0,0,0,3.0,11.0,0,41.0,31.0,0.7560975609756098,0.001817859359758801,6,0.3333333333333333,0.0,0.4,2,59,0,0.0
7788,1983,PhD,Married,23536.0,1,0,2014-04-06,53,6.0,0.0,3.0,0.0,0.0,1.0,1,0,0,3,3,0,0,0,0,0,0,3.0,11.0,0,10.0,7.0,0.7,0.000424881033310673,3,0.0,0.0,0.0,1,31,0,0.0
10323,1952,Graduation,Married,49413.0,0,1,1970-01-01,88,205.0,7.0,41.0,3.0,2.0,46.0,2,4,2,5,5,0,0,0,0,0,0,3.0,11.0,0,304.0,253.0,0.8322368421052632,0.0061522271467022846,11,0.36363636363636365,0.18181818181818182,0.8,1,62,0,0.0
7947,1969,Graduation,Married,42231.0,1,1,1970-01-01,99,24.0,0.0,8.0,0.0,1.0,4.0,1,1,0,3,5,0,0,0,0,0,0,3.0,11.0,0,37.0,29.0,0.7837837837837838,0.0008761336458999314,4,0.25,0.0,0.2,2,45,0,0.0
1891,1980,Master,Divorced,78789.0,0,0,2012-08-08,12,667.0,50.0,850.0,21.0,83.0,83.0,1,4,6,5,2,0,0,0,0,0,0,3.0,11.0,1,1754.0,833.0,0.4749144811858609,0.02226199088705276,15,0.26666666666666666,0.4,2.0,0,34,0,0.0
2570,1968,Graduation,Together,56534.0,0,1,1970-01-01,35,691.0,7.0,61.0,10.0,0.0,46.0,4,10,4,7,8,0,1,0,0,1,0,3.0,11.0,1,815.0,737.0,0.9042944785276074,0.014416103583684154,21,0.47619047619047616,0.19047619047619047,1.25,1,46,2,0.4
9256,1971,Graduation,Single,58350.0,0,1,2013-04-01,5,493.0,26.0,206.0,116.0,80.0,80.0,4,8,3,12,6,0,0,0,0,0,0,3.0,11.0,0,1001.0,653.0,0.6523476523476524,0.01715509854327335,23,0.34782608695652173,0.13043478260869565,1.3333333333333333,1,43,0,0.0
295,1989,Graduation,Single,81217.0,0,0,1970-01-01,77,493.0,70.0,324.0,146.0,40.0,84.0,1,3,7,11,1,0,0,0,0,0,0,3.0,11.0,0,1157.0,617.0,0.533275713050994,0.014245785980767573,21,0.14285714285714285,0.3333333333333333,3.0,0,25,0,0.0
7397,1951,Graduation,Single,49090.0,0,1,1970-01-01,45,494.0,5.0,82.0,7.0,0.0,100.0,3,7,2,9,7,0,0,0,0,0,0,3.0,11.0,0,688.0,594.0,0.8633720930232558,0.014015074353228763,18,0.3888888888888889,0.1111111111111111,1.0,1,63,0,0.0
6349,1987,Master,Divorced,61787.0,0,0,2013-06-07,71,621.0,73.0,414.0,78.0,48.0,85.0,1,8,4,6,5,0,0,0,0,0,0,3.0,11.0,0,1319.0,754.0,0.5716451857467779,0.021347532652499716,18,0.4444444444444444,0.2222222222222222,1.6,0,27,0,0.0
10790,1985,PhD,Married,18169.0,1,0,1970-01-01,40,9.0,0.0,5.0,0.0,0.0,7.0,1,1,0,2,8,0,0,0,0,0,0,3.0,11.0,0,21.0,16.0,0.7619047619047619,0.0011558148494688755,3,0.3333333333333333,0.0,0.125,1,29,0,0.0
10398,1981,2n Cycle,Single,24336.0,1,0,1970-01-01,82,1.0,6.0,2.0,8.0,2.0,12.0,1,1,0,2,7,0,0,0,0,0,0,3.0,11.0,0,31.0,15.0,0.4838709677419355,0.0012738330046022353,3,0.3333333333333333,0.0,0.14285714285714285,1,33,0,0.0
2431,1990,Graduation,Married,18222.0,0,0,1970-01-01,70,12.0,4.0,19.0,12.0,6.0,14.0,1,2,0,3,8,0,0,0,0,0,0,3.0,11.0,0,67.0,32.0,0.47761194029850745,0.003676874108220832,5,0.4,0.0,0.25,0,24,0,0.0
550,1952,Graduation,Divorced,62335.0,0,1,1970-01-01,87,243.0,131.0,217.0,85.0,6.0,26.0,2,3,3,13,2,0,0,0,0,0,0,3.0,11.0,0,708.0,275.0,0.3884180790960452,0.011357985080612818,19,0.15789473684210525,0.15789473684210525,1.5,1,62,0,0.0
1890,1971,2n Cycle,Together,42033.0,1,1,1970-01-01,95,11.0,1.0,4.0,2.0,0.0,7.0,1,1,0,2,7,0,0,0,0,0,0,3.0,11.0,0,25.0,18.0,0.72,0.0005947707753431828,3,0.3333333333333333,0.0,0.14285714285714285,2,43,0,0.0
10742,1983,PhD,Married,86580.0,0,0,1970-01-01,72,532.0,21.0,127.0,26.0,20.0,20.0,0,4,2,5,1,0,0,1,0,0,0,3.0,11.0,0,746.0,572.0,0.7667560321715817,0.008616308616308617,11,0.36363636363636365,0.18181818181818182,4.0,0,31,1,0.2
10356,1957,PhD,Divorced,41437.0,1,1,1970-01-01,5,29.0,0.0,2.0,0.0,0.0,1.0,1,1,0,3,7,0,0,0,0,0,0,3.0,11.0,0,32.0,30.0,0.9375,0.0007722566788136207,4,0.25,0.0,0.14285714285714285,2,57,0,0.0
4676,1951,Master,Widow,73705.0,0,2,2014-05-03,86,612.0,91.0,520.0,258.0,107.0,107.0,2,9,6,8,5,0,0,0,0,0,0,3.0,11.0,0,1695.0,826.0,0.4873156342182891,0.022997082965877484,23,0.391304347826087,0.2608695652173913,1.8,2,63,0,0.0
8852,1976,Graduation,Married,61064.0,0,1,1970-01-01,80,387.0,126.0,342.0,0.0,45.0,180.0,5,8,4,11,6,0,0,0,0,0,0,3.0,11.0,0,1080.0,612.0,0.5666666666666667,0.01768636184986244,23,0.34782608695652173,0.17391304347826086,1.3333333333333333,1,38,0,0.0
3565,1955,Master,Married,38452.0,1,1,1970-01-01,62,56.0,0.0,14.0,0.0,0.0,2.0,3,3,0,3,7,0,0,0,0,0,0,3.0,11.0,0,72.0,58.0,0.8055555555555556,0.0018724643711640486,6,0.5,0.0,0.42857142857142855,2,59,0,0.0
5294,1989,Graduation,Single,18358.0,1,0,1970-01-01,49,6.0,8.0,19.0,16.0,4.0,4.0,3,3,0,4,7,0,0,0,0,0,0,3.0,11.0,0,57.0,14.0,0.24561403508771928,0.0031049133892580892,7,0.42857142857142855,0.0,0.42857142857142855,1,25,0,0.0
1958,1973,PhD,Together,55012.0,0,1,1970-01-01,85,582.0,0.0,65.0,0.0,0.0,13.0,6,8,2,9,5,0,0,0,0,0,0,3.0,11.0,0,660.0,595.0,0.9015151515151515,0.01199738238929688,19,0.42105263157894735,0.10526315789473684,1.6,1,41,0,0.0
7349,1973,Basic,Together,9722.0,1,0,2012-02-10,7,6.0,17.0,16.0,6.0,16.0,42.0,4,3,1,3,8,0,0,0,0,0,0,3.0,11.0,1,103.0,64.0,0.6213592233009708,0.010594527874922856,7,0.42857142857142855,0.14285714285714285,0.375,1,41,0,0.0
8799,1984,PhD,Married,38175.0,1,0,1970-01-01,6,70.0,6.0,69.0,2.0,3.0,3.0,3,3,1,4,7,0,0,0,0,0,0,3.0,11.0,0,153.0,76.0,0.49673202614379086,0.004007858546168959,8,0.375,0.125,0.42857142857142855,1,30,0,0.0
1351,1956,Master,Together,58656.0,0,1,1970-01-01,25,962.0,12.0,194.0,16.0,24.0,12.0,4,7,8,13,6,0,0,1,0,0,0,3.0,11.0,0,1220.0,998.0,0.8180327868852459,0.02079923622476814,28,0.25,0.2857142857142857,1.1666666666666667,1,58,1,0.2
1045,1965,Graduation,Together,52117.0,0,1,1970-01-01,55,112.0,10.0,107.0,30.0,0.0,20.0,2,5,2,4,7,0,0,0,0,0,0,3.0,11.0,0,279.0,132.0,0.4731182795698925,0.005353339601281731,11,0.45454545454545453,0.18181818181818182,0.7142857142857143,1,49,0,0.0
7732,1978,Graduation,Married,64813.0,1,0,2014-02-01,81,293.0,0.0,124.0,179.0,97.0,52.0,1,7,2,10,5,0,0,0,0,0,0,3.0,11.0,0,745.0,442.0,0.5932885906040268,0.011494607563297487,19,0.3684210526315789,0.10526315789473684,1.4,1,36,0,0.0
8070,1973,PhD,Married,54222.0,0,1,2014-01-03,98,199.0,12.0,31.0,3.0,12.0,7.0,1,3,3,5,3,0,0,0,0,0,0,3.0,11.0,0,264.0,218.0,0.8257575757575758,0.0048688724134115305,11,0.2727272727272727,0.2727272727272727,1.0,1,41,0,0.0
477,1986,Graduation,Married,83512.0,0,0,1970-01-01,31,1060.0,61.0,835.0,80.0,20.0,101.0,1,4,7,10,1,1,0,1,1,1,0,3.0,11.0,1,2157.0,1181.0,0.5475197032916087,0.02582862343136316,21,0.19047619047619047,0.3333333333333333,4.0,0,28,4,0.8
7832,1959,Master,Married,77520.0,0,1,1970-01-01,30,940.0,44.0,396.0,0.0,88.0,58.0,1,8,7,7,4,1,0,1,1,0,0,3.0,11.0,1,1526.0,1086.0,0.7116644823066841,0.019685242518059854,22,0.36363636363636365,0.3181818181818182,2.0,1,55,3,0.6
2202,1978,Graduation,Together,41154.0,0,1,2013-09-04,98,44.0,2.0,11.0,2.0,3.0,7.0,1,1,0,4,5,0,0,0,0,0,0,3.0,11.0,0,69.0,54.0,0.782608695652174,0.0016766292462458085,5,0.2,0.0,0.2,1,36,0,0.0
7396,1966,Graduation,Married,80398.0,0,0,2012-10-11,92,342.0,51.0,936.0,207.0,35.0,26.0,1,5,8,12,3,0,0,1,0,0,0,3.0,11.0,0,1597.0,403.0,0.25234815278647466,0.019863678200950273,25,0.2,0.32,1.6666666666666667,0,48,1,0.2
4055,1992,Basic,Single,18746.0,1,0,1970-01-01,41,2.0,10.0,11.0,12.0,9.0,20.0,2,3,0,3,6,0,0,0,0,0,0,3.0,11.0,0,64.0,31.0,0.484375,0.003414061666488851,6,0.5,0.0,0.5,1,22,0,0.0
10340,1984,Graduation,Together,35196.0,1,0,1970-01-01,68,75.0,12.0,141.0,43.0,39.0,187.0,6,6,1,5,8,0,0,0,0,0,0,3.0,11.0,0,497.0,301.0,0.6056338028169014,0.014120922832140016,12,0.5,0.08333333333333333,0.75,1,30,0,0.0
10091,1956,Graduation,Single,60230.0,0,1,1970-01-01,78,520.0,20.0,367.0,39.0,81.0,40.0,2,6,3,6,5,0,0,0,0,0,0,3.0,11.0,0,1067.0,641.0,0.6007497656982193,0.01771542420720571,15,0.4,0.2,1.2,1,58,0,0.0
7629,1977,Graduation,Married,22108.0,1,1,2014-08-05,46,5.0,3.0,9.0,6.0,2.0,6.0,2,2,0,3,7,0,0,0,0,0,0,3.0,11.0,0,31.0,13.0,0.41935483870967744,0.001402207345757192,5,0.4,0.0,0.2857142857142857,2,37,0,0.0
10640,1974,Graduation,Together,44392.0,1,1,2013-05-09,71,87.0,5.0,71.0,7.0,12.0,29.0,5,4,1,4,7,0,0,0,0,0,0,3.0,11.0,0,211.0,128.0,0.6066350710900474,0.00475310866822851,9,0.4444444444444444,0.1111111111111111,0.5714285714285714,2,40,0,0.0
3498,1976,PhD,Married,55424.0,0,1,1970-01-01,6,462.0,61.0,184.0,10.0,53.0,107.0,4,7,5,9,6,1,0,0,0,0,0,3.0,11.0,1,877.0,622.0,0.7092360319270239,0.015823469976905313,21,0.3333333333333333,0.23809523809523808,1.1666666666666667,1,38,1,0.2
6742,1979,Graduation,Married,17688.0,1,0,1970-01-01,82,2.0,2.0,1.0,3.0,1.0,2.0,1,1,0,2,8,0,0,0,0,0,1,3.0,11.0,0,11.0,5.0,0.45454545454545453,0.0006218905472636816,3,0.3333333333333333,0.0,0.125,1,35,0,0.0
1172,1983,PhD,Married,92491.0,0,0,2013-01-05,71,979.0,44.0,935.0,29.0,25.0,22.0,1,7,5,12,3,0,1,1,1,0,0,3.0,11.0,1,2034.0,1026.0,0.504424778761062,0.02199132888605378,24,0.2916666666666667,0.20833333333333334,2.3333333333333335,0,31,3,0.6
569,1991,Graduation,Single,90273.0,0,0,1970-01-01,32,704.0,129.0,853.0,120.0,74.0,111.0,1,5,6,7,2,0,1,1,1,0,0,3.0,11.0,1,1991.0,889.0,0.44650929181315924,0.02205532108160801,18,0.2777777777777778,0.3333333333333333,2.5,0,23,3,0.6
4686,1962,PhD,Widow,82571.0,0,0,2014-02-04,28,861.0,31.0,558.0,62.0,95.0,79.0,0,6,5,13,2,0,0,1,0,0,0,3.0,11.0,0,1686.0,1035.0,0.6138790035587188,0.020418791100991873,24,0.25,0.20833333333333334,3.0,0,52,1,0.2
1381,1982,PhD,Single,38513.0,1,0,1970-01-01,20,172.0,3.0,115.0,16.0,0.0,18.0,5,6,1,5,8,0,0,0,0,0,0,3.0,11.0,1,324.0,190.0,0.5864197530864198,0.00841274374886402,12,0.5,0.08333333333333333,0.75,1,32,0,0.0
2634,1979,Master,Single,16653.0,1,0,1970-01-01,10,5.0,7.0,31.0,15.0,4.0,7.0,3,2,1,3,6,0,0,0,0,0,0,3.0,11.0,1,69.0,16.0,0.2318840579710145,0.004143397586020537,6,0.3333333333333333,0.16666666666666666,0.3333333333333333,1,35,0,0.0
10905,1955,Graduation,Together,42586.0,1,1,1970-01-01,7,194.0,2.0,56.0,0.0,0.0,0.0,5,4,1,6,8,0,0,0,0,0,0,3.0,11.0,1,252.0,194.0,0.7698412698412699,0.005917437655567557,11,0.36363636363636365,0.09090909090909091,0.5,2,59,0,0.0
1744,1965,Basic,Single,23529.0,0,1,2013-07-01,67,9.0,7.0,13.0,3.0,2.0,20.0,1,1,1,2,6,0,0,0,0,0,0,3.0,11.0,0,54.0,31.0,0.5740740740740741,0.002295040163202856,4,0.25,0.25,0.16666666666666666,1,49,0,0.0
1000,1961,Master,Together,74881.0,1,1,2013-08-03,48,505.0,72.0,270.0,36.0,27.0,54.0,4,9,2,12,5,0,0,0,0,0,0,3.0,11.0,0,964.0,586.0,0.6078838174273858,0.012873759698721973,23,0.391304347826087,0.08695652173913043,1.8,2,53,0,0.0
3828,1951,Graduation,Married,71107.0,0,1,1970-01-01,61,533.0,10.0,217.0,198.0,174.0,195.0,2,7,6,13,4,0,0,0,0,0,0,3.0,11.0,0,1327.0,902.0,0.6797287113790504,0.018662016397823,26,0.2692307692307692,0.23076923076923078,1.75,1,63,0,0.0
8605,1964,PhD,Together,46910.0,1,1,1970-01-01,36,48.0,0.0,14.0,0.0,0.0,6.0,2,2,0,3,6,0,0,0,0,0,0,3.0,11.0,0,68.0,54.0,0.7941176470588235,0.0014495843103815818,5,0.4,0.0,0.3333333333333333,2,50,0,0.0
10304,1959,Graduation,Married,18690.0,0,0,1970-01-01,77,6.0,1.0,7.0,23.0,4.0,19.0,1,1,1,2,8,0,0,0,0,0,0,3.0,11.0,0,60.0,29.0,0.48333333333333334,0.0032102728731942215,4,0.25,0.25,0.125,0,55,0,0.0
4351,1955,Graduation,Divorced,37244.0,1,1,1970-01-01,90,18.0,2.0,10.0,0.0,0.0,25.0,1,1,1,2,7,1,0,0,0,0,0,3.0,11.0,0,55.0,43.0,0.7818181818181819,0.0014767479325528943,4,0.25,0.25,0.14285714285714285,2,59,1,0.2
10129,1966,Graduation,Together,82427.0,0,0,2014-12-03,35,482.0,147.0,509.0,104.0,107.0,107.0,1,3,5,12,1,0,0,1,0,0,0,3.0,11.0,0,1456.0,696.0,0.47802197802197804,0.017664114913802518,20,0.15,0.25,3.0,0,48,1,0.2
2499,1958,2n Cycle,Single,75342.0,0,1,2013-06-05,38,204.0,97.0,97.0,21.0,118.0,26.0,1,5,2,10,4,0,0,0,0,0,0,3.0,11.0,0,563.0,348.0,0.6181172291296625,0.007472591648748374,17,0.29411764705882354,0.11764705882352941,1.25,1,56,0,0.0
10092,1954,Graduation,Divorced,70044.0,0,1,1970-01-01,46,1073.0,0.0,250.0,153.0,14.0,14.0,4,7,10,5,5,0,0,0,0,0,0,3.0,11.0,0,1504.0,1101.0,0.7320478723404256,0.02147221746330878,22,0.3181818181818182,0.45454545454545453,1.4,1,60,0,0.0
7500,1967,Graduation,Single,79146.0,1,1,1970-01-01,33,245.0,16.0,223.0,21.0,43.0,16.0,2,8,1,8,6,0,0,0,0,0,0,3.0,11.0,0,564.0,304.0,0.5390070921985816,0.007126070805852475,17,0.47058823529411764,0.058823529411764705,1.3333333333333333,2,47,0,0.0
5796,1963,Graduation,Married,77437.0,0,0,1970-01-01,70,560.0,21.0,442.0,29.0,44.0,29.0,1,4,5,13,1,0,0,1,0,0,0,3.0,11.0,0,1125.0,633.0,0.5626666666666666,0.014527938840605912,22,0.18181818181818182,0.22727272727272727,4.0,0,51,1,0.2
10556,1959,Graduation,Married,54984.0,0,1,1970-01-01,51,173.0,13.0,131.0,32.0,3.0,6.0,4,6,1,6,7,0,0,0,1,0,0,3.0,11.0,0,358.0,182.0,0.5083798882681564,0.0065109850138222024,13,0.46153846153846156,0.07692307692307693,0.8571428571428571,1,55,1,0.2
1064,1971,PhD,Married,42403.0,1,0,2013-11-12,18,22.0,1.0,11.0,0.0,5.0,3.0,1,1,0,3,8,0,0,0,0,0,0,3.0,11.0,0,42.0,30.0,0.7142857142857143,0.0009904959554748484,4,0.25,0.0,0.125,1,43,0,0.0
48,1964,Graduation,Together,55761.0,0,1,1970-01-01,97,136.0,1.0,12.0,0.0,3.0,32.0,2,4,1,3,6,0,1,0,0,0,0,3.0,11.0,0,184.0,171.0,0.9293478260869565,0.0032997973494019116,8,0.5,0.125,0.6666666666666666,1,50,1,0.2
7610,1983,Graduation,Together,37292.0,1,0,1970-01-01,32,275.0,0.0,86.0,10.0,23.0,66.0,5,6,3,5,8,0,0,0,0,0,0,3.0,11.0,0,460.0,364.0,0.7913043478260869,0.0123350852729808,14,0.42857142857142855,0.21428571428571427,0.75,1,31,0,0.0
263,1945,PhD,Single,45576.0,0,0,1970-01-01,9,56.0,19.0,29.0,2.0,14.0,25.0,1,3,1,3,8,0,0,0,0,0,0,3.0,11.0,1,145.0,95.0,0.6551724137931034,0.0031814990345796035,7,0.42857142857142855,0.14285714285714285,0.375,0,69,0,0.0
10814,1947,Graduation,Together,70321.0,0,0,1970-01-01,6,303.0,23.0,751.0,82.0,26.0,191.0,1,6,5,13,4,0,0,0,0,0,0,3.0,11.0,1,1376.0,520.0,0.37790697674418605,0.019567412295047,24,0.25,0.20833333333333334,1.5,0,67,0,0.0
9710,1969,PhD,Divorced,58086.0,0,1,1970-01-01,80,708.0,7.0,62.0,0.0,0.0,15.0,2,11,3,7,8,0,0,0,0,0,0,3.0,11.0,0,792.0,723.0,0.9128787878787878,0.013634955066625348,21,0.5238095238095238,0.14285714285714285,1.375,1,45,0,0.0
9292,1952,Graduation,Married,81795.0,0,0,1970-01-01,74,324.0,132.0,693.0,27.0,118.0,88.0,1,4,11,7,2,0,0,0,0,0,0,3.0,11.0,0,1382.0,530.0,0.3835021707670043,0.016895898282291093,22,0.18181818181818182,0.5,2.0,0,62,0,0.0
10250,1947,Basic,Together,28389.0,0,0,1970-01-01,49,1.0,5.0,3.0,7.0,4.0,8.0,1,1,0,2,7,0,0,0,0,0,0,3.0,11.0,0,28.0,13.0,0.4642857142857143,0.0009862975095987882,3,0.3333333333333333,0.0,0.14285714285714285,0,67,0,0.0
7881,1946,Master,Married,66835.0,0,0,1970-01-01,21,620.0,26.0,195.0,34.0,17.0,141.0,1,6,4,13,2,0,0,0,0,0,0,3.0,11.0,0,1033.0,778.0,0.7531461761858664,0.015455973666492108,23,0.2608695652173913,0.17391304347826086,3.0,0,68,0,0.0
5847,1969,Graduation,Divorced,69901.0,0,1,1970-01-01,95,312.0,21.0,206.0,102.0,92.0,149.0,3,7,3,10,5,0,0,0,0,0,0,3.0,11.0,0,882.0,553.0,0.626984126984127,0.012617845238265547,20,0.35,0.15,1.4,1,45,0,0.0
737,1949,PhD,Married,80360.0,0,0,2013-03-03,56,1493.0,86.0,454.0,112.0,43.0,43.0,2,4,4,5,2,0,1,1,1,0,0,3.0,11.0,0,2231.0,1579.0,0.7077543702375616,0.02776256844201095,13,0.3076923076923077,0.3076923076923077,2.0,0,65,3,0.6
3571,1961,PhD,Together,63342.0,0,1,1970-01-01,48,918.0,21.0,118.0,13.0,10.0,21.0,3,8,3,5,6,0,1,0,0,0,0,3.0,11.0,1,1101.0,949.0,0.8619436875567665,0.017381831959837075,16,0.5,0.1875,1.3333333333333333,1,53,1,0.2
7807,1974,Graduation,Married,44989.0,0,1,2012-12-09,26,98.0,0.0,106.0,49.0,10.0,106.0,5,5,1,5,6,0,0,0,0,0,0,3.0,11.0,0,369.0,214.0,0.5799457994579946,0.008202004934539554,11,0.45454545454545453,0.09090909090909091,0.8333333333333334,1,40,0,0.0
3878,1980,2n Cycle,Single,31859.0,1,0,1970-01-01,3,3.0,4.0,7.0,15.0,8.0,11.0,1,1,0,3,7,0,0,0,0,0,0,3.0,11.0,0,48.0,22.0,0.4583333333333333,0.0015066386264477856,4,0.25,0.0,0.14285714285714285,1,34,0,0.0
5092,1949,PhD,Widow,51569.0,0,1,2013-12-02,39,380.0,0.0,47.0,6.0,0.0,34.0,4,7,1,7,8,0,1,0,0,0,0,3.0,11.0,1,467.0,414.0,0.8865096359743041,0.009055828113789292,15,0.4666666666666667,0.06666666666666667,0.875,1,65,1,0.2
2154,1971,Graduation,Widow,30372.0,1,1,1970-01-01,33,15.0,0.0,12.0,7.0,3.0,7.0,3,2,0,3,7,0,0,0,0,0,0,3.0,11.0,0,44.0,25.0,0.5681818181818182,0.0014487027525352297,5,0.4,0.0,0.2857142857142857,2,43,0,0.0
5394,1979,Basic,Single,16014.0,1,1,1970-01-01,42,3.0,9.0,4.0,7.0,8.0,7.0,4,1,1,4,3,0,0,0,0,0,0,3.0,11.0,0,38.0,18.0,0.47368421052631576,0.0023729236917697017,6,0.16666666666666666,0.16666666666666666,0.3333333333333333,2,35,0,0.0
3798,1968,Graduation,Married,41120.0,1,1,2013-06-11,80,24.0,2.0,23.0,0.0,8.0,24.0,3,2,1,3,6,0,0,0,0,0,0,3.0,11.0,0,81.0,56.0,0.691358024691358,0.0019698443579766536,6,0.3333333333333333,0.16666666666666666,0.3333333333333333,2,46,0,0.0
3524,1971,Master,Single,39763.0,1,0,2013-04-08,9,80.0,1.0,60.0,4.0,6.0,16.0,2,5,1,2,9,0,0,0,0,0,0,3.0,11.0,1,167.0,102.0,0.6107784431137725,0.00419988431456379,8,0.625,0.125,0.5555555555555556,1,43,0,0.0
5247,1955,PhD,Married,38725.0,1,1,2014-10-05,52,31.0,0.0,6.0,2.0,1.0,5.0,2,1,0,4,4,0,0,0,0,0,0,3.0,11.0,0,45.0,37.0,0.8222222222222222,0.0011620400258231117,5,0.2,0.0,0.25,2,59,0,0.0
5883,1972,Graduation,Married,77981.0,1,0,1970-01-01,78,138.0,120.0,204.0,16.0,126.0,60.0,3,7,4,7,5,0,0,0,0,0,0,3.0,11.0,0,664.0,324.0,0.4879518072289157,0.008514894653825931,18,0.3888888888888889,0.2222222222222222,1.4,1,42,0,0.0
2118,1964,2n Cycle,Married,62905.0,0,1,2013-10-09,68,166.0,75.0,96.0,119.0,107.0,59.0,3,7,2,8,4,0,0,0,0,0,0,3.0,11.0,0,622.0,332.0,0.5337620578778135,0.009887926237977903,17,0.4117647058823529,0.11764705882352941,1.75,1,50,0,0.0
8812,1979,2n Cycle,Divorced,13533.0,1,0,2013-10-03,45,12.0,3.0,8.0,8.0,0.0,17.0,2,2,0,3,7,0,0,0,0,0,0,3.0,11.0,0,48.0,29.0,0.6041666666666666,0.0035468853912657946,5,0.4,0.0,0.2857142857142857,1,35,0,0.0
6616,1975,Graduation,Together,59481.0,0,1,1970-01-01,47,178.0,3.0,85.0,71.0,66.0,58.0,2,3,3,8,2,0,0,0,0,0,0,3.0,11.0,0,461.0,302.0,0.6550976138828634,0.007750374069030446,14,0.21428571428571427,0.21428571428571427,1.5,1,39,0,0.0
2797,1977,Graduation,Married,72117.0,0,1,1970-01-01,34,707.0,20.0,171.0,65.0,60.0,50.0,1,9,7,9,5,0,0,0,0,0,0,3.0,11.0,0,1073.0,817.0,0.7614165890027959,0.014878600052692153,25,0.36,0.28,1.8,1,37,0,0.0
4328,1986,2n Cycle,Married,21955.0,1,0,2013-07-09,81,5.0,1.0,7.0,17.0,14.0,11.0,2,2,1,3,6,0,0,0,0,0,0,3.0,11.0,0,55.0,30.0,0.5454545454545454,0.002505124117513095,6,0.3333333333333333,0.16666666666666666,0.3333333333333333,1,28,0,0.0
9167,1956,Graduation,Married,67131.0,0,1,1970-01-01,72,465.0,71.0,250.0,93.0,35.0,62.0,3,9,2,12,6,0,0,0,0,0,0,3.0,11.0,0,976.0,562.0,0.5758196721311475,0.014538737691975391,23,0.391304347826087,0.08695652173913043,1.5,1,58,0,0.0
10560,1980,PhD,Single,36802.0,1,0,1970-01-01,23,16.0,1.0,2.0,0.0,0.0,1.0,1,1,0,3,5,0,0,0,0,0,0,3.0,11.0,0,20.0,17.0,0.85,0.0005434487256127384,4,0.25,0.0,0.2,1,34,0,0.0
2631,1982,Graduation,Together,71853.0,0,0,2013-08-05,29,358.0,108.0,413.0,141.0,97.0,32.0,1,2,8,6,1,0,0,0,0,0,0,3.0,11.0,0,1149.0,487.0,0.42384682332463014,0.015990981587407624,16,0.125,0.5,2.0,0,32,0,0.0
8312,1961,Basic,Married,28249.0,0,0,1970-01-01,80,1.0,9.0,7.0,2.0,14.0,10.0,1,2,0,3,6,0,0,0,0,0,0,3.0,11.0,0,43.0,25.0,0.5813953488372093,0.0015221777762044674,5,0.4,0.0,0.3333333333333333,0,53,0,0.0
5534,1975,Master,Married,47808.0,0,1,1970-01-01,30,123.0,1.0,26.0,2.0,0.0,72.0,2,3,2,3,7,1,0,0,0,0,0,3.0,11.0,0,224.0,195.0,0.8705357142857143,0.004685408299866131,8,0.375,0.25,0.42857142857142855,1,39,1,0.2
5093,1974,PhD,Divorced,25509.0,1,0,1970-01-01,15,40.0,3.0,30.0,10.0,7.0,11.0,3,3,0,3,9,0,0,0,0,0,0,3.0,11.0,1,101.0,58.0,0.5742574257425742,0.00395938688306088,6,0.5,0.0,0.3333333333333333,1,40,0,0.0
7592,1946,PhD,Married,51012.0,0,0,1970-01-01,86,102.0,9.0,63.0,2.0,9.0,24.0,1,4,1,4,6,0,0,0,0,0,0,3.0,11.0,0,209.0,135.0,0.645933014354067,0.00409707519799263,9,0.4444444444444444,0.1111111111111111,0.6666666666666666,0,68,0,0.0
8895,1985,Graduation,Single,70596.0,0,0,2012-05-10,68,347.0,44.0,534.0,17.0,0.0,26.0,1,3,5,12,2,0,0,0,0,0,0,3.0,11.0,0,968.0,373.0,0.3853305785123967,0.01371182503257975,20,0.15,0.25,1.5,0,29,0,0.0
8584,1952,PhD,Together,85431.0,0,0,2013-08-06,54,376.0,53.0,462.0,168.0,53.0,53.0,1,2,7,7,0,0,0,0,0,0,0,3.0,11.0,0,1165.0,482.0,0.41373390557939915,0.013636736079409113,16,0.125,0.4375,,0,62,0,0.0
2694,1967,Graduation,Married,42664.0,0,1,1970-01-01,44,21.0,0.0,3.0,0.0,0.0,0.0,1,1,0,3,6,0,0,0,0,0,0,3.0,11.0,0,24.0,21.0,0.875,0.000562535158447403,4,0.25,0.0,0.16666666666666666,1,47,0,0.0
8910,1955,Graduation,Together,42586.0,1,1,1970-01-01,7,194.0,2.0,56.0,0.0,0.0,0.0,5,4,1,6,8,0,0,0,0,0,0,3.0,11.0,1,252.0,194.0,0.7698412698412699,0.005917437655567557,11,0.36363636363636365,0.09090909090909091,0.5,2,59,0,0.0
7433,1985,Graduation,Single,29760.0,1,0,1970-01-01,87,64.0,4.0,68.0,7.0,5.0,17.0,4,3,1,4,8,0,0,0,0,0,0,3.0,11.0,0,165.0,86.0,0.5212121212121212,0.005544354838709678,8,0.375,0.125,0.375,1,29,0,0.0
164,1977,PhD,Married,28973.0,0,0,1970-01-01,59,206.0,0.0,46.0,3.0,2.0,12.0,2,5,1,5,8,0,0,0,0,0,0,3.0,11.0,0,269.0,220.0,0.8178438661710037,0.009284506264453112,11,0.45454545454545453,0.09090909090909091,0.625,0,37,0,0.0
10477,1973,PhD,Together,39435.0,1,0,2013-06-08,16,71.0,0.0,18.0,0.0,0.0,13.0,1,3,1,2,7,0,0,0,0,0,0,3.0,11.0,0,102.0,84.0,0.8235294117647058,0.002586534804108026,6,0.5,0.16666666666666666,0.42857142857142855,1,41,0,0.0
2681,1984,2n Cycle,Married,65370.0,0,0,2013-01-08,1,71.0,22.0,112.0,138.0,89.0,29.0,1,2,3,13,1,0,0,0,0,0,0,3.0,11.0,0,461.0,189.0,0.40997830802603036,0.007052164601499158,18,0.1111111111111111,0.16666666666666666,2.0,0,30,0,0.0
5150,1979,Basic,Single,20194.0,1,0,1970-01-01,64,0.0,4.0,7.0,11.0,10.0,15.0,2,2,0,3,6,0,0,0,0,0,0,3.0,11.0,0,47.0,25.0,0.5319148936170213,0.002327423987322967,5,0.4,0.0,0.3333333333333333,1,35,0,0.0
5283,1976,PhD,Single,42473.0,1,1,1970-01-01,72,93.0,1.0,21.0,0.0,4.0,25.0,3,2,1,4,5,0,0,0,0,0,0,3.0,11.0,0,144.0,122.0,0.8472222222222222,0.0033903891884255882,7,0.2857142857142857,0.14285714285714285,0.4,2,38,0,0.0
9645,1968,Graduation,Married,64590.0,0,0,1970-01-01,98,920.0,138.0,168.0,36.0,46.0,30.0,1,9,4,10,6,0,0,0,0,0,0,3.0,11.0,0,1338.0,996.0,0.7443946188340808,0.020715281003251276,23,0.391304347826087,0.17391304347826086,1.5,0,46,0,0.0
10678,1959,Graduation,Together,71232.0,0,1,1970-01-01,91,653.0,17.0,170.0,34.0,26.0,17.0,2,11,2,10,7,0,0,0,0,0,0,3.0,11.0,0,917.0,696.0,0.7589967284623773,0.012873427672955975,23,0.4782608695652174,0.08695652173913043,1.5714285714285714,1,55,0,0.0
7261,1971,Graduation,Together,34600.0,1,1,2013-01-01,8,199.0,33.0,60.0,8.0,3.0,15.0,5,5,2,5,8,0,0,0,0,0,0,3.0,11.0,1,318.0,217.0,0.6823899371069182,0.009190751445086706,12,0.4166666666666667,0.16666666666666666,0.625,2,43,0,0.0
9648,1967,Graduation,Single,46904.0,1,1,2012-03-11,20,153.0,4.0,56.0,0.0,9.0,31.0,4,5,1,4,8,0,0,0,0,0,0,3.0,11.0,0,253.0,193.0,0.7628458498023716,0.0053939962476547846,10,0.5,0.1,0.625,2,47,0,0.0
2870,1973,Graduation,Married,49094.0,0,1,1970-01-01,6,376.0,0.0,38.0,11.0,8.0,69.0,5,6,3,6,6,0,0,0,0,0,0,3.0,11.0,0,502.0,453.0,0.9023904382470119,0.01022528211186703,15,0.4,0.2,1.0,1,41,0,0.0
8008,1983,Graduation,Together,36075.0,1,0,2013-09-12,54,46.0,0.0,30.0,12.0,1.0,30.0,1,2,0,4,6,0,0,0,0,0,0,3.0,11.0,0,119.0,77.0,0.6470588235294118,0.0032986832986832988,6,0.3333333333333333,0.0,0.3333333333333333,1,31,0,0.0
1513,1979,2n Cycle,Together,60839.0,1,1,1970-01-01,72,600.0,21.0,128.0,223.0,150.0,128.0,13,2,2,12,8,0,0,0,0,0,0,3.0,11.0,0,1250.0,878.0,0.7024,0.02054603132858857,16,0.125,0.125,0.25,2,35,0,0.0
6173,1979,Graduation,Together,77298.0,0,1,2013-02-11,46,425.0,115.0,292.0,23.0,35.0,79.0,1,6,6,11,3,0,0,0,0,0,0,3.0,11.0,0,969.0,539.0,0.5562435500515995,0.012535900023286502,23,0.2608695652173913,0.2608695652173913,2.0,1,35,0,0.0
1419,1950,Graduation,Together,34026.0,1,1,2013-05-08,11,18.0,6.0,15.0,12.0,8.0,17.0,3,2,1,3,5,0,0,0,0,0,0,3.0,11.0,0,76.0,43.0,0.5657894736842105,0.002233586081231999,6,0.3333333333333333,0.16666666666666666,0.4,2,64,0,0.0
9150,1963,PhD,Single,48918.0,1,1,2014-12-04,21,52.0,0.0,9.0,0.0,0.0,1.0,2,1,0,4,4,0,0,0,0,0,0,3.0,11.0,0,62.0,53.0,0.8548387096774194,0.0012674271229404308,5,0.2,0.0,0.25,2,51,0,0.0
7960,1962,2n Cycle,Together,82122.0,0,0,1970-01-01,89,734.0,22.0,350.0,151.0,25.0,100.0,1,3,9,13,1,0,0,1,0,0,0,3.0,11.0,0,1382.0,859.0,0.6215629522431259,0.01682862083242006,25,0.12,0.36,3.0,0,52,1,0.2
1250,1976,Graduation,Single,37697.0,1,0,2014-07-02,82,34.0,6.0,21.0,11.0,4.0,8.0,1,2,1,3,6,0,0,0,0,0,0,3.0,11.0,0,84.0,46.0,0.5476190476190477,0.0022282940287025495,6,0.3333333333333333,0.16666666666666666,0.3333333333333333,1,38,0,0.0
9905,1952,Graduation,Together,34074.0,1,1,1970-01-01,69,135.0,1.0,41.0,10.0,1.0,67.0,5,3,3,3,6,1,0,0,0,0,0,3.0,11.0,0,255.0,203.0,0.796078431372549,0.007483711921112872,9,0.3333333333333333,0.3333333333333333,0.5,2,62,1,0.2
10691,1960,Master,Married,28520.0,1,1,1970-01-01,55,11.0,0.0,10.0,0.0,2.0,20.0,1,1,1,2,6,0,0,0,0,0,0,3.0,11.0,0,43.0,33.0,0.7674418604651163,0.0015077138849929875,4,0.25,0.25,0.16666666666666666,2,54,0,0.0
7002,1955,Graduation,Single,62535.0,0,1,2013-03-10,13,163.0,48.0,90.0,0.0,45.0,52.0,1,3,2,8,3,0,0,0,0,0,0,3.0,11.0,0,398.0,260.0,0.6532663316582915,0.006364435915887103,13,0.23076923076923078,0.15384615384615385,1.0,1,59,0,0.0
2952,1977,Master,Single,36273.0,1,0,1970-01-01,80,29.0,3.0,30.0,3.0,2.0,9.0,2,3,0,3,6,0,0,0,0,0,0,3.0,11.0,0,76.0,40.0,0.5263157894736842,0.002095222341686654,6,0.5,0.0,0.5,1,37,0,0.0
8439,1964,Graduation,Together,63404.0,0,2,2014-06-06,97,734.0,26.0,70.0,11.0,44.0,17.0,2,6,3,4,4,0,0,0,1,0,0,3.0,11.0,0,902.0,795.0,0.8813747228381374,0.014226231783483692,13,0.46153846153846156,0.23076923076923078,1.5,2,50,1,0.2
762,1981,2n Cycle,Together,75774.0,1,0,2014-02-05,27,340.0,21.0,134.0,258.0,14.0,56.0,1,7,5,8,4,0,0,0,0,0,0,3.0,11.0,0,823.0,410.0,0.49817739975698666,0.010861245282022857,20,0.35,0.25,1.75,1,33,0,0.0
2831,1976,Graduation,Together,78416.0,0,1,1970-01-01,99,453.0,38.0,279.0,188.0,38.0,183.0,2,7,7,10,3,0,0,0,0,0,0,3.0,11.0,0,1179.0,674.0,0.5716709075487701,0.015035196898592123,24,0.2916666666666667,0.2916666666666667,2.3333333333333335,1,38,0,0.0
6977,1974,Graduation,Together,75702.0,0,1,1970-01-01,87,1073.0,0.0,629.0,145.0,37.0,37.0,1,10,5,13,6,0,0,1,0,0,0,3.0,11.0,0,1921.0,1147.0,0.597084851639771,0.025375815698396344,28,0.35714285714285715,0.17857142857142858,1.6666666666666667,1,40,1,0.2
6289,1951,Master,Together,59385.0,1,1,1970-01-01,85,135.0,0.0,10.0,0.0,4.0,36.0,2,3,1,4,5,0,0,0,0,0,0,3.0,11.0,0,185.0,175.0,0.9459459459459459,0.003115264797507788,8,0.375,0.125,0.6,2,63,0,0.0
4168,1966,Graduation,Single,37070.0,1,1,1970-01-01,30,231.0,7.0,137.0,4.0,15.0,39.0,9,5,1,8,7,0,0,0,0,0,0,3.0,11.0,1,433.0,285.0,0.6581986143187067,0.011680604262206636,14,0.35714285714285715,0.07142857142857142,0.7142857142857143,2,48,0,0.0
8397,1951,Graduation,Married,44689.0,1,1,2014-10-01,82,18.0,0.0,5.0,0.0,0.0,11.0,2,1,1,2,7,1,0,0,0,0,0,3.0,11.0,0,34.0,29.0,0.8529411764705882,0.0007608136230392267,4,0.25,0.25,0.14285714285714285,2,63,1,0.2
9284,1958,Graduation,Together,53977.0,0,1,2013-08-06,21,620.0,16.0,165.0,0.0,24.0,82.0,5,5,5,12,5,0,0,0,0,0,0,3.0,11.0,0,907.0,726.0,0.8004410143329658,0.016803453322711524,22,0.22727272727272727,0.22727272727272727,1.0,1,56,0,0.0
6237,1966,PhD,Single,7144.0,0,2,2013-07-12,92,81.0,4.0,33.0,5.0,2.0,291.0,0,23,1,1,0,0,0,0,0,0,0,3.0,11.0,0,416.0,374.0,0.8990384615384616,0.05823068309070549,25,0.92,0.04,,2,48,0,0.0
3130,1964,Graduation,Single,18701.0,1,1,2013-04-06,95,12.0,4.0,2.0,10.0,6.0,10.0,4,2,0,4,5,0,0,0,0,0,0,3.0,11.0,0,44.0,28.0,0.6363636363636364,0.002352815357467515,6,0.3333333333333333,0.0,0.4,2,50,0,0.0
1619,1956,Graduation,Married,90369.0,0,0,1970-01-01,2,292.0,51.0,981.0,224.0,23.0,17.0,1,4,6,6,1,0,0,0,0,0,0,3.0,11.0,1,1588.0,332.0,0.20906801007556675,0.017572397614226118,16,0.25,0.375,4.0,0,58,0,0.0
1990,1974,PhD,Single,63159.0,0,0,2012-05-11,74,965.0,34.0,586.0,89.0,86.0,37.0,1,3,5,8,3,1,0,0,0,0,0,3.0,11.0,0,1797.0,1088.0,0.6054535336672231,0.028452002089963426,16,0.1875,0.3125,1.0,0,40,1,0.2
5513,1966,Graduation,Together,37758.0,1,1,2012-04-10,49,27.0,2.0,10.0,0.0,0.0,1.0,2,1,0,3,8,0,0,0,0,0,0,3.0,11.0,0,40.0,28.0,0.7,0.001059378145028868,4,0.25,0.0,0.125,2,48,0,0.0
269,1963,PhD,Single,46757.0,0,1,1970-01-01,71,777.0,30.0,163.0,0.0,51.0,122.0,6,4,4,7,9,0,0,0,0,0,0,3.0,11.0,0,1143.0,950.0,0.8311461067366579,0.024445537566567574,15,0.26666666666666666,0.26666666666666666,0.4444444444444444,1,51,0,0.0
8093,1969,Master,Married,79734.0,0,0,1970-01-01,72,572.0,8.0,232.0,23.0,62.0,17.0,1,4,3,6,1,0,0,0,1,0,0,3.0,11.0,0,914.0,651.0,0.712253829321663,0.01146311485689919,13,0.3076923076923077,0.23076923076923078,4.0,0,45,1,0.2
10513,1992,Graduation,Together,63207.0,0,0,1970-01-01,68,438.0,169.0,565.0,91.0,169.0,70.0,1,2,3,6,7,0,0,0,1,0,0,3.0,11.0,0,1502.0,677.0,0.4507323568575233,0.023763190785830682,11,0.18181818181818182,0.2727272727272727,0.2857142857142857,0,22,1,0.2
10177,1954,Graduation,Divorced,72071.0,0,1,1970-01-01,4,531.0,69.0,300.0,150.0,138.0,150.0,3,5,4,8,2,0,0,0,0,0,0,3.0,11.0,0,1338.0,819.0,0.6121076233183856,0.01856502615476405,17,0.29411764705882354,0.23529411764705882,2.5,1,60,0,0.0
2549,1983,PhD,Together,21840.0,1,0,1970-01-01,80,17.0,0.0,9.0,0.0,0.0,1.0,1,1,0,3,9,0,0,0,0,0,0,3.0,11.0,0,27.0,18.0,0.6666666666666666,0.0012362637362637362,4,0.25,0.0,0.1111111111111111,1,31,0,0.0
5782,1982,2n Cycle,Together,58582.0,0,1,1970-01-01,15,402.0,35.0,106.0,101.0,77.0,42.0,2,9,2,9,5,0,1,0,0,0,0,3.0,11.0,0,763.0,521.0,0.6828309305373526,0.013024478508756956,20,0.45,0.1,1.8,1,32,1,0.2
10057,1951,Graduation,Single,72282.0,0,0,1970-01-01,70,503.0,27.0,419.0,90.0,139.0,153.0,1,5,7,9,7,0,0,0,0,0,0,3.0,11.0,1,1331.0,795.0,0.5972952667167544,0.01841398965164218,21,0.23809523809523808,0.3333333333333333,0.7142857142857143,0,63,0,0.0
10307,1956,Graduation,Married,50387.0,0,2,1970-01-01,91,369.0,9.0,87.0,12.0,14.0,34.0,3,6,2,8,5,0,0,0,0,0,0,3.0,11.0,0,525.0,417.0,0.7942857142857143,0.010419354198503582,16,0.375,0.125,1.2,2,58,0,0.0
8566,1961,PhD,Together,32583.0,1,1,1970-01-01,10,5.0,0.0,3.0,0.0,0.0,1.0,1,1,0,2,7,0,0,0,0,0,0,3.0,11.0,0,9.0,6.0,0.6666666666666666,0.0002762176595156984,3,0.3333333333333333,0.0,0.14285714285714285,2,53,0,0.0
2415,1962,Graduation,Together,62568.0,0,1,2014-07-04,99,362.0,17.0,398.0,80.0,35.0,61.0,3,5,3,5,4,0,0,0,1,0,0,3.0,11.0,0,953.0,458.0,0.4805876180482686,0.015231428206111751,13,0.38461538461538464,0.23076923076923078,1.25,1,52,1,0.2
5684,1971,Master,Divorced,44635.0,1,1,2013-11-10,25,56.0,0.0,9.0,0.0,0.0,3.0,2,2,0,3,7,0,0,0,0,0,0,3.0,11.0,0,68.0,59.0,0.8676470588235294,0.0015234681303909487,5,0.4,0.0,0.2857142857142857,2,43,0,0.0
8334,1971,Master,Single,33316.0,1,1,2013-04-10,34,79.0,1.0,31.0,4.0,4.0,12.0,3,2,1,4,6,0,0,0,0,0,0,3.0,11.0,0,131.0,95.0,0.7251908396946565,0.003932044663224877,7,0.2857142857142857,0.14285714285714285,0.3333333333333333,2,43,0,0.0
9166,1968,Graduation,Married,63967.0,0,1,2013-09-08,57,387.0,84.0,141.0,73.0,35.0,162.0,3,4,4,12,2,0,0,0,0,0,0,3.0,11.0,0,882.0,584.0,0.6621315192743764,0.013788359622930573,20,0.2,0.2,2.0,1,46,0,0.0
1440,1978,2n Cycle,Together,52513.0,0,0,2012-04-09,84,367.0,17.0,241.0,104.0,188.0,232.0,2,9,5,9,7,0,0,0,0,0,0,3.0,11.0,0,1149.0,787.0,0.6849434290687555,0.02188029630758098,23,0.391304347826087,0.21739130434782608,1.2857142857142858,0,36,0,0.0
78,1969,Graduation,Married,25293.0,1,0,1970-01-01,51,15.0,0.0,11.0,0.0,2.0,9.0,1,1,1,2,8,0,0,0,0,0,0,3.0,11.0,0,37.0,26.0,0.7027027027027027,0.0014628553354683114,4,0.25,0.25,0.125,1,45,0,0.0
5441,1965,PhD,Widow,54111.0,0,1,1970-01-01,97,267.0,6.0,54.0,8.0,3.0,50.0,2,5,2,6,5,0,0,0,0,0,0,3.0,11.0,0,388.0,320.0,0.8247422680412371,0.007170445935207259,13,0.38461538461538464,0.15384615384615385,1.0,1,49,0,0.0
5302,1986,Graduation,Together,78394.0,0,0,1970-01-01,13,298.0,27.0,697.0,216.0,24.0,166.0,1,4,6,5,2,0,0,0,0,0,0,3.0,11.0,1,1428.0,488.0,0.34173669467787116,0.018215679771411076,15,0.26666666666666666,0.4,2.0,0,28,0,0.0
4687,1958,Master,Married,80739.0,0,0,1970-01-01,92,674.0,92.0,736.0,39.0,0.0,92.0,1,3,11,9,1,0,0,0,0,0,0,3.0,11.0,0,1633.0,766.0,0.46907532149418246,0.020225665415722266,23,0.13043478260869565,0.4782608695652174,3.0,0,56,0,0.0
1087,1975,Master,Together,22669.0,1,0,1970-01-01,30,16.0,14.0,36.0,37.0,22.0,48.0,3,4,1,2,9,0,0,0,0,0,0,3.0,11.0,1,173.0,86.0,0.49710982658959535,0.0076315673386563145,7,0.5714285714285714,0.14285714285714285,0.4444444444444444,1,39,0,0.0
6859,1987,Graduation,Single,29236.0,1,0,2013-08-10,30,37.0,4.0,24.0,16.0,9.0,9.0,2,4,0,3,9,0,0,0,0,0,0,3.0,11.0,0,99.0,55.0,0.5555555555555556,0.003386236147215761,7,0.5714285714285714,0.0,0.4444444444444444,1,27,0,0.0
9860,1959,Graduation,Together,44911.0,0,1,1970-01-01,11,159.0,0.0,22.0,2.0,1.0,31.0,3,4,1,4,7,0,0,0,0,0,0,3.0,11.0,0,215.0,191.0,0.8883720930232558,0.004787245886308477,9,0.4444444444444444,0.1111111111111111,0.5714285714285714,1,55,0,0.0
7129,1962,PhD,Married,54693.0,0,1,1970-01-01,72,686.0,17.0,142.0,23.0,26.0,35.0,8,6,4,13,6,0,0,0,0,0,0,3.0,11.0,0,929.0,747.0,0.8040904198062433,0.016985720293273363,23,0.2608695652173913,0.17391304347826086,1.0,1,52,0,0.0
5866,1974,Graduation,Together,48186.0,1,0,1970-01-01,39,97.0,3.0,66.0,12.0,7.0,34.0,3,4,1,4,7,0,0,0,0,0,0,3.0,11.0,0,219.0,138.0,0.6301369863013698,0.004544888556842236,9,0.4444444444444444,0.1111111111111111,0.5714285714285714,1,40,0,0.0
10521,1977,Graduation,Married,54809.0,1,1,2013-11-09,0,63.0,6.0,57.0,13.0,13.0,22.0,4,2,1,5,4,0,0,0,0,0,0,3.0,11.0,1,174.0,98.0,0.5632183908045977,0.0031746610958054335,8,0.25,0.125,0.5,2,37,0,0.0
7393,1978,Graduation,Together,41580.0,1,1,2012-10-12,15,56.0,5.0,24.0,4.0,0.0,3.0,3,2,1,3,5,0,0,0,0,0,0,3.0,11.0,0,92.0,59.0,0.6413043478260869,0.0022126022126022125,6,0.3333333333333333,0.16666666666666666,0.4,2,36,0,0.0
7849,1970,PhD,Married,80336.0,0,0,2013-09-09,12,209.0,19.0,456.0,160.0,142.0,66.0,1,2,9,13,1,0,0,0,0,0,0,3.0,11.0,0,1052.0,417.0,0.39638783269961975,0.013095000995817566,24,0.08333333333333333,0.375,2.0,0,44,0,0.0
332,1957,Graduation,Married,47743.0,0,1,1970-01-01,56,198.0,2.0,43.0,0.0,12.0,20.0,3,4,1,6,6,0,1,0,0,0,0,3.0,11.0,0,275.0,230.0,0.8363636363636363,0.005760006702553254,11,0.36363636363636365,0.09090909090909091,0.6666666666666666,1,57,1,0.2
9847,1955,2n Cycle,Married,62972.0,0,1,2012-03-08,39,313.0,15.0,47.0,20.0,0.0,192.0,2,7,4,3,6,0,0,0,0,0,0,3.0,11.0,0,587.0,505.0,0.8603066439522998,0.00932160325223909,14,0.5,0.2857142857142857,1.1666666666666667,1,59,0,0.0
531,1954,PhD,Divorced,57333.0,0,1,1970-01-01,55,941.0,14.0,397.0,76.0,58.0,176.0,11,8,5,9,6,0,0,0,0,0,0,3.0,11.0,1,1662.0,1175.0,0.7069795427196149,0.02898854063105018,22,0.36363636363636365,0.22727272727272727,1.3333333333333333,1,60,0,0.0
9576,1982,PhD,Together,32313.0,1,0,2013-11-02,60,86.0,4.0,56.0,2.0,4.0,7.0,3,4,0,4,9,0,0,0,0,0,0,3.0,11.0,0,159.0,97.0,0.610062893081761,0.004920620183826943,8,0.5,0.0,0.4444444444444444,1,32,0,0.0
6906,1953,Master,Widow,84953.0,0,0,2013-03-06,73,167.0,48.0,602.0,63.0,72.0,72.0,1,3,10,4,2,0,1,1,1,0,0,3.0,11.0,1,1024.0,311.0,0.3037109375,0.012053723823761374,17,0.17647058823529413,0.5882352941176471,1.5,0,61,3,0.6
7419,1968,Master,Divorced,27071.0,1,0,1970-01-01,90,8.0,3.0,19.0,0.0,2.0,3.0,2,2,0,3,6,0,0,0,0,0,0,3.0,11.0,0,35.0,13.0,0.37142857142857144,0.0012928964574637066,5,0.4,0.0,0.3333333333333333,1,46,0,0.0
3170,1957,Master,Together,68148.0,0,0,1970-01-01,86,389.0,66.0,408.0,37.0,57.0,85.0,1,4,4,6,2,0,0,0,0,0,0,3.0,11.0,0,1042.0,531.0,0.5095969289827256,0.015290250630979633,14,0.2857142857142857,0.2857142857142857,2.0,0,57,0,0.0
8527,1965,Master,Together,65735.0,1,1,2013-07-12,37,239.0,7.0,119.0,4.0,15.0,11.0,5,6,2,6,7,0,0,0,0,0,0,3.0,11.0,0,395.0,265.0,0.6708860759493671,0.006008975431657413,14,0.42857142857142855,0.14285714285714285,0.8571428571428571,2,49,0,0.0
7872,1975,PhD,Married,86836.0,0,0,2012-12-09,7,179.0,21.0,273.0,0.0,21.0,63.0,1,6,10,6,5,1,0,1,1,0,0,3.0,11.0,1,557.0,263.0,0.47217235188509876,0.006414390345018195,22,0.2727272727272727,0.45454545454545453,1.2,0,39,3,0.6
9931,1963,PhD,Married,4023.0,1,1,1970-01-01,29,5.0,0.0,1.0,1.0,1.0,1.0,15,0,0,0,19,0,0,0,0,0,0,3.0,11.0,0,9.0,7.0,0.7777777777777778,0.0022371364653243847,0,,,0.0,2,51,0,0.0
10595,1990,Graduation,Married,30093.0,0,0,2013-08-07,19,2.0,6.0,28.0,13.0,4.0,16.0,1,2,0,3,7,0,0,0,0,0,0,3.0,11.0,0,69.0,22.0,0.3188405797101449,0.0022928920346924533,5,0.4,0.0,0.2857142857142857,0,24,0,0.0
4609,1966,PhD,Married,57705.0,0,1,2014-11-01,14,383.0,0.0,53.0,6.0,4.0,40.0,3,8,1,6,6,0,0,0,0,0,0,3.0,11.0,0,486.0,427.0,0.8786008230452675,0.00842214712763192,15,0.5333333333333333,0.06666666666666667,1.3333333333333333,1,48,0,0.0
5010,1988,Graduation,Single,25008.0,1,0,2014-02-02,72,2.0,8.0,8.0,6.0,1.0,9.0,2,1,0,3,8,0,0,0,0,0,0,3.0,11.0,0,34.0,12.0,0.35294117647058826,0.0013595649392194498,4,0.25,0.0,0.125,1,26,0,0.0
4427,1995,2n Cycle,Single,83257.0,0,0,1970-01-01,56,536.0,27.0,590.0,38.0,107.0,67.0,1,5,10,12,6,1,0,1,0,0,1,3.0,11.0,1,1365.0,710.0,0.5201465201465202,0.016395017836338087,27,0.18518518518518517,0.37037037037037035,0.8333333333333334,0,19,2,0.4
11148,1975,Graduation,Together,22280.0,1,0,1970-01-01,85,2.0,1.0,4.0,3.0,1.0,2.0,1,1,0,2,8,0,0,0,0,0,0,3.0,11.0,0,13.0,5.0,0.38461538461538464,0.0005834829443447037,3,0.3333333333333333,0.0,0.125,1,39,0,0.0
1168,1978,PhD,Married,72159.0,0,0,1970-01-01,62,322.0,53.0,899.0,34.0,40.0,53.0,1,4,6,10,2,0,0,0,0,0,0,3.0,11.0,0,1401.0,415.0,0.29621698786581013,0.01941545753128508,20,0.2,0.3,2.0,0,36,0,0.0
9595,1961,Graduation,Together,64260.0,0,0,2013-11-01,1,539.0,169.0,816.0,20.0,0.0,30.0,1,4,5,4,3,0,0,0,0,0,0,3.0,11.0,1,1574.0,569.0,0.36149936467598476,0.024494242141300963,13,0.3076923076923077,0.38461538461538464,1.3333333333333333,0,53,0,0.0
10163,1984,PhD,Single,82733.0,0,0,2013-10-09,28,712.0,50.0,420.0,65.0,38.0,38.0,1,8,4,7,4,0,0,0,0,0,0,3.0,11.0,1,1323.0,788.0,0.5956160241874527,0.015991200609188596,19,0.42105263157894735,0.21052631578947367,2.0,0,30,0,0.0
2886,1971,Master,Divorced,74290.0,0,1,2013-12-08,70,1121.0,0.0,72.0,0.0,12.0,12.0,4,10,8,10,6,0,1,0,1,0,0,3.0,11.0,0,1217.0,1145.0,0.9408381265406738,0.01638174720689191,28,0.35714285714285715,0.2857142857142857,1.6666666666666667,1,43,2,0.4
6710,1951,Master,Single,58217.0,2,1,1970-01-01,84,68.0,1.0,13.0,3.0,5.0,13.0,1,2,0,4,6,0,0,0,0,0,0,3.0,11.0,0,103.0,86.0,0.8349514563106796,0.0017692426610783792,6,0.3333333333333333,0.0,0.3333333333333333,3,63,0,0.0
5316,1976,Master,Together,21024.0,0,0,2013-04-07,89,36.0,4.0,18.0,6.0,2.0,18.0,1,2,0,4,7,0,0,0,0,0,0,3.0,11.0,0,84.0,56.0,0.6666666666666666,0.003995433789954338,6,0.3333333333333333,0.0,0.2857142857142857,0,38,0,0.0
9029,1972,PhD,Married,70116.0,0,0,1970-01-01,73,707.0,44.0,603.0,95.0,58.0,29.0,1,2,8,12,1,0,0,0,0,0,0,3.0,11.0,0,1536.0,794.0,0.5169270833333334,0.02190655485195961,22,0.09090909090909091,0.36363636363636365,2.0,0,42,0,0.0
521,1985,Graduation,Together,54006.0,1,0,1970-01-01,42,174.0,77.0,203.0,6.0,24.0,97.0,2,8,1,7,7,0,0,0,0,0,0,3.0,11.0,0,581.0,295.0,0.5077452667814114,0.010758063918823835,16,0.5,0.0625,1.1428571428571428,1,29,0,0.0
1459,1966,PhD,Married,69063.0,0,1,2012-07-11,16,666.0,35.0,124.0,69.0,8.0,26.0,1,5,3,5,3,0,0,0,0,0,0,3.0,11.0,0,928.0,700.0,0.7543103448275862,0.013437006790901061,13,0.38461538461538464,0.23076923076923078,1.6666666666666667,1,48,0,0.0
10241,1975,2n Cycle,Divorced,11448.0,0,0,1970-01-01,16,0.0,0.0,0.0,6.0,2.0,6.0,1,1,0,2,6,0,0,0,0,0,0,3.0,11.0,0,14.0,8.0,0.5714285714285714,0.001222921034241789,3,0.3333333333333333,0.0,0.16666666666666666,0,39,0,0.0
1630,1979,Graduation,Single,61825.0,0,1,2013-07-08,56,162.0,50.0,100.0,55.0,30.0,27.0,1,4,2,8,4,0,0,0,0,0,0,3.0,11.0,0,424.0,219.0,0.5165094339622641,0.006858067124949454,14,0.2857142857142857,0.14285714285714285,1.0,1,35,0,0.0
3254,1971,Graduation,Married,70886.0,1,0,1970-01-01,65,407.0,70.0,239.0,103.0,88.0,53.0,1,5,4,4,2,0,0,0,0,0,0,3.0,11.0,0,960.0,548.0,0.5708333333333333,0.013542871653076771,13,0.38461538461538464,0.3076923076923077,2.5,1,43,0,0.0
9064,1982,Graduation,Married,69109.0,0,0,2012-09-11,10,823.0,25.0,459.0,124.0,29.0,95.0,1,6,6,7,4,0,0,1,0,0,0,3.0,11.0,1,1555.0,947.0,0.6090032154340836,0.022500687320030677,19,0.3157894736842105,0.3157894736842105,1.5,0,32,1,0.2
3678,1973,Graduation,Widow,60208.0,1,1,2012-07-10,13,488.0,23.0,71.0,15.0,0.0,59.0,11,8,3,7,7,0,1,0,0,0,0,3.0,11.0,1,656.0,547.0,0.8338414634146342,0.01089556205155461,18,0.4444444444444444,0.16666666666666666,1.1428571428571428,2,41,1,0.2
4227,1968,Master,Together,32889.0,1,1,2013-06-09,78,28.0,0.0,13.0,4.0,2.0,8.0,3,2,1,3,5,0,0,0,0,0,0,3.0,11.0,0,55.0,38.0,0.6909090909090909,0.0016722916476633524,6,0.3333333333333333,0.16666666666666666,0.4,2,46,0,0.0
9467,1984,Graduation,Single,34738.0,1,0,2014-11-05,51,3.0,2.0,10.0,3.0,0.0,2.0,1,1,0,3,6,0,0,0,0,0,0,3.0,11.0,0,20.0,5.0,0.25,0.0005757383844780931,4,0.25,0.0,0.16666666666666666,1,30,0,0.0
8486,1971,Master,Together,30538.0,1,0,2012-01-10,27,284.0,0.0,52.0,8.0,3.0,20.0,4,9,0,4,10,0,0,0,0,0,0,3.0,11.0,0,367.0,307.0,0.8365122615803815,0.012017813871242386,13,0.6923076923076923,0.0,0.9,1,43,0,0.0
2186,1977,2n Cycle,Together,82326.0,0,0,2014-10-03,30,938.0,142.0,754.0,159.0,81.0,183.0,1,5,10,6,2,0,1,1,1,0,0,3.0,11.0,1,2257.0,1202.0,0.5325653522374834,0.027415397322838472,21,0.23809523809523808,0.47619047619047616,2.5,0,37,3,0.6
3286,1967,PhD,Divorced,26642.0,1,0,2014-01-03,71,13.0,2.0,15.0,2.0,2.0,8.0,2,2,0,3,6,0,0,0,0,0,0,3.0,11.0,0,42.0,23.0,0.5476190476190477,0.0015764582238570678,5,0.4,0.0,0.3333333333333333,1,47,0,0.0
8602,1964,Graduation,Divorced,69932.0,0,1,2013-12-06,97,412.0,172.0,153.0,150.0,105.0,57.0,2,7,6,11,4,0,0,0,0,0,0,3.0,11.0,0,1049.0,574.0,0.5471877979027645,0.015000285992106618,24,0.2916666666666667,0.25,1.75,1,50,0,0.0
3722,1972,Graduation,Single,44503.0,1,1,1970-01-01,83,31.0,1.0,8.0,0.0,0.0,8.0,2,2,0,3,6,0,0,0,0,0,0,3.0,11.0,0,48.0,39.0,0.8125,0.001078578972204121,5,0.4,0.0,0.3333333333333333,2,42,0,0.0
6715,1948,PhD,Single,60200.0,0,1,2013-02-01,3,502.0,19.0,132.0,0.0,6.0,26.0,6,6,2,11,6,0,0,0,0,0,0,3.0,11.0,0,685.0,534.0,0.7795620437956204,0.011378737541528239,19,0.3157894736842105,0.10526315789473684,1.0,1,66,0,0.0
4796,1952,Graduation,Divorced,49638.0,0,1,1970-01-01,71,18.0,10.0,3.0,3.0,5.0,0.0,1,1,0,3,2,0,0,0,0,0,0,3.0,11.0,0,39.0,23.0,0.5897435897435898,0.0007856883838994319,4,0.25,0.0,0.5,1,62,0,0.0
9612,1987,2n Cycle,Single,23830.0,0,0,2014-07-02,3,1.0,8.0,6.0,4.0,8.0,16.0,1,1,0,3,7,0,0,0,0,0,0,3.0,11.0,0,43.0,25.0,0.5813953488372093,0.00180444817456987,4,0.25,0.0,0.14285714285714285,0,27,0,0.0
3766,1959,Master,Widow,33051.0,0,0,1970-01-01,15,100.0,71.0,243.0,108.0,94.0,219.0,3,9,1,8,9,0,0,0,0,0,0,3.0,11.0,1,835.0,413.0,0.4946107784431138,0.025263985961090436,18,0.5,0.05555555555555555,1.0,0,55,0,0.0
1399,1958,Graduation,Married,72905.0,0,0,1970-01-01,52,407.0,114.0,445.0,181.0,165.0,203.0,1,3,7,9,1,0,0,0,1,0,0,3.0,11.0,0,1515.0,775.0,0.5115511551155115,0.020780467731979974,19,0.15789473684210525,0.3684210526315789,3.0,0,56,1,0.2
1570,1951,PhD,Together,69702.0,0,1,1970-01-01,8,664.0,9.0,240.0,50.0,19.0,57.0,2,7,7,10,4,0,0,0,0,0,0,3.0,11.0,0,1039.0,740.0,0.7122232916265641,0.014906315457232217,24,0.2916666666666667,0.2916666666666667,1.75,1,63,0,0.0
3426,1975,Graduation,Divorced,70300.0,1,0,1970-01-01,89,1045.0,61.0,338.0,60.0,46.0,46.0,3,5,5,13,8,0,0,0,0,0,0,3.0,11.0,0,1596.0,1137.0,0.7124060150375939,0.022702702702702703,23,0.21739130434782608,0.21739130434782608,0.625,1,39,0,0.0
3074,1984,PhD,Married,70643.0,0,0,1970-01-01,66,1218.0,107.0,304.0,23.0,143.0,33.0,1,5,8,4,6,0,0,0,0,0,0,3.0,11.0,1,1828.0,1394.0,0.762582056892779,0.02587659074501366,17,0.29411764705882354,0.47058823529411764,0.8333333333333334,0,30,0,0.0
8341,1969,PhD,Married,30396.0,1,0,1970-01-01,22,15.0,0.0,6.0,0.0,1.0,12.0,2,1,1,2,7,1,0,0,0,0,0,3.0,11.0,1,34.0,28.0,0.8235294117647058,0.0011185682326621924,4,0.25,0.25,0.14285714285714285,1,45,1,0.2
5180,1968,PhD,Divorced,50616.0,0,1,1970-01-01,56,128.0,0.0,16.0,0.0,1.0,4.0,2,4,0,4,7,0,0,0,0,0,0,3.0,11.0,0,149.0,133.0,0.8926174496644296,0.0029437332068911015,8,0.5,0.0,0.5714285714285714,1,46,0,0.0
6461,1969,Master,Single,62772.0,0,1,1970-01-01,74,581.0,49.0,157.0,43.0,8.0,108.0,1,5,6,11,2,0,1,0,0,0,0,3.0,11.0,0,946.0,697.0,0.7367864693446089,0.01507041356018607,22,0.22727272727272727,0.2727272727272727,2.5,1,45,1,0.2
7679,1985,PhD,Single,30298.0,0,0,1970-01-01,48,6.0,3.0,12.0,6.0,1.0,0.0,1,1,1,3,3,0,0,0,0,0,0,3.0,11.0,0,28.0,7.0,0.25,0.0009241534094659714,5,0.2,0.2,0.3333333333333333,0,29,0,0.0
10702,1984,Graduation,Single,52413.0,1,0,2012-03-11,67,185.0,8.0,133.0,56.0,56.0,12.0,2,7,1,7,7,0,0,0,0,0,0,3.0,11.0,0,450.0,253.0,0.5622222222222222,0.008585656230324538,15,0.4666666666666667,0.06666666666666667,1.0,1,30,0,0.0
7505,1957,PhD,Married,44155.0,1,1,1970-01-01,24,22.0,1.0,9.0,0.0,0.0,14.0,1,1,1,2,4,0,0,0,0,0,0,3.0,11.0,0,46.0,36.0,0.782608695652174,0.0010417846223530745,4,0.25,0.25,0.25,2,57,0,0.0
5113,1971,PhD,Divorced,86979.0,0,0,2013-07-11,67,584.0,100.0,835.0,65.0,83.0,35.0,1,5,5,5,2,1,0,0,0,0,0,3.0,11.0,1,1702.0,702.0,0.41245593419506466,0.019567941687073893,15,0.3333333333333333,0.3333333333333333,2.5,0,43,1,0.2
10858,1975,Graduation,Together,76532.0,1,1,2013-09-09,38,355.0,30.0,177.0,90.0,138.0,30.0,4,9,5,7,5,0,0,0,0,0,0,3.0,11.0,0,820.0,523.0,0.6378048780487805,0.010714472377567553,21,0.42857142857142855,0.23809523809523808,1.8,2,39,0,0.0
2961,1982,Graduation,Married,42081.0,1,0,1970-01-01,86,175.0,10.0,110.0,54.0,6.0,27.0,2,6,3,4,6,1,0,0,0,0,0,3.0,11.0,0,382.0,208.0,0.5445026178010471,0.009077731042513248,13,0.46153846153846156,0.23076923076923078,1.0,1,32,1,0.2
2747,1988,PhD,Married,67546.0,0,0,1970-01-01,90,864.0,134.0,768.0,150.0,38.0,172.0,1,4,10,5,3,0,0,0,0,0,0,3.0,11.0,0,2126.0,1074.0,0.5051740357478833,0.03147484677108933,19,0.21052631578947367,0.5263157894736842,1.3333333333333333,0,26,0,0.0
3010,1989,Master,Together,88420.0,0,0,2014-02-05,87,957.0,153.0,612.0,99.0,95.0,153.0,1,4,7,8,1,1,0,1,1,0,0,3.0,11.0,0,2069.0,1205.0,0.5824069598840019,0.023399683329563447,19,0.21052631578947367,0.3684210526315789,4.0,0,25,3,0.6
5790,1985,Graduation,Married,31158.0,1,0,1970-01-01,62,25.0,6.0,16.0,20.0,0.0,5.0,2,2,0,3,8,0,0,0,0,0,0,3.0,11.0,0,72.0,30.0,0.4166666666666667,0.002310803004043905,5,0.4,0.0,0.25,1,29,0,0.0
6892,1968,Graduation,Divorced,61671.0,0,1,2014-03-06,23,641.0,7.0,56.0,0.0,0.0,28.0,8,10,4,6,8,0,1,0,1,0,0,3.0,11.0,0,732.0,669.0,0.9139344262295082,0.011869436201780416,20,0.5,0.2,1.25,1,46,2,0.4
1743,1974,Graduation,Single,69719.0,0,0,1970-01-01,99,273.0,86.0,208.0,177.0,14.0,43.0,1,2,3,5,1,0,0,0,0,0,0,3.0,11.0,0,801.0,330.0,0.41198501872659177,0.011488977179821856,10,0.2,0.3,2.0,0,40,0,0.0
3578,1949,Graduation,Divorced,49160.0,0,1,1970-01-01,29,122.0,21.0,43.0,25.0,10.0,15.0,2,3,1,6,6,0,0,0,0,0,0,3.0,11.0,0,236.0,147.0,0.6228813559322034,0.004800650935720098,10,0.3,0.1,0.5,1,65,0,0.0
8462,1978,Basic,Together,24882.0,1,0,2012-09-09,52,1.0,4.0,10.0,29.0,0.0,36.0,1,1,1,2,6,1,0,0,0,0,0,3.0,11.0,0,80.0,37.0,0.4625,0.0032151756289687324,4,0.25,0.25,0.16666666666666666,1,36,1,0.2
5558,1954,PhD,Single,90933.0,0,0,1970-01-01,90,1020.0,31.0,430.0,62.0,63.0,79.0,1,4,6,4,1,0,0,1,0,0,0,3.0,11.0,0,1685.0,1162.0,0.6896142433234421,0.018530126576710326,14,0.2857142857142857,0.42857142857142855,4.0,0,60,1,0.2
4619,1945,PhD,Single,113734.0,0,0,1970-01-01,9,6.0,2.0,3.0,1.0,262.0,3.0,0,27,0,0,1,0,0,0,0,0,0,3.0,11.0,0,277.0,271.0,0.9783393501805054,0.0024355074120315824,27,1.0,0.0,27.0,0,69,0,0.0
8780,1950,PhD,Together,59292.0,0,1,1970-01-01,71,378.0,14.0,68.0,19.0,14.0,14.0,2,3,5,8,3,0,0,0,0,0,0,3.0,11.0,0,507.0,406.0,0.8007889546351085,0.00855090062740336,16,0.1875,0.3125,1.0,1,64,0,0.0
10789,1964,PhD,Married,45759.0,1,1,1970-01-01,13,42.0,1.0,18.0,3.0,0.0,4.0,2,2,0,3,7,0,0,0,0,0,0,3.0,11.0,0,68.0,46.0,0.6764705882352942,0.0014860464608055246,5,0.4,0.0,0.2857142857142857,2,50,0,0.0
10779,1983,Graduation,Single,22148.0,0,0,1970-01-01,16,15.0,5.0,14.0,0.0,4.0,11.0,1,1,0,3,7,0,0,0,0,0,0,3.0,11.0,0,49.0,30.0,0.6122448979591837,0.0022123893805309734,4,0.25,0.0,0.14285714285714285,0,31,0,0.0
5896,1987,Master,Married,73395.0,0,0,1970-01-01,94,272.0,7.0,80.0,20.0,7.0,11.0,1,4,4,6,2,0,0,0,0,0,0,3.0,11.0,0,397.0,290.0,0.7304785894206549,0.005409087812521289,14,0.2857142857142857,0.2857142857142857,2.0,0,27,0,0.0
2337,1971,Graduation,Divorced,29819.0,1,0,1970-01-01,77,9.0,1.0,24.0,2.0,1.0,2.0,3,3,0,3,6,0,0,0,0,0,0,3.0,11.0,0,39.0,12.0,0.3076923076923077,0.001307890942016835,6,0.5,0.0,0.5,1,43,0,0.0
10951,1968,Graduation,Married,45688.0,0,1,1970-01-01,20,279.0,0.0,18.0,0.0,0.0,9.0,2,3,1,8,4,0,1,0,0,0,0,3.0,11.0,0,306.0,288.0,0.9411764705882353,0.0066976011206443704,12,0.25,0.08333333333333333,0.75,1,46,1,0.2
544,1954,Graduation,Married,62820.0,0,0,2013-11-05,51,398.0,61.0,265.0,138.0,61.0,53.0,1,3,4,6,1,0,0,0,0,0,0,3.0,11.0,0,976.0,512.0,0.5245901639344263,0.015536453358802929,13,0.23076923076923078,0.3076923076923077,3.0,0,60,0,0.0
17,1971,PhD,Married,60491.0,0,1,2013-06-09,81,637.0,47.0,237.0,12.0,19.0,76.0,4,6,11,7,5,0,0,0,0,0,0,3.0,11.0,0,1028.0,732.0,0.7120622568093385,0.016994263609462566,24,0.25,0.4583333333333333,1.2,1,43,0,0.0
10680,1986,Graduation,Together,33235.0,1,0,2014-05-02,71,45.0,0.0,16.0,2.0,1.0,6.0,1,3,0,3,7,0,0,0,0,0,0,3.0,11.0,0,70.0,52.0,0.7428571428571429,0.0021062133293214985,6,0.5,0.0,0.42857142857142855,1,28,0,0.0
3265,1959,Graduation,Married,35701.0,0,0,1970-01-01,36,21.0,1.0,9.0,7.0,3.0,5.0,1,1,0,3,6,0,0,0,0,0,0,3.0,11.0,0,46.0,29.0,0.6304347826086957,0.0012884793143049214,4,0.25,0.0,0.16666666666666666,0,55,0,0.0
5623,1980,Master,Married,31535.0,1,0,1970-01-01,95,15.0,4.0,13.0,0.0,0.0,19.0,1,1,1,2,7,1,0,0,0,0,0,3.0,11.0,0,51.0,34.0,0.6666666666666666,0.0016172506738544475,4,0.25,0.25,0.14285714285714285,1,34,1,0.2
5832,1960,2n Cycle,Together,92556.0,0,0,1970-01-01,32,493.0,183.0,352.0,184.0,23.0,28.0,0,3,5,13,0,0,0,0,0,0,0,3.0,11.0,0,1263.0,544.0,0.4307205067300079,0.013645792817321405,21,0.14285714285714285,0.23809523809523808,,0,54,0,0.0
5544,1970,Graduation,Single,67384.0,0,1,2012-10-11,32,957.0,40.0,175.0,158.0,53.0,107.0,2,7,8,5,5,0,1,0,0,0,0,3.0,11.0,0,1490.0,1117.0,0.7496644295302013,0.022112074082868336,20,0.35,0.4,1.4,1,44,1,0.2
6417,1971,Master,Together,80573.0,0,0,1970-01-01,85,829.0,138.0,430.0,60.0,92.0,15.0,1,4,6,13,2,0,0,0,0,0,0,3.0,11.0,0,1564.0,936.0,0.59846547314578,0.01941096893500304,23,0.17391304347826086,0.2608695652173913,2.0,0,43,0,0.0
5831,1967,Graduation,Married,77870.0,0,1,1970-01-01,93,1017.0,50.0,500.0,65.0,50.0,133.0,3,5,5,5,8,0,1,0,1,0,0,3.0,11.0,1,1815.0,1200.0,0.6611570247933884,0.023308077565172725,15,0.3333333333333333,0.3333333333333333,0.625,1,47,2,0.4
7101,1963,PhD,Widow,52278.0,0,1,1970-01-01,24,953.0,0.0,71.0,0.0,0.0,174.0,6,10,5,10,8,0,0,0,0,0,0,3.0,11.0,0,1198.0,1127.0,0.9407345575959933,0.02291594934771797,25,0.4,0.2,1.25,1,51,0,0.0
10176,1968,Graduation,Single,57107.0,0,1,1970-01-01,44,159.0,0.0,120.0,0.0,0.0,137.0,7,4,4,8,8,0,1,0,0,1,0,3.0,11.0,1,416.0,296.0,0.7115384615384616,0.007284571068345387,16,0.25,0.25,0.5,1,46,2,0.4
2326,1990,Graduation,Married,18929.0,0,0,1970-01-01,15,32.0,0.0,8.0,23.0,4.0,18.0,1,1,0,4,6,0,0,0,0,0,0,3.0,11.0,0,85.0,54.0,0.6352941176470588,0.004490464366844524,5,0.2,0.0,0.16666666666666666,0,24,0,0.0
4385,1981,PhD,Single,36038.0,1,0,1970-01-01,82,23.0,0.0,15.0,0.0,2.0,7.0,2,3,0,3,6,0,0,0,0,0,0,3.0,11.0,0,47.0,32.0,0.6808510638297872,0.0013041789222487375,6,0.5,0.0,0.5,1,33,0,0.0
2929,1976,Graduation,Single,20180.0,0,0,1970-01-01,27,18.0,42.0,24.0,15.0,20.0,18.0,1,2,1,4,7,0,0,0,0,0,0,3.0,11.0,0,137.0,56.0,0.40875912408759124,0.006788899900891972,7,0.2857142857142857,0.14285714285714285,0.2857142857142857,0,38,0,0.0
10686,1965,PhD,Together,34230.0,1,1,1970-01-01,72,15.0,0.0,4.0,0.0,0.0,2.0,1,1,0,2,7,0,0,0,0,0,0,3.0,11.0,0,21.0,17.0,0.8095238095238095,0.0006134969325153375,3,0.3333333333333333,0.0,0.14285714285714285,2,49,0,0.0
2546,1977,2n Cycle,Single,31878.0,0,1,1970-01-01,7,23.0,4.0,5.0,10.0,5.0,23.0,1,1,0,4,3,0,0,0,0,0,0,3.0,11.0,0,70.0,51.0,0.7285714285714285,0.0021958717610891525,5,0.2,0.0,0.3333333333333333,1,37,0,0.0
3283,1972,2n Cycle,Married,70932.0,0,1,1970-01-01,57,200.0,193.0,100.0,46.0,185.0,185.0,2,6,2,12,3,0,0,0,0,0,0,3.0,11.0,0,909.0,570.0,0.6270627062706271,0.012815090509220098,20,0.3,0.1,2.0,1,42,0,0.0
3138,1956,Graduation,Single,91249.0,0,0,1970-01-01,84,1324.0,27.0,119.0,71.0,108.0,27.0,0,7,9,6,4,0,1,1,1,1,0,3.0,11.0,1,1676.0,1459.0,0.8705250596658711,0.018367324573419982,22,0.3181818181818182,0.4090909090909091,1.75,0,58,4,0.8
4994,1943,Master,Single,77598.0,0,0,2013-01-10,53,1193.0,33.0,281.0,129.0,66.0,33.0,1,7,5,13,3,0,0,1,0,0,0,3.0,11.0,0,1735.0,1292.0,0.7446685878962536,0.022358823681022707,25,0.28,0.2,2.3333333333333335,0,71,1,0.2
7966,1959,Graduation,Single,80982.0,1,1,2013-08-01,48,505.0,137.0,401.0,104.0,22.0,22.0,3,11,5,11,5,0,0,0,0,0,1,3.0,11.0,0,1191.0,549.0,0.4609571788413098,0.014706971919685856,27,0.4074074074074074,0.18518518518518517,2.2,2,55,0,0.0
3112,1977,Master,Married,22701.0,1,0,2013-05-09,2,2.0,4.0,9.0,0.0,4.0,5.0,1,1,0,3,5,0,0,0,0,0,0,3.0,11.0,0,24.0,11.0,0.4583333333333333,0.0010572221488040175,4,0.25,0.0,0.2,1,37,0,0.0
10872,1969,PhD,Married,55212.0,0,1,1970-01-01,65,1103.0,0.0,45.0,0.0,0.0,34.0,3,4,2,11,8,0,1,0,0,1,0,3.0,11.0,0,1182.0,1137.0,0.9619289340101523,0.021408389480547706,17,0.23529411764705882,0.11764705882352941,0.5,1,45,2,0.4
2181,1970,Graduation,Married,70617.0,0,0,1970-01-01,45,353.0,61.0,753.0,40.0,46.0,27.0,1,3,3,7,2,0,0,0,0,0,0,3.0,11.0,0,1280.0,426.0,0.3328125,0.01812594700992679,13,0.23076923076923078,0.23076923076923078,1.5,0,44,0,0.0
1867,1957,Graduation,Single,64849.0,0,0,1970-01-01,42,652.0,48.0,350.0,94.0,84.0,108.0,1,9,3,6,5,0,0,0,0,0,0,3.0,11.0,1,1336.0,844.0,0.6317365269461078,0.020601705500470323,18,0.5,0.16666666666666666,1.8,0,57,0,0.0
1518,1965,Master,Married,62694.0,1,1,1970-01-01,29,379.0,6.0,157.0,25.0,91.0,91.0,5,9,3,7,7,0,0,0,0,0,0,3.0,11.0,0,749.0,561.0,0.7489986648865153,0.011946916770344849,19,0.47368421052631576,0.15789473684210525,1.2857142857142858,2,49,0,0.0
5734,1974,PhD,Married,61917.0,1,1,1970-01-01,83,46.0,4.0,36.0,2.0,2.0,1.0,1,2,0,4,5,0,0,0,0,0,0,3.0,11.0,0,91.0,49.0,0.5384615384615384,0.0014697094497472423,6,0.3333333333333333,0.0,0.4,2,40,0,0.0
2878,1947,PhD,Married,67472.0,0,1,1970-01-01,93,162.0,31.0,127.0,8.0,17.0,69.0,2,4,2,7,3,0,0,0,0,0,0,3.0,11.0,0,414.0,248.0,0.5990338164251208,0.0061358785866729906,13,0.3076923076923077,0.15384615384615385,1.3333333333333333,1,67,0,0.0
1458,1982,Master,Married,21059.0,1,0,2014-07-01,40,8.0,3.0,19.0,3.0,3.0,8.0,3,3,0,3,6,0,0,0,0,0,0,3.0,11.0,0,44.0,19.0,0.4318181818181818,0.0020893679661902276,6,0.5,0.0,0.5,1,32,0,0.0
7007,1968,Master,Married,29543.0,2,0,2014-01-04,47,17.0,3.0,18.0,3.0,4.0,18.0,2,3,1,2,7,0,0,0,0,0,0,3.0,11.0,0,63.0,39.0,0.6190476190476191,0.0021324848525877535,6,0.5,0.16666666666666666,0.42857142857142855,2,46,0,0.0
6200,1951,Graduation,Married,75903.0,0,1,2013-08-04,50,340.0,108.0,185.0,130.0,38.0,100.0,2,6,6,9,3,0,0,0,0,0,0,3.0,11.0,0,901.0,478.0,0.5305216426193119,0.01187041355414147,21,0.2857142857142857,0.2857142857142857,2.0,1,63,0,0.0
1403,1975,2n Cycle,Together,34984.0,1,1,2012-06-09,40,8.0,4.0,15.0,3.0,5.0,3.0,2,1,0,3,7,0,0,0,0,0,0,3.0,11.0,0,38.0,16.0,0.42105263157894735,0.0010862108392407958,4,0.25,0.0,0.14285714285714285,2,39,0,0.0
4827,1956,PhD,Single,54998.0,0,1,2013-10-03,3,154.0,22.0,202.0,39.0,30.0,8.0,5,4,2,9,4,0,0,0,0,0,0,3.0,11.0,1,455.0,192.0,0.421978021978022,0.008273028110113096,15,0.26666666666666666,0.13333333333333333,1.0,1,58,0,0.0
6250,1949,PhD,Widow,54356.0,0,1,1970-01-01,62,710.0,15.0,30.0,20.0,0.0,0.0,3,11,2,8,8,0,0,0,0,0,0,3.0,11.0,1,775.0,710.0,0.9161290322580645,0.014257855618514975,21,0.5238095238095238,0.09523809523809523,1.375,1,65,0,0.0
9291,1959,Master,Married,34242.0,0,1,1970-01-01,25,8.0,2.0,4.0,0.0,0.0,1.0,1,0,0,3,5,0,0,0,0,0,0,3.0,11.0,0,15.0,9.0,0.6,0.0004380585246188891,3,0.0,0.0,0.0,1,55,0,0.0
2478,1973,Graduation,Married,25410.0,1,0,1970-01-01,48,2.0,2.0,4.0,13.0,13.0,4.0,1,1,0,4,4,0,0,0,0,0,0,3.0,11.0,0,38.0,19.0,0.5,0.0014954742227469501,5,0.2,0.0,0.25,1,41,0,0.0
1139,1984,PhD,Married,73356.0,0,0,2014-06-02,56,1050.0,14.0,322.0,0.0,14.0,112.0,1,5,11,5,2,1,0,1,1,0,0,3.0,11.0,1,1512.0,1176.0,0.7777777777777778,0.02061181089481433,21,0.23809523809523808,0.5238095238095238,2.5,0,30,3,0.6
5138,1950,Graduation,Together,28320.0,0,1,1970-01-01,68,19.0,1.0,14.0,3.0,2.0,4.0,1,1,0,3,8,0,0,0,0,0,0,3.0,11.0,0,43.0,25.0,0.5813953488372093,0.001518361581920904,4,0.25,0.0,0.125,1,64,0,0.0
5393,1977,Graduation,Single,23763.0,1,0,2012-07-08,64,22.0,0.0,6.0,6.0,2.0,6.0,1,1,0,3,7,0,0,0,0,0,0,3.0,11.0,0,42.0,30.0,0.7142857142857143,0.001767453604342886,4,0.25,0.0,0.14285714285714285,1,37,0,0.0
10413,1984,Graduation,Married,72570.0,0,0,1970-01-01,67,274.0,83.0,216.0,151.0,141.0,224.0,1,4,6,12,1,0,0,0,0,0,0,3.0,11.0,0,1089.0,639.0,0.5867768595041323,0.015006200909466721,22,0.18181818181818182,0.2727272727272727,4.0,0,30,0,0.0
5015,1976,Master,Married,34529.0,1,0,1970-01-01,94,68.0,6.0,38.0,3.0,6.0,41.0,2,2,2,3,7,0,0,0,0,0,0,3.0,11.0,0,162.0,115.0,0.7098765432098766,0.004691708419010107,7,0.2857142857142857,0.2857142857142857,0.2857142857142857,1,38,0,0.0
10868,1951,Graduation,Widow,70792.0,0,0,2013-06-02,82,344.0,45.0,654.0,104.0,11.0,114.0,2,3,4,10,3,0,0,0,0,0,0,3.0,11.0,0,1272.0,469.0,0.3687106918238994,0.017968131992315516,17,0.17647058823529413,0.23529411764705882,1.0,0,63,0,0.0
10676,1982,Graduation,Married,63211.0,0,0,2012-02-11,3,145.0,193.0,459.0,205.0,26.0,145.0,2,3,8,7,2,0,0,0,0,0,0,3.0,11.0,1,1173.0,316.0,0.2693947144075021,0.01855689674265555,18,0.16666666666666666,0.4444444444444444,1.5,0,32,0,0.0
2495,1974,Master,Married,83891.0,0,1,1970-01-01,24,217.0,38.0,350.0,111.0,85.0,15.0,1,4,7,10,1,0,0,0,0,0,0,3.0,11.0,0,816.0,317.0,0.38848039215686275,0.009726907534777271,21,0.19047619047619047,0.3333333333333333,4.0,1,40,0,0.0
7842,1968,Graduation,Single,36065.0,1,1,1970-01-01,54,18.0,7.0,34.0,10.0,2.0,3.0,3,3,0,3,8,0,0,0,0,0,0,3.0,11.0,0,74.0,23.0,0.3108108108108108,0.002051850824899487,6,0.5,0.0,0.375,2,46,0,0.0
9955,1954,Graduation,Together,39898.0,0,1,2013-12-02,20,69.0,8.0,26.0,12.0,7.0,12.0,2,3,0,4,7,0,0,0,0,0,0,3.0,11.0,0,134.0,88.0,0.6567164179104478,0.0033585643390646146,7,0.42857142857142855,0.0,0.42857142857142855,1,60,0,0.0
6663,1940,PhD,Single,51141.0,0,0,2013-08-07,96,144.0,0.0,7.0,0.0,0.0,6.0,1,3,1,4,5,0,0,0,0,0,0,3.0,11.0,0,157.0,150.0,0.9554140127388535,0.0030699438806437106,8,0.375,0.125,0.6,0,74,0,0.0
2162,1976,Graduation,Married,56939.0,0,1,1970-01-01,19,256.0,34.0,103.0,90.0,29.0,49.0,2,3,3,10,3,0,0,0,0,0,0,3.0,11.0,0,561.0,334.0,0.5953654188948306,0.00985264932647219,16,0.1875,0.1875,1.0,1,38,0,0.0
3434,1951,Graduation,Single,80872.0,0,0,2014-12-05,60,483.0,72.0,567.0,94.0,12.0,108.0,1,4,4,10,1,0,0,0,0,0,0,3.0,11.0,0,1336.0,603.0,0.4513473053892216,0.016519932733208034,18,0.2222222222222222,0.2222222222222222,4.0,0,63,0,0.0
7919,1976,PhD,Together,72335.0,0,0,1970-01-01,2,1285.0,105.0,653.0,28.0,21.0,0.0,1,10,4,8,8,0,0,0,0,0,0,3.0,11.0,1,2092.0,1306.0,0.624282982791587,0.028920992603857054,22,0.45454545454545453,0.18181818181818182,1.25,0,38,0,0.0
5626,1964,PhD,Single,61798.0,0,0,1970-01-01,13,338.0,4.0,89.0,11.0,8.0,13.0,1,4,2,9,4,0,0,0,0,0,0,3.0,11.0,0,463.0,359.0,0.775377969762419,0.00749215184957442,15,0.26666666666666666,0.13333333333333333,1.0,0,50,0,0.0
6428,1950,PhD,Widow,76842.0,0,0,2014-03-05,37,605.0,10.0,345.0,84.0,54.0,32.0,1,1,8,7,0,0,0,0,0,0,0,3.0,11.0,0,1130.0,691.0,0.6115044247787611,0.01470549959657479,16,0.0625,0.5,,0,64,0,0.0
8514,1976,Graduation,Together,29478.0,1,0,1970-01-01,59,8.0,0.0,7.0,3.0,1.0,1.0,1,1,0,3,6,0,0,0,0,0,0,3.0,11.0,0,20.0,10.0,0.5,0.000678472080873872,4,0.25,0.0,0.16666666666666666,1,38,0,0.0
10448,1956,Graduation,Single,46998.0,0,1,1970-01-01,55,172.0,41.0,86.0,45.0,6.0,27.0,5,5,3,5,7,1,0,0,0,0,0,3.0,11.0,0,377.0,205.0,0.5437665782493368,0.008021617941188986,13,0.38461538461538464,0.23076923076923078,0.7142857142857143,1,58,1,0.2
2109,1990,Graduation,Single,96843.0,0,0,1970-01-01,60,448.0,71.0,951.0,40.0,17.0,17.0,1,6,11,10,2,0,0,1,0,0,0,3.0,11.0,1,1544.0,482.0,0.3121761658031088,0.015943330958355276,27,0.2222222222222222,0.4074074074074074,3.0,0,24,1,0.2
7530,1950,PhD,Widow,56551.0,1,1,2014-07-05,48,67.0,4.0,32.0,17.0,2.0,16.0,3,2,1,4,4,0,0,0,0,0,0,3.0,11.0,0,138.0,85.0,0.6159420289855072,0.002440275149864724,7,0.2857142857142857,0.14285714285714285,0.5,2,64,0,0.0
8925,1965,Master,Married,70053.0,0,1,2013-03-07,38,512.0,53.0,98.0,81.0,179.0,89.0,3,8,5,10,5,0,0,0,0,0,0,3.0,11.0,0,1012.0,780.0,0.7707509881422925,0.014446205016202019,23,0.34782608695652173,0.21739130434782608,1.6,1,49,0,0.0
3009,1962,PhD,Widow,71670.0,0,0,2013-09-07,8,1462.0,16.0,128.0,0.0,0.0,160.0,1,5,3,6,6,0,1,1,0,1,0,3.0,11.0,1,1766.0,1622.0,0.9184597961494904,0.024640714385377425,14,0.35714285714285715,0.21428571428571427,0.8333333333333334,0,52,3,0.6
6355,1978,Graduation,Married,44359.0,1,1,1970-01-01,19,20.0,0.0,14.0,7.0,3.0,1.0,3,2,0,4,3,0,0,0,0,0,0,3.0,11.0,0,45.0,24.0,0.5333333333333333,0.0010144502806645776,6,0.3333333333333333,0.0,0.6666666666666666,2,36,0,0.0
3517,1952,Graduation,Single,40887.0,1,1,2013-06-05,32,50.0,4.0,44.0,10.0,10.0,43.0,3,3,1,3,9,0,0,0,0,0,0,3.0,11.0,1,161.0,103.0,0.639751552795031,0.0039376819037835985,7,0.42857142857142855,0.14285714285714285,0.3333333333333333,2,62,0,0.0
1158,1966,Graduation,Divorced,48877.0,0,1,2014-05-01,27,102.0,1.0,15.0,2.0,0.0,24.0,1,3,0,4,7,0,0,0,0,0,0,3.0,11.0,0,144.0,126.0,0.875,0.0029461710006751644,7,0.42857142857142855,0.0,0.42857142857142855,1,48,0,0.0
6203,1947,Graduation,Together,74485.0,0,0,1970-01-01,58,499.0,149.0,815.0,173.0,49.0,49.0,1,6,7,12,3,0,0,0,0,0,0,3.0,11.0,0,1734.0,597.0,0.34429065743944637,0.023279855004363293,25,0.24,0.28,2.0,0,67,0,0.0
7165,1972,Graduation,Together,64474.0,0,1,1970-01-01,59,381.0,35.0,172.0,56.0,86.0,93.0,2,8,2,10,5,0,0,0,0,0,0,3.0,11.0,0,823.0,560.0,0.6804374240583232,0.012764835437540714,20,0.4,0.1,1.6,1,42,0,0.0
3595,1963,Graduation,Together,77226.0,0,1,1970-01-01,29,631.0,43.0,239.0,128.0,76.0,21.0,2,6,8,12,3,0,0,0,0,0,0,3.0,11.0,0,1138.0,728.0,0.6397188049209139,0.01473596975112009,26,0.23076923076923078,0.3076923076923077,2.0,1,51,0,0.0
8537,1949,Graduation,Widow,72643.0,0,0,1970-01-01,60,526.0,80.0,553.0,123.0,94.0,53.0,1,3,10,7,2,0,0,0,1,0,0,3.0,11.0,1,1429.0,673.0,0.4709587123862841,0.019671544402075906,20,0.15,0.5,1.5,0,65,1,0.2
4331,1978,Master,Together,85738.0,0,0,1970-01-01,41,913.0,26.0,376.0,17.0,26.0,13.0,1,3,6,11,1,0,1,1,0,0,0,3.0,11.0,0,1371.0,952.0,0.6943836615609045,0.015990575940656417,20,0.15,0.3,3.0,0,36,2,0.4
6281,1966,Graduation,Divorced,55686.0,0,1,1970-01-01,27,673.0,0.0,199.0,37.0,47.0,26.0,2,6,3,5,4,1,0,0,0,0,0,3.0,11.0,0,982.0,746.0,0.7596741344195519,0.017634593973350574,14,0.42857142857142855,0.21428571428571427,1.5,1,48,1,0.2
4338,1983,Graduation,Single,39062.0,1,0,1970-01-01,28,23.0,0.0,9.0,0.0,0.0,12.0,1,1,0,3,4,1,0,0,0,0,0,3.0,11.0,0,44.0,35.0,0.7954545454545454,0.0011264144181045517,4,0.25,0.0,0.25,1,31,1,0.2
2452,1971,Graduation,Together,34600.0,1,1,2013-01-01,8,199.0,33.0,60.0,8.0,3.0,15.0,5,5,2,5,8,0,0,0,0,0,0,3.0,11.0,1,318.0,217.0,0.6823899371069182,0.009190751445086706,12,0.4166666666666667,0.16666666666666666,0.625,2,43,0,0.0
9507,1975,Graduation,Married,40794.0,0,1,2013-07-04,18,261.0,23.0,73.0,4.0,23.0,50.0,2,6,3,5,7,0,0,0,0,0,0,3.0,11.0,0,434.0,334.0,0.7695852534562212,0.010638819434230524,14,0.42857142857142855,0.21428571428571427,0.8571428571428571,1,39,0,0.0
8360,1971,2n Cycle,Married,54690.0,1,1,2013-07-11,76,111.0,16.0,37.0,7.0,9.0,18.0,3,3,1,5,3,0,0,0,0,0,0,3.0,11.0,0,198.0,138.0,0.696969696969697,0.0036204059243006032,9,0.3333333333333333,0.1111111111111111,1.0,2,43,0,0.0
10311,1969,Graduation,Married,4428.0,0,1,2013-05-10,0,16.0,4.0,12.0,2.0,4.0,321.0,0,25,0,0,1,0,0,0,0,0,0,3.0,11.0,0,359.0,341.0,0.9498607242339833,0.08107497741644083,25,1.0,0.0,25.0,1,45,0,0.0
5117,1963,2n Cycle,Married,32632.0,0,0,2012-02-08,32,63.0,151.0,137.0,153.0,19.0,53.0,2,4,4,8,5,0,0,0,0,0,0,3.0,11.0,0,576.0,135.0,0.234375,0.017651385143417506,16,0.25,0.25,0.8,0,51,0,0.0
4867,1968,PhD,Single,38236.0,1,1,1970-01-01,2,58.0,0.0,18.0,2.0,0.0,10.0,4,3,0,4,7,0,0,0,0,0,0,3.0,11.0,0,88.0,68.0,0.7727272727272727,0.0023014959723820483,7,0.42857142857142855,0.0,0.42857142857142855,2,46,0,0.0
9289,1979,Graduation,Married,36781.0,1,0,2014-10-04,16,29.0,1.0,17.0,0.0,3.0,13.0,1,2,1,2,8,0,0,0,0,0,0,3.0,11.0,1,63.0,45.0,0.7142857142857143,0.0017128408689268916,5,0.4,0.2,0.25,1,35,0,0.0
10913,1984,Master,Single,31385.0,1,0,2012-05-12,56,3.0,2.0,12.0,0.0,1.0,9.0,1,1,0,2,8,1,0,0,0,0,0,3.0,11.0,1,27.0,13.0,0.48148148148148145,0.0008602835749561893,3,0.3333333333333333,0.0,0.125,1,30,1,0.2
3032,1984,Graduation,Married,24570.0,1,0,1970-01-01,97,28.0,34.0,62.0,11.0,14.0,44.0,3,4,0,4,9,0,0,0,0,0,0,3.0,11.0,0,193.0,86.0,0.44559585492227977,0.007855107855107854,8,0.5,0.0,0.4444444444444444,1,30,0,0.0
8524,1974,PhD,Divorced,25509.0,1,0,1970-01-01,15,40.0,3.0,30.0,10.0,7.0,11.0,3,3,0,3,9,0,0,0,0,0,0,3.0,11.0,1,101.0,58.0,0.5742574257425742,0.00395938688306088,6,0.5,0.0,0.3333333333333333,1,40,0,0.0
3334,1951,Graduation,Married,94642.0,0,0,2014-12-02,35,879.0,143.0,797.0,106.0,143.0,143.0,0,5,7,9,1,0,0,1,1,0,0,3.0,11.0,0,2211.0,1165.0,0.5269109000452284,0.023361721011812938,21,0.23809523809523808,0.3333333333333333,5.0,0,63,2,0.4
4470,1962,Master,Married,58646.0,0,1,2013-10-06,3,62.0,1.0,44.0,6.0,5.0,22.0,1,2,1,4,4,0,0,0,0,0,0,3.0,11.0,0,140.0,89.0,0.6357142857142857,0.0023872045834328003,7,0.2857142857142857,0.14285714285714285,0.5,1,52,0,0.0
1406,1975,Graduation,Single,53201.0,1,1,2013-12-02,49,280.0,7.0,81.0,20.0,0.0,27.0,8,6,3,5,7,0,0,0,0,0,0,3.0,11.0,0,415.0,307.0,0.7397590361445783,0.007800605251780982,14,0.42857142857142855,0.21428571428571427,0.8571428571428571,2,39,0,0.0
8619,1957,Graduation,Together,21994.0,0,1,1970-01-01,4,9.0,0.0,6.0,3.0,1.0,3.0,1,0,0,3,5,0,0,0,0,0,0,3.0,11.0,0,22.0,13.0,0.5909090909090909,0.0010002728016731835,3,0.0,0.0,0.0,1,57,0,0.0
10821,1978,Graduation,Married,57113.0,1,1,2013-06-02,45,182.0,4.0,33.0,0.0,2.0,42.0,6,4,1,5,7,0,0,0,0,0,0,3.0,11.0,0,263.0,226.0,0.8593155893536122,0.004604906063418136,10,0.4,0.1,0.5714285714285714,2,36,0,0.0
4552,1991,Graduation,Married,51373.0,0,0,1970-01-01,37,83.0,2.0,101.0,64.0,26.0,117.0,1,3,5,3,4,0,0,0,0,0,0,3.0,11.0,0,393.0,226.0,0.5750636132315522,0.007649932844100987,11,0.2727272727272727,0.45454545454545453,0.75,0,23,0,0.0
898,1986,Graduation,Married,23477.0,1,0,1970-01-01,39,38.0,15.0,54.0,3.0,8.0,29.0,3,3,0,4,8,0,0,0,0,0,0,3.0,11.0,0,147.0,75.0,0.5102040816326531,0.006261447374025642,7,0.42857142857142855,0.0,0.375,1,28,0,0.0
9797,1956,Graduation,Married,58116.0,0,1,1970-01-01,38,228.0,19.0,130.0,4.0,11.0,51.0,2,3,3,8,2,0,0,0,0,0,0,3.0,11.0,0,443.0,290.0,0.654627539503386,0.007622685663156446,14,0.21428571428571427,0.21428571428571427,1.5,1,58,0,0.0
10949,1963,PhD,Divorced,72968.0,0,0,1970-01-01,8,1092.0,37.0,592.0,145.0,37.0,55.0,1,5,5,8,3,0,0,0,1,0,0,3.0,11.0,1,1958.0,1184.0,0.6046986721144024,0.026833680517487118,18,0.2777777777777778,0.2777777777777778,1.6666666666666667,0,51,1,0.2
8212,1971,Master,Married,39791.0,0,1,1970-01-01,89,85.0,15.0,27.0,13.0,13.0,21.0,2,3,1,4,7,0,0,0,0,0,0,3.0,11.0,0,174.0,119.0,0.6839080459770115,0.0043728481314870195,8,0.375,0.125,0.42857142857142855,1,43,0,0.0
6248,1947,Master,Single,91712.0,0,0,1970-01-01,47,1276.0,24.0,746.0,94.0,29.0,48.0,0,9,7,11,3,0,0,1,0,0,0,3.0,11.0,1,2217.0,1353.0,0.6102841677943166,0.024173499651081648,27,0.3333333333333333,0.25925925925925924,3.0,0,67,1,0.2
10164,1958,Graduation,Single,94472.0,0,1,2014-03-04,75,1017.0,33.0,417.0,108.0,100.0,16.0,1,5,5,5,5,0,1,1,0,0,0,3.0,11.0,0,1691.0,1133.0,0.6700177409816677,0.017899483444830215,15,0.3333333333333333,0.3333333333333333,1.0,1,56,2,0.4
4547,1960,Graduation,Together,13672.0,1,1,1970-01-01,86,6.0,2.0,9.0,2.0,1.0,5.0,2,1,0,3,8,0,0,0,0,0,0,3.0,11.0,0,25.0,12.0,0.48,0.001828554710356934,4,0.25,0.0,0.125,2,54,0,0.0
6815,1980,2n Cycle,Married,96547.0,0,0,1970-01-01,4,448.0,21.0,125.0,52.0,101.0,62.0,0,7,6,8,2,1,0,1,1,0,0,3.0,11.0,1,809.0,611.0,0.7552533992583437,0.008379338560493853,21,0.3333333333333333,0.2857142857142857,3.5,0,34,3,0.6
4122,1975,Graduation,Married,79205.0,0,0,1970-01-01,73,504.0,23.0,117.0,179.0,28.0,44.0,1,6,5,4,4,0,0,0,1,0,0,3.0,11.0,1,895.0,576.0,0.6435754189944134,0.011299791679818193,15,0.4,0.3333333333333333,1.5,0,39,1,0.2
10841,1975,PhD,Together,56559.0,0,1,1970-01-01,46,226.0,22.0,133.0,41.0,31.0,31.0,3,4,3,8,4,0,0,0,0,0,0,3.0,11.0,0,484.0,288.0,0.5950413223140496,0.008557435598224862,15,0.26666666666666666,0.2,1.0,1,39,0,0.0
5370,1973,PhD,Married,32644.0,1,0,1970-01-01,38,239.0,3.0,141.0,0.0,7.0,23.0,4,7,1,6,8,1,0,0,0,0,0,3.0,11.0,0,413.0,269.0,0.6513317191283293,0.012651635828942532,14,0.5,0.07142857142857142,0.875,1,41,1,0.2
176,1980,2n Cycle,Single,67506.0,0,1,2014-02-01,73,90.0,38.0,67.0,33.0,36.0,67.0,1,4,1,6,3,0,0,0,0,0,0,3.0,11.0,0,331.0,193.0,0.5830815709969789,0.00490326785767191,11,0.36363636363636365,0.09090909090909091,1.3333333333333333,1,34,0,0.0
4860,1970,Graduation,Single,24206.0,1,0,2013-08-03,66,7.0,2.0,8.0,3.0,2.0,3.0,1,1,0,3,6,0,0,0,0,0,0,3.0,11.0,0,25.0,12.0,0.48,0.001032801784681484,4,0.25,0.0,0.16666666666666666,1,44,0,0.0
10757,1967,PhD,Divorced,28420.0,1,0,1970-01-01,36,4.0,2.0,5.0,2.0,0.0,0.0,1,1,0,2,6,0,0,0,0,0,0,3.0,11.0,0,13.0,4.0,0.3076923076923077,0.0004574243490499648,3,0.3333333333333333,0.0,0.16666666666666666,1,47,0,0.0
4023,1970,Graduation,Married,22979.0,1,0,2012-06-09,29,16.0,17.0,19.0,20.0,21.0,22.0,3,3,2,2,8,0,0,0,0,0,0,3.0,11.0,1,115.0,59.0,0.5130434782608696,0.005004569389442534,7,0.42857142857142855,0.2857142857142857,0.375,1,44,0,0.0
6679,1966,Graduation,Single,33279.0,0,0,2014-12-06,29,10.0,3.0,3.0,0.0,0.0,0.0,1,0,0,3,3,0,0,0,0,0,0,3.0,11.0,0,16.0,10.0,0.625,0.00048078367739415247,3,0.0,0.0,0.0,0,48,0,0.0
9923,1972,Master,Single,46423.0,1,1,1970-01-01,6,68.0,0.0,16.0,0.0,0.0,8.0,3,2,0,4,7,0,0,0,0,0,0,3.0,11.0,0,92.0,76.0,0.8260869565217391,0.0019817762746914243,6,0.3333333333333333,0.0,0.2857142857142857,2,42,0,0.0
7181,1977,Graduation,Married,30368.0,0,1,2013-07-11,97,35.0,0.0,13.0,2.0,0.0,2.0,2,2,0,3,8,0,0,0,0,0,0,3.0,11.0,0,52.0,37.0,0.7115384615384616,0.0017123287671232876,5,0.4,0.0,0.25,1,37,0,0.0
3599,1970,Graduation,Married,63684.0,0,1,1970-01-01,61,575.0,80.0,428.0,208.0,93.0,80.0,3,8,4,8,5,0,0,0,0,0,0,3.0,11.0,0,1464.0,748.0,0.5109289617486339,0.022988505747126436,20,0.4,0.2,1.6,1,44,0,0.0
405,1964,Graduation,Divorced,41638.0,0,1,1970-01-01,68,315.0,0.0,31.0,4.0,0.0,91.0,4,5,5,3,8,1,0,0,0,0,0,3.0,11.0,0,441.0,406.0,0.9206349206349206,0.010591286805322061,13,0.38461538461538464,0.38461538461538464,0.625,1,50,1,0.2
6870,1959,PhD,Divorced,68805.0,0,1,1970-01-01,73,182.0,2.0,49.0,17.0,13.0,20.0,1,3,1,7,2,0,0,0,0,0,0,3.0,11.0,0,283.0,215.0,0.7597173144876325,0.004113073177821379,11,0.2727272727272727,0.09090909090909091,1.5,1,55,0,0.0
832,1966,PhD,Together,65814.0,0,1,2014-02-03,90,561.0,14.0,113.0,10.0,14.0,35.0,3,8,2,10,5,0,0,0,0,0,0,3.0,11.0,0,747.0,610.0,0.8165997322623829,0.011350168657124625,20,0.4,0.1,1.6,1,48,0,0.0
2002,1958,Graduation,Divorced,71964.0,0,0,1970-01-01,81,587.0,51.0,932.0,180.0,34.0,86.0,1,5,6,5,3,0,0,0,0,0,0,3.0,11.0,0,1870.0,707.0,0.3780748663101604,0.02598521482963704,16,0.3125,0.375,1.6666666666666667,0,56,0,0.0
3657,1986,Graduation,Single,39146.0,1,0,1970-01-01,1,94.0,1.0,33.0,13.0,12.0,12.0,3,4,0,4,8,0,0,0,0,0,0,3.0,11.0,0,165.0,118.0,0.7151515151515152,0.0042149900372962755,8,0.5,0.0,0.5,1,28,0,0.0
500,1977,Graduation,Together,96876.0,0,0,2013-06-08,79,908.0,43.0,735.0,40.0,194.0,21.0,1,7,7,9,2,0,1,1,1,0,0,3.0,11.0,1,1941.0,1123.0,0.5785677485832046,0.020035922209835254,23,0.30434782608695654,0.30434782608695654,3.5,0,37,3,0.6
1951,1981,Basic,Married,34445.0,0,0,1970-01-01,92,228.0,122.0,122.0,208.0,129.0,30.0,6,11,2,8,9,0,0,0,0,0,0,3.0,11.0,0,839.0,387.0,0.4612634088200238,0.02435767165045725,21,0.5238095238095238,0.09523809523809523,1.2222222222222223,0,33,0,0.0
3262,1958,Graduation,Single,68281.0,0,0,2012-07-08,31,995.0,112.0,417.0,42.0,48.0,41.0,1,2,9,13,5,0,0,0,0,0,0,3.0,11.0,1,1655.0,1084.0,0.6549848942598188,0.02423807501354696,24,0.08333333333333333,0.375,0.4,0,56,0,0.0
4102,1975,2n Cycle,Married,37284.0,1,1,1970-01-01,46,11.0,1.0,2.0,2.0,1.0,6.0,1,0,0,3,6,0,0,0,0,0,0,3.0,11.0,0,23.0,18.0,0.782608695652174,0.0006168866001501985,3,0.0,0.0,0.0,2,39,0,0.0
7042,1983,Graduation,Married,36790.0,0,0,2013-01-03,14,3.0,3.0,14.0,15.0,21.0,10.0,1,2,1,2,9,0,0,0,0,0,0,3.0,11.0,1,66.0,34.0,0.5151515151515151,0.0017939657515629248,5,0.4,0.2,0.2222222222222222,0,31,0,0.0
10598,1967,Graduation,Together,27943.0,1,1,1970-01-01,89,12.0,1.0,16.0,4.0,1.0,3.0,3,2,0,3,8,0,0,0,0,0,0,3.0,11.0,0,37.0,16.0,0.43243243243243246,0.0013241241097949397,5,0.4,0.0,0.25,2,47,0,0.0
255,1951,Graduation,Divorced,22263.0,1,1,1970-01-01,31,17.0,0.0,2.0,0.0,0.0,2.0,2,1,0,3,6,0,0,0,0,0,1,3.0,11.0,0,21.0,19.0,0.9047619047619048,0.0009432691011992993,4,0.25,0.0,0.16666666666666666,2,63,0,0.0
2375,1972,Graduation,Together,30261.0,1,2,1970-01-01,75,8.0,0.0,5.0,0.0,3.0,6.0,1,0,0,3,8,0,0,0,0,0,0,3.0,11.0,0,22.0,17.0,0.7727272727272727,0.0007270083605961468,3,0.0,0.0,0.0,3,42,0,0.0
9829,1978,Graduation,Together,28587.0,1,0,2014-12-02,42,22.0,4.0,17.0,12.0,10.0,13.0,3,2,0,4,6,0,0,0,0,0,0,3.0,11.0,0,78.0,45.0,0.5769230769230769,0.002728512960436562,6,0.3333333333333333,0.0,0.3333333333333333,1,36,0,0.0
6214,1982,Master,Married,43815.0,1,0,2013-05-04,53,14.0,10.0,29.0,4.0,7.0,15.0,1,2,0,3,6,0,0,0,0,0,0,3.0,11.0,0,79.0,36.0,0.45569620253164556,0.0018030354901289512,5,0.4,0.0,0.3333333333333333,1,32,0,0.0
4954,1956,Graduation,Married,48195.0,1,1,1970-01-01,53,106.0,27.0,68.0,52.0,7.0,5.0,6,4,2,5,6,0,0,0,0,0,0,3.0,11.0,0,265.0,118.0,0.44528301886792454,0.005498495694574126,11,0.36363636363636365,0.18181818181818182,0.6666666666666666,2,58,0,0.0
7861,1952,Master,Married,77027.0,0,1,2014-05-02,23,820.0,57.0,242.0,45.0,0.0,11.0,2,8,3,6,4,0,0,0,0,0,0,3.0,11.0,0,1175.0,831.0,0.7072340425531914,0.015254391317330286,17,0.47058823529411764,0.17647058823529413,2.0,1,62,0,0.0
4837,1965,PhD,Married,71322.0,0,1,1970-01-01,57,753.0,43.0,226.0,69.0,10.0,204.0,2,8,5,13,4,0,0,0,0,0,0,3.0,11.0,0,1305.0,967.0,0.7409961685823755,0.018297299570959873,26,0.3076923076923077,0.19230769230769232,2.0,1,49,0,0.0
9423,1979,Master,Married,32765.0,1,0,1970-01-01,49,13.0,3.0,17.0,7.0,3.0,3.0,2,2,0,4,5,0,0,0,0,0,0,3.0,11.0,0,46.0,19.0,0.41304347826086957,0.001403937128032962,6,0.3333333333333333,0.0,0.4,1,35,0,0.0
4198,1965,Graduation,Together,29672.0,1,1,2013-12-03,6,9.0,1.0,3.0,0.0,4.0,8.0,1,0,0,3,6,0,0,0,0,0,0,3.0,11.0,0,25.0,21.0,0.84,0.0008425451604205986,3,0.0,0.0,0.0,2,49,0,0.0
153,1953,Graduation,Divorced,23272.0,0,0,1970-01-01,29,19.0,3.0,6.0,4.0,2.0,12.0,1,1,0,3,4,0,0,0,0,0,0,3.0,11.0,0,46.0,33.0,0.717391304347826,0.0019766242695084223,4,0.25,0.0,0.25,0,61,0,0.0
9323,1949,Master,Together,49912.0,0,1,2012-07-09,5,520.0,8.0,223.0,32.0,49.0,42.0,4,10,5,7,8,1,0,0,0,0,0,3.0,11.0,1,874.0,611.0,0.6990846681922197,0.017510819041513064,22,0.45454545454545453,0.22727272727272727,1.25,1,65,1,0.2
10001,1985,2n Cycle,Together,7500.0,1,0,2012-01-08,98,5.0,17.0,17.0,13.0,14.0,34.0,4,2,1,3,9,0,0,0,0,0,0,3.0,11.0,0,100.0,53.0,0.53,0.013333333333333334,6,0.3333333333333333,0.16666666666666666,0.2222222222222222,1,29,0,0.0
3945,1947,PhD,Widow,68117.0,0,1,2013-10-03,80,618.0,44.0,215.0,0.0,17.0,36.0,2,11,8,4,6,1,0,0,0,0,0,3.0,11.0,1,930.0,671.0,0.7215053763440861,0.013652979432447114,23,0.4782608695652174,0.34782608695652173,1.8333333333333333,1,67,1,0.2
3799,1955,Graduation,Married,67225.0,0,1,1970-01-01,4,315.0,35.0,322.0,46.0,7.0,143.0,3,7,2,11,5,0,0,0,0,0,0,3.0,11.0,0,868.0,465.0,0.5357142857142857,0.012911863146150986,20,0.35,0.1,1.4,1,59,0,0.0
8625,1976,Graduation,Married,17649.0,1,0,2013-12-11,70,15.0,1.0,23.0,0.0,5.0,1.0,3,3,0,3,8,0,0,0,0,0,0,3.0,11.0,0,45.0,21.0,0.4666666666666667,0.0025497195308516064,6,0.5,0.0,0.375,1,38,0,0.0
3491,1975,Graduation,Together,55914.0,0,1,1970-01-01,32,384.0,60.0,364.0,119.0,101.0,232.0,4,11,6,8,7,0,0,0,0,0,0,3.0,11.0,0,1260.0,717.0,0.569047619047619,0.022534606717458956,25,0.44,0.24,1.5714285714285714,1,39,0,0.0
983,1984,Graduation,Married,40059.0,1,0,1970-01-01,82,110.0,29.0,92.0,28.0,10.0,145.0,1,6,2,3,8,1,0,0,0,0,0,3.0,11.0,0,414.0,265.0,0.6400966183574879,0.010334756234554033,11,0.5454545454545454,0.18181818181818182,0.75,1,30,1,0.2
9119,1950,Graduation,Together,60905.0,0,1,2013-05-12,27,208.0,17.0,76.0,36.0,17.0,38.0,2,3,3,7,2,0,0,0,0,0,0,3.0,11.0,0,392.0,263.0,0.6709183673469388,0.00643625318118381,13,0.23076923076923078,0.23076923076923078,1.5,1,64,0,0.0
4786,1977,Graduation,Married,75330.0,1,1,2012-04-10,94,555.0,82.0,257.0,93.0,61.0,61.0,4,10,3,12,6,0,0,0,0,0,0,3.0,11.0,0,1109.0,677.0,0.6104598737601443,0.014721890349130493,25,0.4,0.12,1.6666666666666667,2,37,0,0.0
5872,1951,Graduation,Single,60689.0,0,1,2013-01-06,23,240.0,90.0,216.0,63.0,6.0,24.0,4,4,4,10,3,0,0,0,0,0,0,3.0,11.0,0,639.0,270.0,0.4225352112676056,0.01052909093904991,18,0.2222222222222222,0.2222222222222222,1.3333333333333333,1,63,0,0.0
6568,1984,Graduation,Married,38680.0,1,0,1970-01-01,97,11.0,0.0,36.0,15.0,5.0,12.0,1,2,0,3,7,0,0,0,0,0,0,3.0,11.0,0,79.0,28.0,0.35443037974683544,0.0020423991726990693,5,0.4,0.0,0.2857142857142857,1,30,0,0.0
5628,1982,Graduation,Together,61416.0,0,0,2013-08-02,25,848.0,154.0,323.0,201.0,61.0,78.0,1,10,3,10,6,1,0,0,0,0,0,3.0,11.0,0,1665.0,987.0,0.5927927927927928,0.027110199296600235,23,0.43478260869565216,0.13043478260869565,1.6666666666666667,0,32,1,0.2
5631,1991,Graduation,Single,49767.0,0,0,2013-02-05,92,202.0,47.0,197.0,55.0,42.0,149.0,1,5,4,8,4,0,0,0,0,0,0,3.0,11.0,0,692.0,393.0,0.5679190751445087,0.01390479635099564,17,0.29411764705882354,0.23529411764705882,1.25,0,23,0,0.0
4974,1970,Graduation,Single,83273.0,1,2,1970-01-01,98,433.0,89.0,650.0,16.0,102.0,102.0,10,4,6,9,7,0,0,0,0,0,0,3.0,11.0,0,1392.0,637.0,0.45761494252873564,0.016716102458179723,19,0.21052631578947367,0.3157894736842105,0.5714285714285714,3,44,0,0.0
8416,1981,Graduation,Married,29009.0,1,0,1970-01-01,19,6.0,6.0,15.0,10.0,5.0,2.0,2,2,0,3,6,0,0,0,0,0,0,3.0,11.0,0,44.0,13.0,0.29545454545454547,0.0015167706573821918,5,0.4,0.0,0.3333333333333333,1,33,0,0.0
5454,1979,Master,Married,45057.0,1,0,2013-01-12,80,37.0,0.0,7.0,3.0,0.0,3.0,1,2,0,3,5,0,0,0,0,0,0,3.0,11.0,0,50.0,40.0,0.8,0.0011097054841645027,5,0.4,0.0,0.4,1,35,0,0.0
4095,1971,Graduation,Married,37150.0,1,0,2012-11-09,80,167.0,37.0,64.0,49.0,34.0,116.0,8,4,3,6,7,0,0,0,0,0,0,3.0,11.0,0,467.0,317.0,0.6788008565310493,0.012570659488559892,13,0.3076923076923077,0.23076923076923078,0.5714285714285714,1,43,0,0.0
5474,1970,Graduation,Single,43020.0,1,0,1970-01-01,79,45.0,7.0,99.0,4.0,25.0,43.0,3,4,1,4,6,0,0,0,0,0,0,3.0,11.0,0,223.0,113.0,0.5067264573991032,0.0051836355183635515,9,0.4444444444444444,0.1111111111111111,0.6666666666666666,1,44,0,0.0
4268,1959,Graduation,Married,53154.0,0,1,2014-09-06,50,129.0,0.0,21.0,0.0,1.0,7.0,1,3,1,4,4,0,0,0,0,0,0,3.0,11.0,0,158.0,137.0,0.8670886075949367,0.00297249501448621,8,0.375,0.125,0.75,1,55,0,0.0
10701,1973,Graduation,Married,65308.0,0,0,2013-11-09,60,713.0,0.0,264.0,120.0,80.0,34.0,1,7,8,12,4,0,0,1,1,0,0,3.0,11.0,0,1211.0,827.0,0.6829066886870355,0.018542904391498746,27,0.25925925925925924,0.2962962962962963,1.75,0,41,2,0.4
3507,1970,Graduation,Single,76467.0,1,0,1970-01-01,44,676.0,161.0,426.0,210.0,44.0,58.0,2,2,5,5,6,0,0,0,0,0,0,3.0,11.0,1,1575.0,778.0,0.49396825396825395,0.020597120326415315,12,0.16666666666666666,0.4166666666666667,0.3333333333333333,1,44,0,0.0
2079,1947,2n Cycle,Married,81044.0,0,0,1970-01-01,0,450.0,26.0,535.0,73.0,98.0,26.0,1,5,6,10,1,0,0,0,0,0,0,3.0,11.0,0,1208.0,574.0,0.47516556291390727,0.014905483441093726,21,0.23809523809523808,0.2857142857142857,5.0,0,67,0,0.0
626,1951,Graduation,Married,32871.0,1,1,2013-09-03,28,22.0,2.0,12.0,0.0,2.0,5.0,1,1,0,3,4,0,0,0,0,0,0,3.0,11.0,0,43.0,29.0,0.6744186046511628,0.0013081439566791397,4,0.25,0.0,0.25,2,63,0,0.0
4426,1975,Graduation,Single,55801.0,1,1,1970-01-01,35,367.0,4.0,51.0,6.0,4.0,95.0,6,7,2,6,7,0,0,0,1,0,0,3.0,11.0,0,527.0,466.0,0.8842504743833017,0.009444275192200856,15,0.4666666666666667,0.13333333333333333,1.0,2,39,1,0.2
2591,1959,Graduation,Widow,76320.0,0,1,1970-01-01,49,526.0,35.0,214.0,69.0,53.0,35.0,2,6,3,4,2,0,0,0,0,0,0,3.0,11.0,0,932.0,614.0,0.6587982832618026,0.012211740041928721,13,0.46153846153846156,0.23076923076923078,3.0,1,55,0,0.0
10509,1955,Master,Single,36927.0,1,1,2014-02-06,46,51.0,0.0,16.0,0.0,0.0,4.0,2,3,0,3,8,0,0,0,0,0,0,3.0,11.0,0,71.0,55.0,0.7746478873239436,0.0019227123784764536,6,0.5,0.0,0.375,2,59,0,0.0
6382,1953,Graduation,Together,48794.0,1,1,1970-01-01,97,25.0,0.0,11.0,3.0,0.0,15.0,1,1,0,3,4,0,0,0,0,0,0,3.0,11.0,0,54.0,40.0,0.7407407407407407,0.0011066934459154814,4,0.25,0.0,0.25,2,61,0,0.0
6673,1965,Graduation,Single,23478.0,0,0,1970-01-01,51,28.0,6.0,27.0,12.0,17.0,39.0,1,3,0,3,8,0,0,0,0,0,0,3.0,11.0,0,129.0,84.0,0.6511627906976745,0.005494505494505495,6,0.5,0.0,0.375,0,49,0,0.0
7441,1973,Graduation,Divorced,71128.0,1,0,2012-06-10,80,958.0,159.0,447.0,20.0,0.0,31.0,3,2,10,12,7,0,0,0,0,0,0,3.0,11.0,0,1615.0,989.0,0.6123839009287926,0.022705544933078393,24,0.08333333333333333,0.4166666666666667,0.2857142857142857,1,41,0,0.0
1071,1976,PhD,Divorced,70179.0,0,1,1970-01-01,10,532.0,88.0,168.0,69.0,44.0,133.0,3,7,3,13,5,0,0,0,0,0,0,3.0,11.0,0,1034.0,709.0,0.6856866537717602,0.0147337522620727,23,0.30434782608695654,0.13043478260869565,1.4,1,38,0,0.0
10061,1950,Graduation,Married,59462.0,0,1,2013-05-01,29,724.0,17.0,143.0,0.0,8.0,196.0,2,9,2,12,7,0,0,0,0,0,0,3.0,11.0,0,1088.0,928.0,0.8529411764705882,0.018297400020180956,23,0.391304347826087,0.08695652173913043,1.2857142857142858,1,64,0,0.0
7187,1969,Master,Together,51371.0,1,1,1970-01-01,52,375.0,42.0,48.0,94.0,66.0,96.0,7,4,10,4,3,0,0,0,0,0,0,3.0,11.0,0,721.0,537.0,0.7447988904299584,0.01403515602188005,18,0.2222222222222222,0.5555555555555556,1.3333333333333333,2,45,0,0.0
8775,1969,Graduation,Together,38361.0,1,0,1970-01-01,74,39.0,0.0,56.0,20.0,8.0,14.0,3,3,1,3,7,0,0,0,0,0,0,3.0,11.0,0,137.0,61.0,0.44525547445255476,0.0035713354709209877,7,0.42857142857142855,0.14285714285714285,0.42857142857142855,1,45,0,0.0
1612,1981,PhD,Single,51371.0,1,0,1970-01-01,82,23.0,0.0,15.0,0.0,2.0,7.0,2,3,0,3,6,0,0,0,0,0,0,3.0,11.0,0,47.0,32.0,0.6808510638297872,0.0009149130832570906,6,0.5,0.0,0.5,1,33,0,0.0
2345,1982,PhD,Together,70038.0,0,0,1970-01-01,54,587.0,54.0,348.0,71.0,54.0,130.0,1,4,4,8,2,0,0,0,0,0,0,3.0,11.0,0,1244.0,771.0,0.6197749196141479,0.01776178645877952,16,0.25,0.25,2.0,0,32,0,0.0
322,1978,Graduation,Together,42554.0,1,1,2013-12-01,93,29.0,1.0,11.0,0.0,0.0,0.0,2,2,0,3,4,0,0,0,0,0,0,3.0,11.0,0,41.0,29.0,0.7073170731707317,0.0009634816938478168,5,0.4,0.0,0.5,2,36,0,0.0
10897,1974,Graduation,Married,67445.0,0,1,2012-12-08,63,757.0,80.0,217.0,29.0,80.0,11.0,5,9,6,12,6,0,0,0,0,0,0,3.0,11.0,0,1174.0,848.0,0.7223168654173765,0.01740677589146712,27,0.3333333333333333,0.2222222222222222,1.5,1,40,0,0.0
123,1951,Graduation,Widow,67046.0,0,1,2013-06-01,92,544.0,35.0,133.0,23.0,151.0,107.0,2,4,5,4,2,0,0,0,0,0,0,3.0,11.0,0,993.0,802.0,0.8076535750251762,0.014810726963577246,13,0.3076923076923077,0.38461538461538464,2.0,1,63,0,0.0
6103,1948,Graduation,Married,42192.0,0,0,2013-06-09,40,40.0,15.0,15.0,17.0,6.0,7.0,1,2,1,3,4,0,0,0,0,0,0,3.0,11.0,0,100.0,53.0,0.53,0.0023701175578308684,6,0.3333333333333333,0.16666666666666666,0.5,0,66,0,0.0
7899,1952,PhD,Married,77610.0,0,1,1970-01-01,70,1245.0,33.0,332.0,21.0,33.0,16.0,2,4,7,4,7,0,0,0,0,0,0,3.0,11.0,0,1680.0,1294.0,0.7702380952380953,0.021646695013529185,15,0.26666666666666666,0.4666666666666667,0.5714285714285714,1,62,0,0.0
10500,1984,Graduation,Married,31761.0,1,0,2014-05-04,96,19.0,1.0,20.0,16.0,14.0,28.0,2,3,0,4,5,0,0,0,0,0,0,3.0,11.0,0,98.0,61.0,0.6224489795918368,0.003085545165454488,7,0.42857142857142855,0.0,0.6,1,30,0,0.0
1655,1979,Graduation,Together,34350.0,1,0,1970-01-01,81,16.0,3.0,15.0,2.0,1.0,11.0,1,1,0,3,7,0,0,0,0,0,0,3.0,11.0,0,48.0,28.0,0.5833333333333334,0.0013973799126637554,4,0.25,0.0,0.14285714285714285,1,35,0,0.0
2406,1949,Graduation,Together,54591.0,0,1,2013-05-08,63,376.0,4.0,94.0,12.0,9.0,24.0,3,6,2,8,5,0,0,0,0,0,0,3.0,11.0,0,519.0,409.0,0.7880539499036608,0.009507061603561026,16,0.375,0.125,1.2,1,65,0,0.0
2712,1956,Graduation,Married,71866.0,0,1,1970-01-01,85,184.0,178.0,178.0,103.0,39.0,33.0,1,6,3,10,3,0,0,0,0,0,0,3.0,11.0,0,715.0,256.0,0.35804195804195804,0.009949071883783708,19,0.3157894736842105,0.15789473684210525,2.0,1,58,0,0.0
5517,1969,Graduation,Married,25293.0,1,0,1970-01-01,51,15.0,0.0,11.0,0.0,2.0,9.0,1,1,1,2,8,0,0,0,0,0,0,3.0,11.0,0,37.0,26.0,0.7027027027027027,0.0014628553354683114,4,0.25,0.25,0.125,1,45,0,0.0
10643,1987,PhD,Single,42000.0,0,0,2013-10-01,23,124.0,83.0,267.0,85.0,59.0,35.0,2,5,2,11,5,0,0,0,0,0,0,3.0,11.0,1,653.0,218.0,0.333843797856049,0.015547619047619048,18,0.2777777777777778,0.1111111111111111,1.0,0,27,0,0.0
2254,1983,Graduation,Married,69520.0,0,0,2013-07-07,95,627.0,120.0,414.0,121.0,80.0,93.0,1,9,6,5,5,0,0,0,0,0,0,3.0,11.0,0,1455.0,800.0,0.5498281786941581,0.02092922899884925,20,0.45,0.3,1.8,0,31,0,0.0
10281,1970,Graduation,Divorced,64713.0,1,0,2014-07-02,11,180.0,60.0,241.0,13.0,54.0,54.0,2,5,5,7,4,0,0,0,0,0,0,3.0,11.0,1,602.0,288.0,0.47840531561461797,0.009302613076197981,17,0.29411764705882354,0.29411764705882354,1.25,1,44,0,0.0
6958,1977,Master,Married,27889.0,1,0,2013-05-07,42,14.0,0.0,4.0,0.0,0.0,8.0,1,1,1,2,6,0,0,0,0,0,0,3.0,11.0,0,26.0,22.0,0.8461538461538461,0.0009322672021227007,4,0.25,0.25,0.16666666666666666,1,37,0,0.0
954,1960,Basic,Widow,22123.0,0,0,1970-01-01,77,3.0,3.0,24.0,34.0,7.0,31.0,1,2,1,3,5,0,0,0,0,0,0,3.0,11.0,0,102.0,41.0,0.4019607843137255,0.004610586267685214,6,0.3333333333333333,0.16666666666666666,0.4,0,54,0,0.0
5079,1971,Graduation,Married,51371.0,1,1,2013-03-03,82,71.0,1.0,16.0,0.0,0.0,9.0,4,2,1,3,8,0,0,0,0,0,0,3.0,11.0,0,97.0,80.0,0.8247422680412371,0.0018882248739561232,6,0.3333333333333333,0.16666666666666666,0.25,2,43,0,0.0
10339,1954,Master,Together,51371.0,0,1,1970-01-01,83,161.0,0.0,22.0,0.0,0.0,24.0,2,4,1,4,6,0,0,0,0,0,0,3.0,11.0,0,207.0,185.0,0.893719806763285,0.004029510813493994,9,0.4444444444444444,0.1111111111111111,0.6666666666666666,1,60,0,0.0
4643,1973,Graduation,Married,27803.0,1,0,1970-01-01,40,8.0,26.0,46.0,38.0,9.0,49.0,2,3,0,4,8,0,0,0,0,0,0,3.0,11.0,0,176.0,66.0,0.375,0.006330252131064993,7,0.42857142857142855,0.0,0.375,1,41,0,0.0
3117,1955,Graduation,Single,51371.0,0,1,1970-01-01,95,264.0,0.0,21.0,12.0,6.0,147.0,3,6,1,5,7,0,0,0,0,0,0,3.0,11.0,0,450.0,417.0,0.9266666666666666,0.008759806116291293,12,0.5,0.08333333333333333,0.8571428571428571,1,59,0,0.0
6497,1960,Graduation,Married,51651.0,0,1,2012-07-11,32,293.0,6.0,23.0,13.0,6.0,92.0,4,6,2,5,8,0,0,0,0,0,0,3.0,11.0,0,433.0,391.0,0.9030023094688222,0.008383187159977542,13,0.46153846153846156,0.15384615384615385,0.75,1,54,0,0.0
5396,1988,Graduation,Married,68487.0,0,0,1970-01-01,48,758.0,12.0,385.0,33.0,89.0,89.0,1,9,7,13,4,0,0,0,0,0,0,3.0,11.0,0,1366.0,936.0,0.6852122986822841,0.01994539109612043,29,0.3103448275862069,0.2413793103448276,2.25,0,26,0,0.0
5250,1943,Master,Widow,51371.0,0,0,1970-01-01,75,532.0,126.0,490.0,164.0,126.0,126.0,1,5,5,11,1,0,0,1,0,0,0,3.0,11.0,1,1564.0,784.0,0.5012787723785166,0.03044519281306574,21,0.23809523809523808,0.23809523809523808,5.0,0,71,1,0.2
1052,1969,Graduation,Married,56796.0,0,1,1970-01-01,24,656.0,38.0,161.0,62.0,47.0,37.0,3,8,9,7,7,0,0,0,0,0,0,3.0,11.0,0,1001.0,740.0,0.7392607392607392,0.017624480597225156,24,0.3333333333333333,0.375,1.1428571428571428,1,45,0,0.0
2802,1992,2n Cycle,Married,87000.0,0,0,1970-01-01,61,196.0,25.0,607.0,67.0,17.0,49.0,1,4,6,7,2,0,0,0,0,0,0,3.0,11.0,0,961.0,262.0,0.2726326742976067,0.011045977011494254,17,0.23529411764705882,0.35294117647058826,2.0,0,22,0,0.0
6343,1959,Graduation,Married,79823.0,0,1,1970-01-01,6,835.0,73.0,380.0,114.0,73.0,43.0,1,6,9,7,2,0,1,0,0,0,0,3.0,11.0,0,1518.0,951.0,0.6264822134387352,0.01901707527905491,22,0.2727272727272727,0.4090909090909091,3.0,1,55,1,0.2
6507,1980,Graduation,Single,30828.0,1,0,2013-04-10,16,16.0,11.0,15.0,2.0,0.0,12.0,2,1,1,4,3,0,0,0,0,0,0,3.0,11.0,0,56.0,28.0,0.5,0.0018165304268846503,6,0.16666666666666666,0.16666666666666666,0.3333333333333333,1,34,0,0.0
7901,1971,Master,Married,34109.0,0,1,2013-06-11,39,9.0,1.0,5.0,2.0,1.0,4.0,1,0,0,3,4,0,0,0,0,0,0,3.0,11.0,0,22.0,14.0,0.6363636363636364,0.000644991058078513,3,0.0,0.0,0.0,1,43,0,0.0
4865,1974,Master,Divorced,53367.0,1,1,1970-01-01,2,229.0,7.0,140.0,10.0,3.0,11.0,7,5,1,8,7,0,0,0,0,0,0,3.0,11.0,1,400.0,243.0,0.6075,0.007495268611688872,14,0.35714285714285715,0.07142857142857142,0.7142857142857143,2,40,0,0.0
2686,1969,Basic,Together,22390.0,0,0,1970-01-01,49,0.0,1.0,4.0,15.0,1.0,5.0,1,1,0,2,7,0,0,0,0,0,0,3.0,11.0,0,26.0,6.0,0.23076923076923078,0.0011612326931665922,3,0.3333333333333333,0.0,0.14285714285714285,0,45,0,0.0
3107,1976,Graduation,Together,71322.0,0,1,2014-02-05,31,121.0,24.0,124.0,24.0,15.0,42.0,1,4,1,7,2,0,0,0,0,0,0,3.0,11.0,0,350.0,178.0,0.5085714285714286,0.004907321724012226,12,0.3333333333333333,0.08333333333333333,2.0,1,38,0,0.0
1146,1949,Master,Together,49912.0,0,1,2012-07-09,5,520.0,8.0,223.0,32.0,49.0,42.0,4,10,5,7,8,1,0,0,0,0,0,3.0,11.0,1,874.0,611.0,0.6990846681922197,0.017510819041513064,22,0.45454545454545453,0.22727272727272727,1.25,1,65,1,0.2
11031,1950,PhD,Married,48699.0,1,1,1970-01-01,90,26.0,1.0,10.0,2.0,0.0,1.0,1,1,0,3,5,0,0,0,0,0,0,3.0,11.0,0,40.0,27.0,0.675,0.0008213721020965523,4,0.25,0.0,0.2,2,64,0,0.0
7428,1975,Graduation,Together,80144.0,0,0,1970-01-01,47,240.0,132.0,445.0,250.0,192.0,108.0,1,3,7,8,1,0,0,0,0,0,0,3.0,11.0,0,1367.0,540.0,0.3950256035113387,0.017056797764024755,18,0.16666666666666666,0.3888888888888889,3.0,0,39,0,0.0
975,1956,Graduation,Single,54252.0,1,1,1970-01-01,25,178.0,4.0,26.0,8.0,4.0,44.0,5,4,1,5,6,0,0,0,0,0,0,3.0,11.0,0,264.0,226.0,0.8560606060606061,0.004866180048661801,10,0.4,0.1,0.6666666666666666,2,58,0,0.0
1103,1976,Master,Married,81929.0,1,0,1970-01-01,60,1486.0,55.0,278.0,49.0,0.0,185.0,2,4,4,10,6,1,0,1,0,0,0,3.0,11.0,1,2053.0,1671.0,0.8139308329274233,0.02505828217114819,18,0.2222222222222222,0.2222222222222222,0.6666666666666666,1,38,2,0.4
3422,1975,Graduation,Married,76068.0,0,1,1970-01-01,67,1115.0,12.0,128.0,33.0,12.0,76.0,1,2,3,4,6,0,1,0,0,1,0,3.0,11.0,0,1376.0,1203.0,0.8742732558139535,0.01808907819319556,9,0.2222222222222222,0.3333333333333333,0.3333333333333333,1,39,2,0.4
1055,1976,Master,Married,53204.0,1,1,1970-01-01,40,29.0,0.0,8.0,2.0,0.0,6.0,1,1,0,3,4,0,0,0,0,0,0,3.0,11.0,0,45.0,35.0,0.7777777777777778,0.0008458010675889031,4,0.25,0.0,0.25,2,38,0,0.0
6544,1949,PhD,Together,67911.0,0,1,1970-01-01,63,529.0,0.0,356.0,63.0,28.0,0.0,3,6,7,11,3,0,0,0,0,0,0,3.0,11.0,0,976.0,557.0,0.5706967213114754,0.01437175126268204,24,0.25,0.2916666666666667,2.0,1,65,0,0.0
1241,1984,2n Cycle,Married,14796.0,1,0,1970-01-01,1,13.0,3.0,8.0,7.0,4.0,16.0,2,1,0,3,9,0,0,0,0,0,0,3.0,11.0,1,51.0,33.0,0.6470588235294118,0.0034468775344687753,4,0.25,0.0,0.1111111111111111,1,30,0,0.0
2909,1974,PhD,Married,78128.0,0,1,1970-01-01,89,934.0,24.0,230.0,16.0,24.0,36.0,2,8,4,6,3,0,1,1,0,0,0,3.0,11.0,0,1264.0,994.0,0.7863924050632911,0.016178578742576284,18,0.4444444444444444,0.2222222222222222,2.6666666666666665,1,40,2,0.4
5802,1972,Basic,Married,14188.0,0,0,1970-01-01,40,2.0,7.0,11.0,16.0,12.0,27.0,1,2,0,4,6,0,0,0,0,0,0,3.0,11.0,0,75.0,41.0,0.5466666666666666,0.0052861573160417254,6,0.3333333333333333,0.0,0.3333333333333333,0,42,0,0.0
1407,1986,Basic,Married,20425.0,1,0,1970-01-01,5,4.0,12.0,5.0,3.0,16.0,17.0,2,2,0,3,7,0,0,0,0,0,0,3.0,11.0,0,57.0,37.0,0.6491228070175439,0.0027906976744186047,5,0.4,0.0,0.2857142857142857,1,28,0,0.0
6183,1962,Master,Married,58646.0,0,1,2013-10-06,3,62.0,1.0,44.0,6.0,5.0,22.0,1,2,1,4,4,0,0,0,0,0,0,3.0,11.0,0,140.0,89.0,0.6357142857142857,0.0023872045834328003,7,0.2857142857142857,0.14285714285714285,0.5,1,52,0,0.0
340,1970,Graduation,Divorced,72967.0,0,1,1970-01-01,1,158.0,35.0,179.0,0.0,0.0,125.0,2,7,2,8,5,1,0,0,0,0,0,3.0,11.0,1,497.0,283.0,0.5694164989939637,0.006811298258116683,17,0.4117647058823529,0.11764705882352941,1.4,1,44,1,0.2
5991,1949,Master,Married,48150.0,0,1,2013-08-06,24,173.0,2.0,39.0,3.0,2.0,47.0,3,5,1,4,7,0,0,0,0,0,0,3.0,11.0,0,266.0,222.0,0.8345864661654135,0.005524402907580478,10,0.5,0.1,0.7142857142857143,1,65,0,0.0
3104,1961,Graduation,Single,82332.0,0,0,1970-01-01,89,830.0,59.0,968.0,51.0,79.0,19.0,1,5,3,12,2,0,0,1,0,0,0,3.0,11.0,1,2006.0,928.0,0.4626121635094716,0.024364767040761792,20,0.25,0.15,2.5,0,53,1,0.2
9729,1955,Graduation,Widow,58275.0,1,1,2013-02-06,48,189.0,10.0,253.0,56.0,43.0,64.0,6,8,2,7,7,0,0,0,0,0,0,3.0,11.0,0,615.0,296.0,0.4813008130081301,0.010553410553410553,17,0.47058823529411764,0.11764705882352941,1.1428571428571428,2,59,0,0.0
1008,1981,PhD,Together,44953.0,0,0,1970-01-01,31,728.0,17.0,133.0,11.0,8.0,124.0,1,7,3,13,6,1,0,0,0,0,0,3.0,11.0,0,1021.0,860.0,0.8423114593535749,0.022712610949213622,23,0.30434782608695654,0.13043478260869565,1.1666666666666667,0,33,1,0.2
11091,1953,Graduation,Together,34587.0,1,1,1970-01-01,68,7.0,2.0,9.0,2.0,0.0,2.0,2,1,0,3,4,0,0,0,0,0,0,3.0,11.0,0,22.0,9.0,0.4090909090909091,0.0006360771388093792,4,0.25,0.0,0.25,2,61,0,0.0
3969,1974,Master,Together,43018.0,0,1,2013-01-11,46,35.0,4.0,17.0,7.0,6.0,64.0,1,2,2,2,5,0,0,0,0,0,0,3.0,11.0,0,133.0,105.0,0.7894736842105263,0.003091729043656144,6,0.3333333333333333,0.3333333333333333,0.4,1,40,0,0.0
1916,1954,Master,Married,45736.0,0,1,1970-01-01,92,188.0,3.0,180.0,20.0,3.0,43.0,5,7,1,6,7,0,0,0,0,0,0,3.0,11.0,0,437.0,234.0,0.5354691075514875,0.009554836452684975,14,0.5,0.07142857142857142,1.0,1,60,0,0.0
9907,1969,Master,Together,66476.0,0,1,2013-04-12,80,742.0,28.0,152.0,25.0,9.0,57.0,2,6,8,10,4,0,0,0,0,0,0,3.0,11.0,0,1013.0,808.0,0.7976307996051333,0.015238582345508154,24,0.25,0.3333333333333333,1.5,1,45,0,0.0
87,1981,2n Cycle,Married,27733.0,1,0,1970-01-01,16,0.0,7.0,5.0,26.0,2.0,17.0,2,2,0,3,7,0,0,0,0,0,0,3.0,11.0,0,57.0,19.0,0.3333333333333333,0.0020553131648216928,5,0.4,0.0,0.2857142857142857,1,33,0,0.0
8659,1952,PhD,Together,69805.0,0,1,1970-01-01,50,750.0,71.0,174.0,13.0,10.0,20.0,2,6,8,11,2,0,0,0,0,0,0,3.0,11.0,0,1038.0,780.0,0.7514450867052023,0.014869994986032519,25,0.24,0.32,3.0,1,62,0,0.0
6262,1962,Master,Single,72217.0,0,0,2013-10-04,93,816.0,42.0,450.0,55.0,56.0,154.0,1,3,10,8,2,0,0,0,0,0,0,3.0,11.0,0,1573.0,1026.0,0.6522568340750159,0.0217815749754213,21,0.14285714285714285,0.47619047619047616,1.5,0,52,0,0.0
6147,1971,Graduation,Divorced,25818.0,1,0,1970-01-01,51,5.0,2.0,8.0,2.0,2.0,9.0,1,0,1,2,7,0,0,0,0,0,0,3.0,11.0,0,28.0,16.0,0.5714285714285714,0.0010845146796808428,3,0.0,0.3333333333333333,0.0,1,43,0,0.0
8832,1976,Master,Together,37509.0,1,0,2012-12-09,24,37.0,5.0,56.0,12.0,8.0,5.0,2,3,0,4,7,0,0,0,0,0,0,3.0,11.0,0,123.0,50.0,0.4065040650406504,0.003279212988882668,7,0.42857142857142855,0.0,0.42857142857142855,1,38,0,0.0
10067,1976,2n Cycle,Together,25176.0,1,1,2013-10-08,79,4.0,0.0,4.0,0.0,0.0,5.0,1,1,0,2,7,0,0,0,0,0,0,3.0,11.0,0,13.0,9.0,0.6923076923076923,0.0005163647918652685,3,0.3333333333333333,0.0,0.14285714285714285,2,38,0,0.0
7532,1980,Graduation,Married,43586.0,0,1,1970-01-01,26,99.0,2.0,11.0,4.0,0.0,16.0,3,3,0,4,8,0,0,0,0,0,0,3.0,11.0,0,132.0,115.0,0.8712121212121212,0.003028495388427477,7,0.42857142857142855,0.0,0.375,1,34,0,0.0
4915,1956,2n Cycle,Married,53230.0,0,1,2012-03-08,86,176.0,72.0,98.0,136.0,21.0,229.0,4,5,2,12,5,0,0,0,0,0,0,3.0,11.0,0,732.0,426.0,0.5819672131147541,0.013751643809881645,19,0.2631578947368421,0.10526315789473684,1.0,1,58,0,0.0
2115,1957,Graduation,Together,50116.0,1,1,1970-01-01,68,54.0,0.0,10.0,0.0,0.0,2.0,2,1,0,4,5,0,1,0,0,0,0,3.0,11.0,0,66.0,56.0,0.8484848484848485,0.0013169446883230904,5,0.2,0.0,0.2,2,57,1,0.2
2088,1972,Graduation,Together,84906.0,0,0,2013-04-10,98,997.0,15.0,414.0,99.0,30.0,76.0,1,5,6,12,2,0,1,1,0,1,0,3.0,11.0,0,1631.0,1103.0,0.6762722256284488,0.019209478717640685,23,0.21739130434782608,0.2608695652173913,2.5,0,42,3,0.6
2493,1966,Graduation,Married,61286.0,0,1,2013-02-08,34,356.0,0.0,107.0,19.0,9.0,117.0,2,7,1,8,5,0,0,0,0,0,0,3.0,11.0,0,608.0,482.0,0.7927631578947368,0.009920699670397807,16,0.4375,0.0625,1.4,1,48,0,0.0
6292,1986,PhD,Married,82333.0,0,0,1970-01-01,60,1311.0,0.0,359.0,46.0,89.0,17.0,1,4,3,10,2,0,0,1,0,0,0,3.0,11.0,1,1822.0,1417.0,0.7777167947310648,0.02212964424957186,17,0.23529411764705882,0.17647058823529413,2.0,0,28,1,0.2
1631,1965,PhD,Together,65220.0,0,0,2012-03-09,3,890.0,63.0,292.0,0.0,25.0,12.0,4,8,4,7,6,0,0,0,0,0,0,3.0,11.0,1,1282.0,927.0,0.7230889235569423,0.019656547071450474,19,0.42105263157894735,0.21052631578947367,1.3333333333333333,0,49,0,0.0
10104,1974,Graduation,Together,33590.0,2,1,2013-03-11,65,4.0,0.0,2.0,0.0,0.0,2.0,1,1,0,2,7,0,0,0,0,0,0,3.0,11.0,0,8.0,6.0,0.75,0.00023816612086930634,3,0.3333333333333333,0.0,0.14285714285714285,3,40,0,0.0
3006,1976,Graduation,Divorced,30992.0,1,0,1970-01-01,83,17.0,0.0,14.0,7.0,3.0,2.0,1,1,0,3,7,0,0,0,0,0,0,3.0,11.0,0,43.0,22.0,0.5116279069767442,0.0013874548270521425,4,0.25,0.0,0.14285714285714285,1,38,0,0.0
3919,1976,Master,Single,72309.0,0,0,2013-11-03,64,960.0,0.0,883.0,50.0,38.0,0.0,1,5,6,8,3,0,0,0,1,0,0,3.0,11.0,1,1931.0,998.0,0.5168306576903159,0.02670483618913275,19,0.2631578947368421,0.3157894736842105,1.6666666666666667,0,38,1,0.2
11181,1949,PhD,Married,156924.0,0,0,1970-01-01,85,2.0,1.0,2.0,1.0,1.0,1.0,0,0,0,0,0,0,0,0,0,0,0,3.0,11.0,0,8.0,4.0,0.5,5.0980092273967015e-05,0,,,,0,65,0,0.0
642,1980,Basic,Married,16005.0,1,0,1970-01-01,69,1.0,3.0,2.0,20.0,30.0,47.0,3,2,1,2,8,0,0,0,0,0,0,3.0,11.0,0,103.0,78.0,0.7572815533980582,0.006435488909715714,5,0.4,0.2,0.25,1,34,0,0.0
10127,1965,Graduation,Married,58692.0,0,1,2014-06-04,21,301.0,11.0,61.0,4.0,7.0,11.0,1,8,2,4,7,0,0,0,0,0,0,3.0,11.0,0,395.0,319.0,0.8075949367088607,0.006730048388196006,14,0.5714285714285714,0.14285714285714285,1.1428571428571428,1,49,0,0.0
271,1969,Graduation,Widow,40590.0,1,1,2013-02-10,30,154.0,0.0,50.0,6.0,11.0,37.0,5,3,4,3,6,1,0,0,0,0,0,3.0,11.0,0,258.0,202.0,0.7829457364341085,0.0063562453806356245,10,0.3,0.4,0.5,2,45,1,0.2
4973,1970,Graduation,Single,20587.0,1,0,2014-11-05,39,2.0,3.0,6.0,4.0,1.0,9.0,1,1,1,2,7,0,0,0,0,0,0,3.0,11.0,0,25.0,12.0,0.48,0.0012143585758002623,4,0.25,0.25,0.14285714285714285,1,44,0,0.0
2948,1954,Master,Divorced,62637.0,0,1,2014-01-03,76,104.0,12.0,48.0,4.0,12.0,5.0,1,2,2,5,2,0,0,0,0,0,0,3.0,11.0,0,185.0,121.0,0.654054054054054,0.002953525871290132,9,0.2222222222222222,0.2222222222222222,1.0,1,60,0,0.0
2715,1966,Master,Divorced,29435.0,1,1,2012-06-08,11,70.0,3.0,37.0,4.0,2.0,64.0,4,3,2,2,9,0,0,0,0,0,0,3.0,11.0,1,180.0,136.0,0.7555555555555555,0.006115169016476983,7,0.42857142857142855,0.2857142857142857,0.3333333333333333,2,48,0,0.0
10432,1974,Graduation,Divorced,19346.0,1,0,1970-01-01,26,2.0,0.0,9.0,3.0,6.0,2.0,1,1,0,3,8,0,0,0,0,0,0,3.0,11.0,0,22.0,10.0,0.45454545454545453,0.0011371859815982632,4,0.25,0.0,0.125,1,40,0,0.0
9216,1971,Graduation,Married,35788.0,1,1,1970-01-01,34,23.0,2.0,11.0,3.0,1.0,4.0,2,2,0,3,6,0,0,0,0,0,0,3.0,11.0,0,44.0,28.0,0.6363636363636364,0.0012294623896278083,5,0.4,0.0,0.3333333333333333,2,43,0,0.0
7124,1968,Graduation,Divorced,36997.0,1,1,2013-01-02,72,43.0,4.0,12.0,8.0,0.0,27.0,5,2,1,4,5,0,0,0,0,0,0,3.0,11.0,0,94.0,70.0,0.7446808510638298,0.002540746547017326,7,0.2857142857142857,0.14285714285714285,0.4,2,46,0,0.0
9727,1957,Graduation,Married,23539.0,0,0,1970-01-01,13,4.0,24.0,11.0,16.0,1.0,25.0,1,2,0,4,6,0,0,0,0,0,0,3.0,11.0,0,81.0,30.0,0.37037037037037035,0.003441097752665789,6,0.3333333333333333,0.0,0.3333333333333333,0,57,0,0.0
5136,1973,Graduation,Single,65333.0,0,1,1970-01-01,58,654.0,7.0,92.0,0.0,15.0,30.0,7,9,4,8,6,0,1,1,0,0,0,3.0,11.0,0,798.0,699.0,0.8759398496240601,0.01221434803238792,21,0.42857142857142855,0.19047619047619047,1.5,1,41,2,0.4
9790,1957,Graduation,Single,78499.0,0,0,1970-01-01,12,912.0,72.0,170.0,47.0,36.0,97.0,1,11,3,4,4,0,0,1,0,0,0,3.0,11.0,1,1334.0,1045.0,0.7833583208395802,0.0169938470553765,18,0.6111111111111112,0.16666666666666666,2.75,0,57,1,0.2
1818,1971,PhD,Together,29732.0,1,0,1970-01-01,23,25.0,0.0,8.0,0.0,1.0,4.0,1,2,0,2,9,0,0,0,0,0,0,3.0,11.0,0,38.0,30.0,0.7894736842105263,0.0012780842190232746,4,0.5,0.0,0.2222222222222222,1,43,0,0.0
1100,1960,Master,Together,41275.0,1,2,1970-01-01,33,24.0,4.0,22.0,0.0,2.0,9.0,4,3,1,3,5,0,0,0,0,0,0,3.0,11.0,0,61.0,35.0,0.5737704918032787,0.001477892186553604,7,0.42857142857142855,0.14285714285714285,0.6,3,54,0,0.0
7873,1973,PhD,Together,63516.0,1,1,2013-06-07,30,141.0,11.0,114.0,15.0,14.0,5.0,4,4,1,7,5,0,0,0,0,0,0,3.0,11.0,0,300.0,160.0,0.5333333333333333,0.004723219346306443,12,0.3333333333333333,0.08333333333333333,0.8,2,41,0,0.0
10609,1962,PhD,Married,42769.0,0,1,2013-12-10,15,71.0,0.0,13.0,3.0,1.0,0.0,2,1,1,4,4,0,0,0,0,0,0,3.0,11.0,0,88.0,72.0,0.8181818181818182,0.0020575650588042743,6,0.16666666666666666,0.16666666666666666,0.25,1,52,0,0.0
6950,1958,Master,Married,49572.0,1,1,1970-01-01,25,35.0,1.0,16.0,0.0,1.0,1.0,2,2,0,3,7,0,0,0,0,0,0,3.0,11.0,0,54.0,37.0,0.6851851851851852,0.0010893246187363835,5,0.4,0.0,0.2857142857142857,2,56,0,0.0
7233,1972,Graduation,Married,69209.0,0,0,1970-01-01,4,496.0,32.0,849.0,229.0,48.0,128.0,2,5,3,6,4,0,0,0,1,0,0,3.0,11.0,0,1782.0,672.0,0.3771043771043771,0.025748096345850974,14,0.35714285714285715,0.21428571428571427,1.25,0,42,1,0.2
9481,1976,Graduation,Married,17148.0,1,0,1970-01-01,80,9.0,9.0,11.0,13.0,10.0,16.0,4,3,1,3,8,0,0,0,0,0,0,3.0,11.0,0,68.0,35.0,0.5147058823529411,0.003965477023559599,7,0.42857142857142855,0.14285714285714285,0.375,1,38,0,0.0
7699,1969,Graduation,Widow,40590.0,1,1,2013-02-10,30,154.0,0.0,50.0,6.0,11.0,37.0,5,3,4,3,6,1,0,0,0,0,0,3.0,11.0,0,258.0,202.0,0.7829457364341085,0.0063562453806356245,10,0.3,0.4,0.5,2,45,1,0.2
2711,1976,Master,Together,30560.0,1,0,1970-01-01,6,9.0,1.0,5.0,4.0,5.0,7.0,1,1,0,3,7,0,0,0,0,0,0,3.0,11.0,0,31.0,21.0,0.6774193548387096,0.0010143979057591623,4,0.25,0.0,0.14285714285714285,1,38,0,0.0
8933,1983,2n Cycle,Married,32146.0,1,0,2014-12-05,16,26.0,3.0,23.0,4.0,7.0,3.0,2,2,0,4,6,0,0,0,0,0,0,3.0,11.0,0,66.0,36.0,0.5454545454545454,0.0020531325825919244,6,0.3333333333333333,0.0,0.3333333333333333,1,31,0,0.0
8726,1964,2n Cycle,Divorced,41713.0,1,1,1970-01-01,57,77.0,8.0,44.0,10.0,10.0,25.0,5,3,1,4,6,0,0,0,0,0,0,3.0,11.0,0,174.0,112.0,0.6436781609195402,0.004171361446071968,8,0.375,0.125,0.5,2,50,0,0.0
1515,1975,Master,Together,34176.0,0,1,1970-01-01,9,11.0,2.0,7.0,4.0,2.0,2.0,1,1,0,3,3,0,0,0,0,0,0,3.0,11.0,0,28.0,15.0,0.5357142857142857,0.0008192883895131087,4,0.25,0.0,0.3333333333333333,1,39,0,0.0
5186,1955,PhD,Married,58482.0,0,1,2014-12-03,59,576.0,7.0,115.0,19.0,7.0,7.0,2,7,4,9,6,0,1,0,0,0,0,3.0,11.0,0,731.0,590.0,0.8071135430916553,0.012499572518039738,20,0.35,0.2,1.1666666666666667,1,59,1,0.2
10157,1965,Graduation,Single,59686.0,0,1,1970-01-01,78,89.0,15.0,89.0,34.0,42.0,5.0,1,4,1,6,4,0,0,0,0,0,0,3.0,11.0,0,274.0,136.0,0.49635036496350365,0.0045906912843882985,11,0.36363636363636365,0.09090909090909091,1.0,1,49,0,0.0
5667,1964,PhD,Married,60896.0,0,1,2012-11-10,90,1013.0,30.0,399.0,60.0,46.0,153.0,3,9,10,4,6,0,0,0,0,0,0,3.0,11.0,1,1701.0,1212.0,0.7125220458553791,0.02793286915396742,23,0.391304347826087,0.43478260869565216,1.5,1,50,0,0.0
902,1980,Graduation,Together,62994.0,1,0,2014-04-03,74,224.0,12.0,48.0,4.0,12.0,12.0,1,6,2,4,6,0,0,0,0,0,0,3.0,11.0,0,312.0,248.0,0.7948717948717948,0.004952852652633584,12,0.5,0.16666666666666666,1.0,1,34,0,0.0
977,1957,Graduation,Together,47320.0,0,1,2013-01-08,10,200.0,19.0,111.0,50.0,15.0,19.0,6,5,1,8,6,0,0,0,0,0,0,3.0,11.0,0,414.0,234.0,0.5652173913043478,0.00874894336432798,14,0.35714285714285715,0.07142857142857142,0.8333333333333334,1,57,0,0.0
7313,1949,2n Cycle,Widow,74859.0,0,0,2013-03-06,63,570.0,73.0,614.0,133.0,102.0,73.0,1,6,5,11,3,0,0,0,1,0,0,3.0,11.0,0,1565.0,745.0,0.476038338658147,0.02090596989005998,22,0.2727272727272727,0.22727272727272727,2.0,0,65,1,0.2
7600,1992,Basic,Single,15253.0,1,0,1970-01-01,13,1.0,3.0,3.0,8.0,1.0,13.0,2,1,0,3,7,0,0,0,0,0,0,3.0,11.0,0,29.0,15.0,0.5172413793103449,0.001901265324854127,4,0.25,0.0,0.14285714285714285,1,22,0,0.0
9706,1974,PhD,Single,31560.0,1,0,1970-01-01,98,62.0,1.0,20.0,4.0,0.0,7.0,2,2,1,3,8,0,0,0,0,0,0,3.0,11.0,0,94.0,69.0,0.7340425531914894,0.002978453738910013,6,0.3333333333333333,0.16666666666666666,0.25,1,40,0,0.0
2429,1954,Graduation,Divorced,72071.0,0,1,1970-01-01,4,531.0,69.0,300.0,150.0,138.0,150.0,3,5,4,8,2,0,0,0,0,0,0,3.0,11.0,0,1338.0,819.0,0.6121076233183856,0.01856502615476405,17,0.29411764705882354,0.23529411764705882,2.5,1,60,0,0.0
3520,1990,Master,Single,91172.0,0,0,1970-01-01,94,162.0,28.0,818.0,0.0,28.0,56.0,0,4,3,7,3,1,0,1,1,1,0,3.0,11.0,1,1092.0,246.0,0.22527472527472528,0.011977361470626946,14,0.2857142857142857,0.21428571428571427,1.3333333333333333,0,24,4,0.8
10394,1984,Graduation,Married,90000.0,0,0,1970-01-01,91,675.0,144.0,133.0,94.0,192.0,241.0,1,4,8,5,1,1,0,1,1,0,0,3.0,11.0,0,1479.0,1108.0,0.7491548343475322,0.016433333333333335,17,0.23529411764705882,0.47058823529411764,4.0,0,30,3,0.6
4548,1981,Graduation,Single,41967.0,1,1,1970-01-01,66,23.0,4.0,10.0,0.0,2.0,15.0,1,1,0,3,4,0,0,0,0,0,0,3.0,11.0,0,54.0,40.0,0.7407407407407407,0.0012867252841518336,4,0.25,0.0,0.25,2,33,0,0.0
9362,1965,Graduation,Single,69263.0,0,1,2014-05-03,14,492.0,5.0,32.0,13.0,5.0,21.0,1,9,1,7,6,0,1,0,0,0,0,3.0,11.0,0,568.0,518.0,0.9119718309859155,0.008200626597173093,17,0.5294117647058824,0.058823529411764705,1.5,1,49,1,0.2
3968,1970,2n Cycle,Divorced,65706.0,0,0,1970-01-01,77,918.0,10.0,129.0,13.0,0.0,129.0,1,11,3,12,7,0,1,1,0,1,0,3.0,11.0,1,1199.0,1047.0,0.8732276897414513,0.018247953002769914,26,0.4230769230769231,0.11538461538461539,1.5714285714285714,0,44,3,0.6
4084,1975,Graduation,Together,60934.0,0,1,1970-01-01,41,224.0,155.0,155.0,192.0,93.0,54.0,2,6,4,11,4,0,0,0,0,0,0,3.0,11.0,0,873.0,371.0,0.424971363115693,0.014326976728919815,21,0.2857142857142857,0.19047619047619047,1.5,1,39,0,0.0
6721,1951,Graduation,Married,71965.0,0,1,1970-01-01,21,572.0,19.0,286.0,50.0,38.0,248.0,3,6,3,5,3,0,0,0,0,0,0,3.0,11.0,0,1213.0,858.0,0.7073371805441055,0.016855415827138193,14,0.42857142857142855,0.21428571428571427,2.0,1,63,0,0.0
2829,1955,Graduation,Married,65210.0,0,1,2014-10-03,25,626.0,0.0,70.0,0.0,7.0,28.0,2,9,3,8,6,0,1,0,1,0,0,3.0,11.0,0,731.0,661.0,0.9042407660738714,0.011209937126207636,20,0.45,0.15,1.5,1,59,2,0.4
1772,1975,PhD,Married,79174.0,0,0,2013-11-01,2,1074.0,37.0,518.0,193.0,92.0,129.0,1,5,6,7,2,0,0,1,1,0,0,3.0,11.0,1,2043.0,1295.0,0.6338717572197748,0.025803925531108697,18,0.2777777777777778,0.3333333333333333,2.5,0,39,2,0.4
1544,1967,Master,Divorced,81380.0,0,0,1970-01-01,51,741.0,68.0,689.0,224.0,68.0,103.0,1,4,2,10,2,0,0,0,0,0,0,3.0,11.0,0,1893.0,912.0,0.48177496038034867,0.023261243548783485,16,0.25,0.125,2.0,0,47,0,0.0
4377,1971,Graduation,Married,52914.0,0,1,2013-07-01,32,254.0,10.0,44.0,30.0,10.0,227.0,2,7,3,3,7,1,0,0,0,0,0,3.0,11.0,0,575.0,491.0,0.8539130434782609,0.010866689344974865,13,0.5384615384615384,0.23076923076923078,1.0,1,43,1,0.2
4541,1955,Graduation,Together,38946.0,0,1,1970-01-01,84,116.0,6.0,82.0,6.0,6.0,41.0,2,3,1,6,5,0,0,0,0,0,0,3.0,11.0,0,257.0,163.0,0.6342412451361867,0.006598880501206799,10,0.3,0.1,0.6,1,59,0,0.0
1321,1974,Graduation,Married,26067.0,1,0,2013-04-11,49,22.0,2.0,18.0,0.0,2.0,12.0,3,3,0,3,8,0,0,0,0,0,0,3.0,11.0,0,56.0,36.0,0.6428571428571429,0.002148310123911459,6,0.5,0.0,0.375,1,40,0,0.0
8858,1972,PhD,Married,44325.0,0,1,2013-07-03,69,516.0,0.0,21.0,0.0,0.0,5.0,4,8,2,7,8,0,1,0,0,0,0,3.0,11.0,0,542.0,521.0,0.9612546125461254,0.012227862380146644,17,0.47058823529411764,0.11764705882352941,1.0,1,42,1,0.2
3266,1964,Graduation,Married,42523.0,0,0,1970-01-01,96,14.0,36.0,11.0,3.0,26.0,35.0,1,1,1,4,2,0,0,0,0,0,0,3.0,11.0,0,125.0,75.0,0.6,0.002939585636008748,6,0.16666666666666666,0.16666666666666666,0.5,0,50,0,0.0
11187,1978,Basic,Single,26487.0,1,0,1970-01-01,23,2.0,8.0,10.0,12.0,14.0,23.0,3,2,1,3,5,0,0,0,0,0,0,3.0,11.0,0,69.0,39.0,0.5652173913043478,0.0026050515347151434,6,0.3333333333333333,0.16666666666666666,0.4,1,36,0,0.0
8207,1957,2n Cycle,Married,53233.0,0,1,1970-01-01,18,28.0,0.0,9.0,3.0,0.0,0.0,1,1,0,3,4,0,0,0,0,0,0,3.0,11.0,0,40.0,28.0,0.7,0.0007514135968290346,4,0.25,0.0,0.25,1,57,0,0.0
9723,1960,Graduation,Married,67716.0,0,1,2013-10-01,8,530.0,142.0,217.0,62.0,9.0,56.0,4,7,4,13,5,0,1,0,0,0,0,3.0,11.0,0,1016.0,595.0,0.5856299212598425,0.015003839565243074,24,0.2916666666666667,0.16666666666666666,1.4,1,54,1,0.2
2666,1972,Master,Married,76234.0,0,1,2014-06-02,21,519.0,50.0,167.0,130.0,0.0,41.0,1,8,3,11,3,0,1,0,0,0,0,3.0,11.0,0,907.0,560.0,0.61742006615215,0.011897578508277147,22,0.36363636363636365,0.13636363636363635,2.6666666666666665,1,42,1,0.2
5721,1956,PhD,Married,84117.0,0,0,2014-11-05,60,611.0,76.0,749.0,59.0,45.0,26.0,1,7,10,6,2,0,0,1,0,0,0,3.0,11.0,0,1566.0,682.0,0.4355044699872286,0.018616926423909556,23,0.30434782608695654,0.43478260869565216,3.5,0,58,1,0.2
10652,1957,Master,Together,65487.0,0,0,2014-10-01,48,240.0,67.0,500.0,199.0,0.0,163.0,3,3,5,6,2,0,0,0,0,0,0,3.0,11.0,0,1169.0,403.0,0.34473909324208724,0.01785087116526944,14,0.21428571428571427,0.35714285714285715,1.5,0,57,0,0.0
1646,1972,Basic,Married,25224.0,1,0,1970-01-01,36,4.0,9.0,12.0,11.0,2.0,8.0,2,1,1,3,3,0,0,0,0,0,0,3.0,11.0,0,46.0,14.0,0.30434782608695654,0.0018236600063431653,5,0.2,0.2,0.3333333333333333,1,42,0,0.0
4418,1983,Master,Single,89616.0,0,0,1970-01-01,36,671.0,47.0,655.0,145.0,111.0,15.0,1,7,5,12,2,0,0,0,0,0,0,3.0,11.0,1,1644.0,797.0,0.48479318734793186,0.018344938403856453,24,0.2916666666666667,0.20833333333333334,3.5,0,31,0,0.0
2656,1971,Graduation,Divorced,40851.0,1,1,1970-01-01,63,23.0,1.0,7.0,0.0,4.0,24.0,1,1,1,2,7,0,0,0,0,0,0,3.0,11.0,0,59.0,51.0,0.864406779661017,0.0014442730900100366,4,0.25,0.25,0.14285714285714285,2,43,0,0.0
7990,1947,Graduation,Married,27469.0,0,0,2012-02-08,2,9.0,1.0,2.0,3.0,2.0,0.0,1,0,0,3,6,0,0,0,0,0,0,3.0,11.0,0,17.0,11.0,0.6470588235294118,0.0006188794641231935,3,0.0,0.0,0.0,0,67,0,0.0
8722,1957,2n Cycle,Married,82347.0,0,0,2012-06-11,38,556.0,54.0,845.0,202.0,133.0,63.0,1,7,7,10,3,1,0,0,1,0,0,3.0,11.0,1,1853.0,752.0,0.40582838640043173,0.022502337668646094,24,0.2916666666666667,0.2916666666666667,2.3333333333333335,0,57,2,0.4
7118,1957,Graduation,Married,73803.0,0,1,2012-01-08,61,833.0,80.0,363.0,52.0,26.0,174.0,2,9,5,6,6,1,0,0,0,0,0,3.0,11.0,1,1528.0,1033.0,0.6760471204188482,0.02070376542958958,20,0.45,0.25,1.5,1,57,1,0.2
2980,1952,Master,Single,8820.0,1,1,1970-01-01,52,12.0,0.0,13.0,4.0,2.0,4.0,4,3,0,3,8,0,0,0,0,0,0,3.0,11.0,0,35.0,18.0,0.5142857142857142,0.003968253968253968,6,0.5,0.0,0.375,2,62,0,0.0
1839,1974,Graduation,Single,43322.0,0,0,1970-01-01,25,56.0,7.0,48.0,10.0,2.0,18.0,1,3,0,4,7,0,0,0,0,0,0,3.0,11.0,0,141.0,76.0,0.5390070921985816,0.003254697382392318,7,0.42857142857142855,0.0,0.42857142857142855,0,40,0,0.0
10722,1973,Graduation,Together,55593.0,0,1,1970-01-01,63,293.0,8.0,124.0,11.0,4.0,106.0,2,6,6,3,6,1,0,0,0,0,0,3.0,11.0,0,546.0,403.0,0.7380952380952381,0.009821380389617398,15,0.4,0.4,1.0,1,41,1,0.2
2632,1954,Graduation,Married,50501.0,1,1,1970-01-01,10,297.0,0.0,38.0,13.0,0.0,152.0,7,5,4,4,6,1,0,0,0,0,0,3.0,11.0,1,500.0,449.0,0.898,0.009900794043682304,13,0.38461538461538464,0.3076923076923077,0.8333333333333334,2,60,1,0.2
9014,1975,Graduation,Married,37085.0,1,1,1970-01-01,65,39.0,1.0,16.0,2.0,0.0,3.0,4,3,0,3,8,0,0,0,0,0,0,3.0,11.0,0,61.0,42.0,0.6885245901639344,0.0016448698934879331,6,0.5,0.0,0.375,2,39,0,0.0
7620,1990,Basic,Single,16185.0,1,0,2013-05-08,71,5.0,11.0,16.0,21.0,8.0,45.0,2,2,2,2,8,0,0,0,0,0,0,3.0,11.0,0,106.0,58.0,0.5471698113207547,0.006549274019153537,6,0.3333333333333333,0.3333333333333333,0.25,1,24,0,0.0
10968,1969,Graduation,Single,57731.0,0,1,1970-01-01,0,266.0,21.0,300.0,65.0,8.0,44.0,4,8,8,6,6,0,0,0,0,0,0,3.0,11.0,0,704.0,318.0,0.45170454545454547,0.012194488229893817,22,0.36363636363636365,0.36363636363636365,1.3333333333333333,1,45,0,0.0
2736,1978,Graduation,Married,73807.0,0,1,2013-02-01,88,366.0,124.0,156.0,71.0,78.0,54.0,2,5,5,11,2,0,0,0,0,0,0,3.0,11.0,0,849.0,498.0,0.5865724381625441,0.01150297397265842,21,0.23809523809523808,0.23809523809523808,2.5,1,36,0,0.0
1876,1990,Graduation,Married,18929.0,0,0,1970-01-01,15,32.0,0.0,8.0,23.0,4.0,18.0,1,1,0,4,6,0,0,0,0,0,0,3.0,11.0,0,85.0,54.0,0.6352941176470588,0.004490464366844524,5,0.2,0.0,0.16666666666666666,0,24,0,0.0
5959,1968,Graduation,Single,35893.0,1,1,1970-01-01,80,158.0,0.0,23.0,0.0,0.0,18.0,6,3,1,5,8,0,0,0,0,0,0,3.0,11.0,0,199.0,176.0,0.8844221105527639,0.005544256540272477,9,0.3333333333333333,0.1111111111111111,0.375,2,46,0,0.0
1092,1980,Graduation,Married,61014.0,0,1,2012-11-08,17,269.0,129.0,495.0,182.0,43.0,29.0,4,9,3,4,7,0,0,0,0,0,0,3.0,11.0,0,1147.0,341.0,0.2972972972972973,0.01879896417215721,16,0.5625,0.1875,1.2857142857142858,1,34,0,0.0
4333,1954,Graduation,Together,32144.0,1,1,1970-01-01,76,41.0,0.0,10.0,0.0,0.0,3.0,4,2,1,3,7,0,1,0,0,0,0,3.0,11.0,0,54.0,44.0,0.8148148148148148,0.001679940268790443,6,0.3333333333333333,0.16666666666666666,0.2857142857142857,2,60,1,0.2
3850,1963,Basic,Together,14918.0,0,1,2012-07-12,52,3.0,3.0,3.0,15.0,4.0,15.0,1,1,0,3,6,0,0,0,0,0,0,3.0,11.0,0,43.0,22.0,0.5116279069767442,0.002882423917415203,4,0.25,0.0,0.16666666666666666,1,51,0,0.0
6168,1963,Graduation,Divorced,45146.0,1,1,1970-01-01,28,33.0,0.0,5.0,0.0,0.0,15.0,2,1,1,2,4,0,0,0,0,0,0,3.0,11.0,0,53.0,48.0,0.9056603773584906,0.0011739689008993044,4,0.25,0.25,0.25,2,51,0,0.0
607,1955,2n Cycle,Divorced,41769.0,0,1,1970-01-01,31,302.0,29.0,131.0,32.0,0.0,27.0,6,8,1,7,8,0,0,0,0,0,0,3.0,11.0,0,521.0,329.0,0.6314779270633397,0.012473365414541885,16,0.5,0.0625,1.0,1,59,0,0.0
10469,1981,Graduation,Together,88325.0,0,0,2014-05-02,42,519.0,71.0,860.0,93.0,27.0,53.0,1,6,2,9,2,0,0,0,0,0,0,3.0,11.0,0,1623.0,599.0,0.3690696241528035,0.018375318426266628,17,0.35294117647058826,0.11764705882352941,3.0,0,33,0,0.0
6983,1950,Master,Divorced,38054.0,1,1,2014-01-05,24,23.0,2.0,17.0,2.0,1.0,0.0,2,2,0,3,7,0,0,0,0,0,0,3.0,11.0,0,45.0,24.0,0.5333333333333333,0.001182530088821149,5,0.4,0.0,0.2857142857142857,2,64,0,0.0
3661,1995,2n Cycle,Single,80617.0,0,0,2012-12-10,42,594.0,51.0,631.0,72.0,55.0,32.0,1,4,6,8,2,0,0,0,0,0,0,3.0,11.0,0,1435.0,681.0,0.4745644599303136,0.017800215835369712,18,0.2222222222222222,0.3333333333333333,2.0,0,19,0,0.0
9303,1976,Graduation,Married,5305.0,0,1,1970-01-01,12,12.0,4.0,7.0,1.0,3.0,5.0,0,1,0,0,13,0,0,0,0,0,0,3.0,11.0,0,32.0,20.0,0.625,0.006032045240339303,1,1.0,0.0,0.07692307692307693,1,38,0,0.0
692,1954,Graduation,Together,36807.0,1,1,1970-01-01,88,4.0,2.0,5.0,0.0,0.0,5.0,1,1,0,2,6,0,0,0,0,0,0,3.0,11.0,0,16.0,9.0,0.5625,0.00043469992121063927,3,0.3333333333333333,0.0,0.16666666666666666,2,60,0,0.0
736,1983,Graduation,Together,28427.0,1,0,1970-01-01,67,18.0,3.0,19.0,3.0,3.0,6.0,2,2,0,3,8,0,0,0,0,0,0,3.0,11.0,0,52.0,27.0,0.5192307692307693,0.001829246842790305,5,0.4,0.0,0.25,1,31,0,0.0
9589,1948,PhD,Widow,82032.0,0,0,2014-05-04,54,332.0,194.0,377.0,149.0,125.0,57.0,0,4,6,7,1,0,0,0,0,0,0,3.0,11.0,0,1234.0,514.0,0.4165316045380875,0.01504291008386971,17,0.23529411764705882,0.35294117647058826,4.0,0,66,0,0.0
4838,1978,Graduation,Together,22775.0,1,0,1970-01-01,40,5.0,1.0,8.0,0.0,0.0,1.0,1,1,0,2,8,0,0,0,0,0,0,3.0,11.0,0,15.0,6.0,0.4,0.0006586169045005489,3,0.3333333333333333,0.0,0.125,1,36,0,0.0
9246,1985,Master,Together,40101.0,1,0,1970-01-01,73,171.0,3.0,129.0,26.0,24.0,62.0,4,6,1,6,7,0,0,0,0,0,0,3.0,11.0,0,415.0,257.0,0.619277108433735,0.010348869105508592,13,0.46153846153846156,0.07692307692307693,0.8571428571428571,1,29,0,0.0
6261,1979,Graduation,Married,58025.0,0,1,1970-01-01,81,270.0,31.0,88.0,11.0,48.0,22.0,3,3,2,10,4,0,0,0,0,0,0,3.0,11.0,0,470.0,340.0,0.723404255319149,0.008099956915122792,15,0.2,0.13333333333333333,0.75,1,35,0,0.0
7366,1982,Master,Single,75777.0,0,0,2013-04-07,12,712.0,26.0,538.0,69.0,13.0,80.0,1,3,6,11,1,0,1,1,0,0,0,3.0,11.0,1,1438.0,805.0,0.5598052851182197,0.018976734365308733,20,0.15,0.3,3.0,0,32,2,0.4
10659,1979,2n Cycle,Together,7500.0,1,0,2013-07-05,7,2.0,8.0,11.0,3.0,8.0,21.0,4,3,2,2,7,0,0,0,0,0,0,3.0,11.0,0,53.0,31.0,0.5849056603773585,0.007066666666666666,7,0.42857142857142855,0.2857142857142857,0.42857142857142855,1,35,0,0.0
1448,1963,Master,Married,33562.0,1,2,1970-01-01,33,21.0,12.0,12.0,0.0,3.0,3.0,3,2,0,4,4,0,0,0,0,0,0,3.0,11.0,0,51.0,27.0,0.5294117647058824,0.0015195757106251117,6,0.3333333333333333,0.0,0.5,3,51,0,0.0
4286,1970,PhD,Single,57642.0,0,1,2014-09-01,24,580.0,6.0,58.0,8.0,0.0,27.0,3,7,6,6,4,1,0,0,0,0,0,3.0,11.0,0,679.0,607.0,0.8939617083946981,0.011779605149023282,19,0.3684210526315789,0.3157894736842105,1.75,1,44,1,0.2
4749,1968,Graduation,Together,58554.0,1,1,1970-01-01,55,368.0,24.0,68.0,38.0,0.0,88.0,6,8,2,6,7,0,0,0,0,0,0,3.0,11.0,0,586.0,456.0,0.7781569965870307,0.01000785599617447,16,0.5,0.125,1.1428571428571428,2,46,0,0.0
4478,1979,Graduation,Married,63777.0,1,1,1970-01-01,87,457.0,5.0,106.0,15.0,17.0,53.0,8,11,1,6,8,0,0,0,0,0,0,3.0,11.0,0,653.0,527.0,0.8070444104134763,0.010238800821612807,18,0.6111111111111112,0.05555555555555555,1.375,2,35,0,0.0
4201,1962,Graduation,Single,57967.0,0,1,2013-03-03,39,229.0,7.0,137.0,4.0,0.0,91.0,5,4,2,8,5,0,0,0,0,0,0,3.0,11.0,0,468.0,320.0,0.6837606837606838,0.008073559093967257,14,0.2857142857142857,0.14285714285714285,0.8,1,52,0,0.0
8720,1978,2n Cycle,Together,51371.0,0,0,2012-12-08,53,32.0,2.0,1607.0,12.0,4.0,22.0,0,0,0,1,0,0,1,0,0,0,0,3.0,11.0,0,1679.0,58.0,0.034544371649791544,0.03268380993167351,1,0.0,0.0,,0,36,1,0.2
10084,1972,Graduation,Married,24434.0,2,0,1970-01-01,9,3.0,2.0,8.0,20.0,0.0,17.0,2,2,1,2,7,0,0,0,0,0,0,3.0,11.0,0,50.0,20.0,0.4,0.0020463288859785544,5,0.4,0.2,0.2857142857142857,2,42,0,0.0
7004,1984,Graduation,Single,11012.0,1,0,1970-01-01,82,24.0,3.0,26.0,7.0,1.0,23.0,3,3,1,2,9,1,0,0,0,0,0,3.0,11.0,0,84.0,48.0,0.5714285714285714,0.007628042135851798,6,0.5,0.16666666666666666,0.3333333333333333,1,30,1,0.2
9817,1970,Master,Single,44802.0,0,0,1970-01-01,71,853.0,10.0,143.0,13.0,10.0,20.0,2,9,4,12,8,0,0,0,0,0,0,3.0,11.0,0,1049.0,883.0,0.8417540514775977,0.023414133297620644,25,0.36,0.16,1.125,0,44,0,0.0
8080,1986,Graduation,Single,26816.0,0,0,1970-01-01,50,5.0,1.0,6.0,3.0,4.0,3.0,1,0,0,3,4,0,0,0,0,0,0,3.0,11.0,0,22.0,12.0,0.5454545454545454,0.0008204057279236277,3,0.0,0.0,0.0,0,28,0,0.0
9432,1977,Graduation,Together,51371.0,1,0,2013-02-06,23,9.0,14.0,18.0,8.0,1.0,12.0,4,3,1,3,6,0,0,0,0,0,0,3.0,11.0,0,62.0,22.0,0.3548387096774194,0.0012069066204668003,7,0.42857142857142855,0.14285714285714285,0.5,1,37,0,0.0
8372,1974,Graduation,Married,34421.0,1,0,2013-01-07,81,3.0,3.0,7.0,6.0,2.0,9.0,1,1,0,2,7,0,0,0,0,0,0,3.0,11.0,0,30.0,14.0,0.4666666666666667,0.00087156096568955,3,0.3333333333333333,0.0,0.14285714285714285,1,40,0,0.0
10870,1967,Graduation,Married,61223.0,0,1,1970-01-01,46,709.0,43.0,182.0,42.0,118.0,247.0,2,9,3,4,5,0,0,0,0,0,0,3.0,11.0,0,1341.0,1074.0,0.8008948545861297,0.021903532985969327,16,0.5625,0.1875,1.8,1,47,0,0.0
4001,1946,PhD,Together,64014.0,2,1,2014-10-06,56,406.0,0.0,30.0,0.0,0.0,8.0,7,8,2,5,7,0,0,0,1,0,0,3.0,11.0,0,444.0,414.0,0.9324324324324325,0.006935982753772612,15,0.5333333333333333,0.13333333333333333,1.1428571428571428,3,68,1,0.2
7270,1981,Graduation,Divorced,56981.0,0,0,1970-01-01,91,908.0,48.0,217.0,32.0,12.0,24.0,1,2,3,13,6,0,1,0,0,0,0,3.0,11.0,0,1241.0,944.0,0.7606768734891217,0.021779189554412874,18,0.1111111111111111,0.16666666666666666,0.3333333333333333,0,33,1,0.2
8235,1956,Master,Together,69245.0,0,1,1970-01-01,8,428.0,30.0,214.0,80.0,30.0,61.0,2,6,5,10,3,0,0,0,0,0,0,3.0,11.0,0,843.0,519.0,0.6156583629893239,0.012174164199581197,21,0.2857142857142857,0.23809523809523808,2.0,1,58,0,0.0
9405,1954,PhD,Married,52869.0,1,1,1970-01-01,40,84.0,3.0,61.0,2.0,1.0,21.0,3,3,1,4,7,0,0,0,0,0,0,3.0,11.0,1,172.0,106.0,0.6162790697674418,0.0032533242542889026,8,0.375,0.125,0.42857142857142855,2,60,0,0.0
