Identifiant,Année_naissance,Education,Situation_matrimoniale,Revenu,Enfant_charge,Ado_charge,Date_acquisition_client,Nombre_jours_depuis_dernier_achat,Montant_vin,Montant_fruits,Montant_viande,Montant_poisson,Montant_sucreries,Montant_luxe,Nb_achats_promo,Achats_en_ligne,Achats_catalogue,Achats_magasin,Nb_visites_web_mois,Accepte_Campagne_3,Accepte_Campagne_4,Accepte_Campagne_5,Accepte_Campagne_1,Accepte_Campagne_2,Reclamation_client,Z_CostContact,Z_Revenue,Response,Nb_achats_total,Depense_totale,Recence_jours,Tenure_jours,Nb_categories_achetees,R_score,F_score,M_score,RFM_score
5524,1957,Graduation,Single,58138.0,0,0,2012-04-09,58,635.0,88.0,546.0,172.0,88.0,88.0,3,8,10,4,7,0,0,0,0,0,0,3.0,11.0,1,22,1617.0,58,4938.0,6,3,5,5,355
2174,1954,Graduation,Single,46344.0,1,1,2014-08-03,38,11.0,1.0,6.0,2.0,1.0,6.0,2,1,1,2,5,0,0,0,0,0,0,3.0,11.0,0,4,27.0,38,4092.0,6,4,1,1,411
4141,1965,Graduation,Together,71613.0,0,0,,26,426.0,49.0,127.0,111.0,21.0,42.0,1,8,2,10,4,0,0,0,0,0,0,3.0,11.0,0,20,776.0,26,,6,4,4,4,444
6182,1984,Graduation,Together,26646.0,1,0,2014-10-02,26,11.0,4.0,20.0,10.0,3.0,5.0,2,2,0,4,6,0,0,0,0,0,0,3.0,11.0,0,6,53.0,26,4032.0,6,4,2,1,421
5324,1981,PhD,Married,58293.0,1,0,,94,173.0,43.0,118.0,46.0,27.0,15.0,5,5,3,6,5,0,0,0,0,0,0,3.0,11.0,0,14,422.0,94,,6,1,3,3,133
7446,1967,Master,Together,62513.0,0,1,2013-09-09,16,520.0,42.0,98.0,0.0,42.0,14.0,2,6,4,10,6,0,0,0,0,0,0,3.0,11.0,0,20,716.0,16,4420.0,5,5,4,4,544
965,1971,Graduation,Divorced,55635.0,0,1,,34,235.0,65.0,164.0,50.0,49.0,27.0,4,7,3,7,6,0,0,0,0,0,0,3.0,11.0,0,17,590.0,34,,6,4,4,3,443
6177,1985,PhD,Married,33454.0,1,0,2013-08-05,32,76.0,10.0,56.0,3.0,1.0,23.0,2,4,0,4,8,0,0,0,0,0,0,3.0,11.0,0,8,169.0,32,4455.0,6,4,2,2,422
4855,1974,PhD,Together,30351.0,1,0,2013-06-06,19,14.0,0.0,24.0,3.0,3.0,2.0,1,3,0,2,9,0,0,0,0,0,0,3.0,11.0,1,5,46.0,19,4515.0,5,5,1,1,511
5899,1950,PhD,Together,5648.0,1,1,,68,28.0,0.0,6.0,1.0,1.0,13.0,1,1,0,0,20,1,0,0,0,0,0,3.0,11.0,0,1,49.0,68,,5,2,1,1,211
1994,1983,Graduation,Married,51371.0,1,0,,11,5.0,5.0,6.0,0.0,2.0,1.0,1,1,0,2,7,0,0,0,0,0,0,3.0,11.0,0,3,19.0,11,,5,5,1,1,511
387,1976,Basic,Married,7500.0,0,0,,59,6.0,16.0,11.0,11.0,1.0,16.0,1,2,0,3,8,0,0,0,0,0,0,3.0,11.0,0,5,61.0,59,,6,3,1,2,312
2125,1959,Graduation,Divorced,63033.0,0,0,,82,194.0,61.0,480.0,225.0,112.0,30.0,1,3,4,8,2,0,0,0,0,0,0,3.0,11.0,0,15,1102.0,82,,6,1,3,4,134
8180,1952,Master,Divorced,59354.0,1,1,,53,233.0,2.0,53.0,3.0,5.0,14.0,3,6,1,5,6,0,0,0,0,0,0,3.0,11.0,0,12,310.0,53,,6,3,3,3,333
2569,1987,Graduation,Married,17323.0,0,0,2012-10-10,38,3.0,14.0,17.0,6.0,1.0,5.0,1,1,0,3,8,0,0,0,0,0,0,3.0,11.0,0,4,46.0,38,4754.0,6,4,1,1,411
2114,1946,PhD,Single,82800.0,0,0,,23,1006.0,22.0,115.0,59.0,68.0,45.0,1,7,6,12,3,0,0,1,1,0,0,3.0,11.0,1,25,1315.0,23,,6,4,5,5,455
9736,1980,Graduation,Married,41850.0,1,1,,51,53.0,5.0,19.0,2.0,13.0,4.0,3,3,0,3,8,0,0,0,0,0,0,3.0,11.0,0,6,96.0,51,,6,3,2,2,322
4939,1946,Graduation,Together,37760.0,0,0,,20,84.0,5.0,38.0,150.0,12.0,28.0,2,4,1,6,7,0,0,0,0,0,0,3.0,11.0,0,11,317.0,20,,6,4,3,3,433
6565,1949,Master,Married,76995.0,0,1,,91,1012.0,80.0,498.0,0.0,16.0,176.0,2,11,4,9,5,0,0,0,1,0,0,3.0,11.0,0,24,1782.0,91,,5,1,5,5,155
2278,1985,2n Cycle,Single,33812.0,1,0,2012-03-11,86,4.0,17.0,19.0,30.0,24.0,39.0,2,2,1,3,6,0,0,0,0,0,0,3.0,11.0,0,6,133.0,86,4967.0,6,1,2,2,122
9360,1982,Graduation,Married,37040.0,0,0,2012-08-08,41,86.0,2.0,73.0,69.0,38.0,48.0,1,4,2,5,8,0,0,0,0,0,0,3.0,11.0,0,11,316.0,41,4817.0,6,3,3,3,333
5376,1979,Graduation,Married,2447.0,1,0,2013-06-01,42,1.0,1.0,1725.0,1.0,1.0,1.0,15,0,28,0,1,0,0,0,0,0,0,3.0,11.0,0,28,1730.0,42,4520.0,6,3,5,5,355
1993,1949,PhD,Married,58607.0,0,1,,63,867.0,0.0,86.0,0.0,0.0,19.0,3,2,3,9,8,0,1,0,0,0,0,3.0,11.0,0,14,972.0,63,,3,2,3,4,234
4047,1954,PhD,Married,65324.0,0,1,2014-11-01,0,384.0,0.0,102.0,21.0,32.0,5.0,3,6,2,9,4,0,0,0,0,0,0,3.0,11.0,0,17,544.0,0,4002.0,5,5,4,3,543
1409,1951,Graduation,Together,40689.0,0,1,,69,270.0,3.0,27.0,39.0,6.0,99.0,7,7,1,5,8,0,0,0,0,0,0,3.0,11.0,0,13,444.0,69,,6,2,3,3,233
7892,1969,Graduation,Single,18589.0,0,0,2013-02-01,89,6.0,4.0,25.0,15.0,12.0,13.0,2,2,1,3,7,0,0,0,0,0,0,3.0,11.0,0,6,75.0,89,4640.0,6,1,2,2,122
2404,1976,Graduation,Married,53359.0,1,1,,4,173.0,4.0,30.0,3.0,6.0,41.0,4,5,1,4,7,0,0,0,0,0,0,3.0,11.0,0,10,257.0,4,,6,5,3,3,533
5255,1986,Graduation,Single,51371.0,1,0,,19,5.0,1.0,3.0,3.0,263.0,362.0,0,27,0,0,1,0,0,0,0,0,0,3.0,11.0,0,27,637.0,19,,6,5,5,4,554
9422,1989,Graduation,Married,38360.0,1,0,,26,36.0,2.0,42.0,20.0,21.0,10.0,2,2,1,4,3,0,0,0,0,0,0,3.0,11.0,0,7,131.0,26,,6,4,2,2,422
1966,1965,PhD,Married,84618.0,0,0,,96,684.0,100.0,801.0,21.0,66.0,0.0,1,6,9,10,2,0,0,1,0,0,0,3.0,11.0,0,25,1672.0,96,,5,1,5,5,155
6864,1989,Master,Divorced,10979.0,0,0,,34,8.0,4.0,10.0,2.0,2.0,4.0,2,3,0,3,5,0,0,0,0,0,0,3.0,11.0,0,6,30.0,34,,6,4,2,1,421
3033,1963,Master,Together,38620.0,0,0,2013-11-05,56,112.0,17.0,44.0,34.0,22.0,89.0,1,2,5,3,3,0,0,0,0,0,0,3.0,11.0,0,10,318.0,56,4363.0,6,3,3,3,333
5710,1970,Graduation,Together,40548.0,0,1,2012-10-10,31,110.0,0.0,5.0,2.0,0.0,3.0,2,2,1,4,5,0,1,0,0,0,0,3.0,11.0,0,7,120.0,31,4754.0,4,4,2,2,422
7373,1952,PhD,Divorced,46610.0,0,2,,8,96.0,12.0,96.0,33.0,22.0,43.0,6,4,1,6,6,0,0,0,0,0,0,3.0,11.0,1,11,302.0,8,,6,5,3,3,533
8755,1946,Master,Married,68657.0,0,0,,4,482.0,34.0,471.0,119.0,68.0,22.0,1,3,5,9,7,0,0,0,0,0,0,3.0,11.0,0,17,1196.0,4,,6,5,4,5,545
10738,1951,Master,Single,49389.0,1,1,,55,40.0,0.0,19.0,2.0,1.0,3.0,1,2,0,3,7,0,0,0,0,0,0,3.0,11.0,0,5,65.0,55,,5,3,1,2,312
4339,1970,PhD,Married,67353.0,0,1,,37,702.0,17.0,151.0,0.0,8.0,35.0,5,5,6,12,2,0,0,0,0,0,0,3.0,11.0,0,23,913.0,37,,5,4,5,4,454
10755,1976,2n Cycle,Married,23718.0,1,0,2013-02-09,76,6.0,3.0,14.0,15.0,7.0,36.0,3,3,1,2,7,0,0,0,0,0,0,3.0,11.0,0,6,81.0,76,4632.0,6,2,2,2,222
8595,1973,Graduation,Widow,42429.0,0,1,2014-11-02,99,55.0,0.0,6.0,2.0,0.0,4.0,2,1,1,3,5,0,0,0,0,0,0,3.0,11.0,0,5,67.0,99,4001.0,4,1,1,2,112
2968,1943,PhD,Divorced,48948.0,0,0,2013-01-02,53,437.0,8.0,206.0,160.0,49.0,42.0,2,7,10,5,6,1,0,0,0,0,0,3.0,11.0,1,22,902.0,53,4670.0,6,3,5,4,354
8601,1980,Graduation,Married,80011.0,0,1,,3,421.0,76.0,536.0,82.0,178.0,102.0,2,8,6,5,4,0,0,0,0,0,0,3.0,11.0,0,19,1395.0,3,,6,5,4,5,545
503,1985,Master,Married,20559.0,1,0,2013-12-03,88,13.0,1.0,29.0,3.0,0.0,7.0,2,2,0,3,8,0,0,0,0,0,0,3.0,11.0,0,5,53.0,88,4335.0,5,1,1,1,111
8430,1957,Graduation,Together,21994.0,0,1,,4,9.0,0.0,6.0,3.0,1.0,3.0,1,0,0,3,5,0,0,0,0,0,0,3.0,11.0,0,3,22.0,4,,5,5,1,1,511
7281,1959,PhD,Single,51371.0,0,0,2013-05-11,80,81.0,11.0,50.0,3.0,2.0,39.0,1,1,3,4,2,0,0,0,0,0,0,3.0,11.0,0,8,186.0,80,4541.0,6,1,2,2,122
2139,1975,Master,Married,7500.0,1,0,2013-02-10,19,3.0,1.0,10.0,3.0,2.0,12.0,3,2,0,3,5,0,0,0,0,0,0,3.0,11.0,0,5,31.0,19,4631.0,6,5,1,1,511
1371,1976,Graduation,Single,79941.0,0,0,,72,123.0,164.0,266.0,227.0,30.0,174.0,1,2,4,9,1,0,0,0,0,0,0,3.0,11.0,0,15,984.0,72,,6,2,3,4,234
9909,1996,2n Cycle,Married,7500.0,0,0,2012-09-11,24,3.0,18.0,14.0,15.0,22.0,50.0,3,3,1,3,9,0,0,0,0,0,0,3.0,11.0,1,7,122.0,24,4783.0,6,4,2,2,422
7286,1968,Graduation,Together,41728.0,1,0,,92,13.0,6.0,15.0,3.0,5.0,13.0,1,2,0,2,10,0,0,0,0,0,0,3.0,11.0,0,4,55.0,92,,6,1,1,1,111
7244,1951,Graduation,Single,51371.0,2,1,2014-01-01,96,48.0,5.0,48.0,6.0,10.0,7.0,3,2,1,4,6,0,0,0,0,0,0,3.0,11.0,0,7,124.0,96,4306.0,6,1,2,2,122
6566,1954,PhD,Married,72550.0,1,1,2012-08-11,39,826.0,50.0,317.0,50.0,38.0,38.0,9,5,2,12,8,0,0,0,0,0,0,3.0,11.0,0,19,1319.0,39,4814.0,6,4,4,5,445
8614,1957,Graduation,Widow,65486.0,0,1,2014-12-05,29,245.0,19.0,125.0,37.0,67.0,14.0,1,4,2,10,2,0,0,0,0,0,0,3.0,11.0,0,16,507.0,29,3968.0,6,4,4,3,443
4114,1964,Master,Married,79143.0,0,0,2012-11-08,2,650.0,37.0,780.0,27.0,167.0,32.0,1,6,9,13,3,0,0,0,0,0,0,3.0,11.0,0,28,1693.0,2,4725.0,6,5,5,5,555
1331,1977,Graduation,Single,35790.0,1,0,2013-02-01,54,12.0,6.0,20.0,30.0,1.0,3.0,2,2,0,3,7,0,0,0,0,0,0,3.0,11.0,0,5,72.0,54,4640.0,6,3,1,2,312
2225,1977,Graduation,Divorced,82582.0,0,0,2014-07-06,54,510.0,120.0,550.0,156.0,40.0,241.0,1,4,9,7,1,1,0,0,1,0,0,3.0,11.0,1,20,1617.0,54,4120.0,6,3,4,5,345
9381,1978,Graduation,Married,66373.0,1,1,2013-12-06,57,328.0,9.0,124.0,12.0,24.0,109.0,7,4,2,10,3,0,0,0,0,0,0,3.0,11.0,0,16,606.0,57,4332.0,6,3,4,3,343
6260,1955,Master,Together,82384.0,0,0,,55,984.0,51.0,432.0,180.0,120.0,190.0,1,3,10,13,1,0,0,1,0,0,0,3.0,11.0,1,26,1957.0,55,,6,3,5,5,355
10383,1966,Graduation,Divorced,70287.0,0,0,2013-02-04,30,295.0,35.0,482.0,121.0,120.0,40.0,1,5,5,10,3,0,0,0,0,0,0,3.0,11.0,1,20,1093.0,30,4637.0,6,4,4,4,444
7437,1988,Graduation,Single,27938.0,1,0,,31,13.0,0.0,8.0,2.0,1.0,5.0,1,1,0,4,3,0,0,0,0,0,0,3.0,11.0,0,5,29.0,31,,5,4,1,1,411
8557,1982,Graduation,Single,51371.0,1,0,,57,11.0,3.0,22.0,2.0,2.0,6.0,2,2,0,3,6,0,0,0,0,0,0,3.0,11.0,0,5,46.0,57,,6,3,1,1,311
8375,1968,PhD,Married,55954.0,0,1,2014-03-03,63,447.0,0.0,28.0,0.0,0.0,43.0,3,8,2,6,7,0,0,0,0,0,0,3.0,11.0,0,16,518.0,63,4245.0,3,2,4,3,243
6853,1982,Master,Single,75777.0,0,0,2013-04-07,12,712.0,26.0,538.0,69.0,13.0,80.0,1,3,6,11,1,0,1,1,0,0,0,3.0,11.0,1,20,1438.0,12,4575.0,6,5,4,5,545
3076,1975,Graduation,Together,66653.0,1,1,2012-07-09,18,452.0,18.0,102.0,16.0,18.0,6.0,4,4,2,12,3,0,0,0,0,0,0,3.0,11.0,0,18,612.0,18,4847.0,6,5,4,3,543
1012,1952,Graduation,Single,61823.0,0,1,,26,523.0,7.0,134.0,37.0,14.0,169.0,4,8,2,10,7,0,0,0,0,0,0,3.0,11.0,0,20,884.0,26,,6,4,4,4,444
6518,1951,PhD,Widow,67680.0,0,1,2013-11-06,8,546.0,0.0,48.0,0.0,6.0,6.0,1,7,3,8,5,0,0,0,0,0,0,3.0,11.0,0,18,606.0,8,4362.0,4,5,4,3,543
4137,1948,Graduation,Together,70666.0,0,0,2013-06-12,29,398.0,40.0,367.0,119.0,122.0,30.0,1,7,4,4,4,0,0,0,0,0,0,3.0,11.0,0,15,1076.0,29,4509.0,6,4,3,4,434
8082,1971,Graduation,Married,25721.0,1,0,,75,1.0,3.0,6.0,3.0,6.0,15.0,1,1,1,2,7,0,0,0,0,0,0,3.0,11.0,1,4,34.0,75,,6,2,1,1,211
1386,1967,Graduation,Together,32474.0,1,1,2014-11-05,0,10.0,0.0,1.0,0.0,0.0,0.0,1,1,0,2,7,0,0,0,0,0,0,3.0,11.0,0,3,11.0,0,3998.0,2,5,1,1,511
9369,1979,2n Cycle,Single,88194.0,0,1,,19,688.0,14.0,309.0,201.0,24.0,38.0,1,11,10,10,5,1,0,0,1,0,0,3.0,11.0,1,31,1274.0,19,,6,5,5,5,555
4477,1958,Graduation,Together,69096.0,0,1,,4,247.0,49.0,159.0,7.0,82.0,109.0,1,5,2,10,4,0,0,0,0,0,0,3.0,11.0,0,17,653.0,4,,6,5,4,4,544
1357,1970,Graduation,Together,74854.0,1,2,2013-08-04,90,856.0,59.0,487.0,58.0,29.0,73.0,7,2,5,5,5,0,0,0,0,0,0,3.0,11.0,0,12,1562.0,90,4456.0,6,1,3,5,135
1402,1954,Master,Married,66991.0,0,0,2012-11-09,1,496.0,36.0,460.0,189.0,60.0,12.0,3,4,8,6,3,0,0,0,0,0,0,3.0,11.0,0,18,1253.0,1,4724.0,6,5,4,5,545
10629,1973,2n Cycle,Married,51371.0,1,0,,25,25.0,3.0,43.0,17.0,4.0,17.0,3,3,0,3,8,0,0,0,0,0,0,3.0,11.0,0,6,109.0,25,,6,4,2,2,422
6312,1959,Graduation,Married,65031.0,0,1,,29,258.0,107.0,291.0,84.0,37.0,86.0,4,10,3,13,7,0,0,0,0,0,0,3.0,11.0,0,26,863.0,29,,6,4,5,4,454
8132,1975,PhD,Married,60631.0,1,1,2013-05-04,88,565.0,6.0,65.0,0.0,6.0,19.0,5,9,2,8,7,0,1,0,0,0,0,3.0,11.0,0,19,661.0,88,4548.0,5,1,4,4,144
1050,1952,Graduation,Married,28332.0,0,0,,58,14.0,10.0,13.0,4.0,15.0,9.0,1,2,1,4,2,0,0,0,0,0,0,3.0,11.0,0,7,65.0,58,,6,3,2,2,322
5846,1977,Graduation,Divorced,40246.0,1,0,,68,2.0,1.0,6.0,2.0,1.0,1.0,1,1,0,2,6,0,0,0,0,0,0,3.0,11.0,0,3,13.0,68,,6,2,1,1,211
1859,1972,Master,Married,75251.0,0,0,,34,721.0,111.0,925.0,97.0,18.0,18.0,1,7,6,5,5,0,0,0,0,0,0,3.0,11.0,1,18,1890.0,34,,6,4,4,5,445
7503,1976,Graduation,Single,75825.0,0,0,2012-12-10,40,1032.0,105.0,779.0,137.0,105.0,51.0,0,5,8,9,4,1,0,0,0,0,0,3.0,11.0,1,22,2209.0,40,4693.0,6,3,5,5,355
10401,1976,2n Cycle,Together,26326.0,0,0,2013-04-09,12,1.0,0.0,5.0,0.0,3.0,9.0,1,0,0,3,3,0,0,0,0,0,1,3.0,11.0,0,3,18.0,12,4573.0,4,5,1,1,511
1618,1965,Graduation,Together,56046.0,0,0,2013-02-01,9,577.0,0.0,64.0,0.0,0.0,51.0,2,10,1,8,8,1,0,0,0,0,0,3.0,11.0,1,19,692.0,9,4640.0,3,5,4,4,544
3332,1985,Graduation,Single,29760.0,1,0,,87,64.0,4.0,68.0,7.0,5.0,17.0,4,3,1,4,8,0,0,0,0,0,0,3.0,11.0,0,8,165.0,87,,6,1,2,2,122
2261,1969,Graduation,Married,26304.0,1,0,,5,4.0,1.0,5.0,2.0,0.0,4.0,1,1,0,2,7,0,0,0,0,0,0,3.0,11.0,0,3,16.0,5,,5,5,1,1,511
5346,1973,2n Cycle,Married,23559.0,1,0,2013-03-07,87,25.0,5.0,19.0,7.0,0.0,23.0,3,3,0,3,7,0,0,0,0,0,0,3.0,11.0,0,6,79.0,87,4606.0,5,1,2,2,122
4119,1963,Master,Together,38620.0,0,0,2013-11-05,56,112.0,17.0,44.0,34.0,22.0,89.0,1,2,5,3,3,0,0,0,0,0,0,3.0,11.0,0,10,318.0,56,4363.0,6,3,3,3,333
535,1987,Graduation,Divorced,81361.0,0,0,,18,163.0,23.0,424.0,27.0,65.0,76.0,1,3,10,13,1,0,0,0,0,0,0,3.0,11.0,0,26,778.0,18,,6,5,5,4,554
5268,1960,Graduation,Married,29440.0,1,1,2013-11-08,95,17.0,8.0,14.0,10.0,4.0,3.0,2,1,0,4,7,0,0,0,0,0,0,3.0,11.0,0,5,56.0,95,4360.0,6,1,1,2,112
273,1970,Master,Married,36138.0,1,1,,48,130.0,0.0,16.0,0.0,0.0,5.0,5,3,1,4,7,0,1,0,0,0,0,3.0,11.0,0,8,151.0,48,,3,3,2,2,322
4452,1957,Graduation,Single,50388.0,0,1,,3,292.0,6.0,37.0,0.0,3.0,34.0,4,6,1,6,7,0,1,0,1,0,0,3.0,11.0,1,13,372.0,3,,5,5,3,3,533
8504,1973,Graduation,Married,79593.0,0,0,2014-12-05,70,350.0,60.0,568.0,110.0,133.0,145.0,1,5,6,7,2,0,0,1,0,0,0,3.0,11.0,0,18,1366.0,70,3968.0,6,2,4,5,245
771,1967,Graduation,Together,54178.0,0,1,,79,135.0,9.0,39.0,4.0,0.0,7.0,1,2,2,5,2,0,0,0,0,0,0,3.0,11.0,0,9,194.0,79,,5,2,2,3,223
8996,1957,PhD,Married,51371.0,2,1,,4,230.0,42.0,192.0,49.0,37.0,53.0,12,7,2,8,9,0,0,0,0,0,0,3.0,11.0,0,17,603.0,4,,6,5,4,3,543
9235,1957,Graduation,Single,51371.0,1,1,,45,7.0,0.0,8.0,2.0,0.0,1.0,1,1,0,2,7,0,0,0,0,0,0,3.0,11.0,0,3,18.0,45,,4,3,1,1,311
5798,1973,Master,Together,51371.0,0,0,,87,445.0,37.0,359.0,98.0,28.0,18.0,1,2,4,8,1,0,0,0,0,0,0,3.0,11.0,0,14,985.0,87,,6,1,3,4,134
11178,1972,Master,Single,42394.0,1,0,,69,15.0,2.0,10.0,0.0,1.0,4.0,1,1,0,3,7,0,0,0,0,0,0,3.0,11.0,0,4,32.0,69,,5,2,1,1,211
2230,1970,PhD,Married,23626.0,1,0,,84,27.0,2.0,14.0,0.0,0.0,0.0,3,3,1,3,5,0,0,0,0,0,0,3.0,11.0,0,7,43.0,84,,3,1,2,1,121
7516,1983,Graduation,Married,30096.0,1,0,,30,5.0,3.0,11.0,12.0,5.0,9.0,1,2,0,3,6,0,0,0,0,0,0,3.0,11.0,0,5,45.0,30,,6,4,1,1,411
7247,1960,Graduation,Widow,47916.0,0,1,,72,505.0,0.0,26.0,0.0,0.0,75.0,5,7,4,6,6,0,1,0,0,0,0,3.0,11.0,0,17,606.0,72,,3,2,4,3,243
11100,1972,Graduation,Divorced,51813.0,1,1,2013-11-04,37,51.0,2.0,7.0,0.0,1.0,2.0,2,2,0,3,7,0,0,0,0,0,0,3.0,11.0,0,5,63.0,37,4364.0,5,4,1,2,412
4646,1951,2n Cycle,Married,78497.0,0,0,2013-01-12,44,207.0,26.0,447.0,75.0,0.0,223.0,1,5,7,12,2,0,0,0,1,0,0,3.0,11.0,0,24,978.0,44,4660.0,5,3,5,4,354
3037,1983,PhD,Married,50150.0,0,0,,32,135.0,46.0,92.0,65.0,61.0,11.0,2,5,2,7,5,0,0,0,0,0,0,3.0,11.0,0,14,410.0,32,,6,4,3,3,433
1473,1960,2n Cycle,Single,47823.0,0,1,,0,53.0,1.0,5.0,2.0,1.0,10.0,2,2,0,3,8,0,0,0,0,0,0,3.0,11.0,0,5,72.0,0,,6,5,1,2,512
1016,1959,PhD,Single,34554.0,0,1,,43,41.0,1.0,6.0,2.0,0.0,5.0,2,2,0,3,6,0,0,0,0,0,0,3.0,11.0,0,5,55.0,43,,5,3,1,1,311
4518,1979,Graduation,Together,85693.0,0,1,,59,386.0,172.0,183.0,185.0,132.0,111.0,2,9,5,11,5,0,0,0,0,0,0,3.0,11.0,0,25,1169.0,59,,6,3,5,4,354
9370,1945,PhD,Married,65846.0,0,0,,68,562.0,81.0,276.0,80.0,40.0,81.0,1,6,3,6,4,0,0,0,0,0,0,3.0,11.0,0,15,1120.0,68,,6,2,3,4,234
8908,1959,Graduation,Married,87195.0,0,0,2014-08-05,35,217.0,76.0,690.0,50.0,26.0,38.0,1,3,11,5,1,0,0,0,0,0,0,3.0,11.0,1,19,1097.0,35,4090.0,6,4,4,4,444
8373,1979,Basic,Together,24594.0,1,0,2013-10-12,94,1.0,3.0,6.0,10.0,0.0,9.0,1,1,0,3,5,0,0,0,0,0,0,3.0,11.0,0,4,29.0,94,4387.0,5,1,1,1,111
7533,1964,Graduation,Married,49096.0,1,1,,15,144.0,1.0,32.0,2.0,1.0,7.0,4,4,1,4,7,0,0,0,0,0,0,3.0,11.0,0,9,187.0,15,,6,5,3,2,532
2683,1969,Graduation,Married,52413.0,0,2,2013-02-02,56,295.0,106.0,271.0,75.0,98.0,65.0,4,6,4,12,6,0,0,0,0,0,0,3.0,11.0,0,22,910.0,56,4639.0,6,3,5,4,354
3629,1978,Graduation,Single,38557.0,1,0,,17,76.0,3.0,31.0,4.0,4.0,27.0,2,3,1,3,7,0,0,0,0,0,0,3.0,11.0,0,7,145.0,17,,6,5,2,2,522
10991,1960,Master,Married,89058.0,0,0,2012-07-12,18,454.0,194.0,106.0,31.0,22.0,43.0,1,5,4,4,2,0,0,0,0,0,0,3.0,11.0,0,13,850.0,18,4844.0,6,5,3,4,534
5077,1979,Graduation,Together,77298.0,0,1,2013-02-11,46,425.0,115.0,292.0,23.0,35.0,79.0,1,6,6,11,3,0,0,0,0,0,0,3.0,11.0,0,23,969.0,46,4630.0,6,3,5,4,354
7431,1991,PhD,Single,68126.0,0,0,2012-10-11,40,1332.0,17.0,311.0,23.0,51.0,86.0,1,7,4,5,9,0,1,0,0,0,0,3.0,11.0,1,16,1820.0,40,4753.0,6,3,4,5,345
3267,1963,Master,Together,57288.0,0,1,,27,527.0,0.0,21.0,0.0,0.0,60.0,3,8,1,8,6,0,1,0,0,0,0,3.0,11.0,0,17,608.0,27,,3,4,4,3,443
999,1991,Graduation,Single,86037.0,0,0,2013-02-01,95,490.0,44.0,125.0,29.0,20.0,22.0,1,6,7,11,3,0,1,1,0,0,0,3.0,11.0,1,24,730.0,95,4640.0,6,1,5,4,154
9215,1980,PhD,Married,43974.0,1,0,2012-12-12,19,378.0,0.0,101.0,0.0,0.0,72.0,5,6,4,6,7,0,0,0,0,0,0,3.0,11.0,0,16,551.0,19,4691.0,3,5,4,3,543
2286,1962,Graduation,Single,50785.0,1,1,2013-10-09,27,64.0,1.0,21.0,0.0,1.0,27.0,2,2,1,3,6,0,0,0,0,0,0,3.0,11.0,0,6,114.0,27,4390.0,5,4,2,2,422
1592,1970,Graduation,Married,90765.0,0,0,,25,547.0,99.0,812.0,151.0,82.0,33.0,0,4,6,5,1,0,0,1,1,0,0,3.0,11.0,0,15,1724.0,25,,6,4,3,5,435
367,1978,2n Cycle,Married,36550.0,1,0,,74,47.0,90.0,94.0,123.0,103.0,120.0,5,9,1,5,9,0,0,0,0,0,0,3.0,11.0,0,15,577.0,74,,6,2,3,3,233
5234,1967,2n Cycle,Together,30753.0,1,1,2013-11-07,85,12.0,5.0,25.0,0.0,9.0,30.0,2,1,1,3,5,0,0,0,0,0,0,3.0,11.0,0,5,81.0,85,4361.0,5,1,1,2,112
9862,1969,Graduation,Together,21918.0,1,0,,37,1.0,6.0,7.0,11.0,5.0,3.0,2,2,0,3,6,0,0,0,0,0,0,3.0,11.0,0,5,33.0,37,,6,4,1,1,411
9805,1953,Master,Together,56129.0,0,1,,65,320.0,48.0,133.0,39.0,72.0,48.0,4,6,2,10,4,0,0,0,0,0,0,3.0,11.0,0,18,660.0,65,,6,2,4,4,244
6205,1967,Master,Single,32557.0,1,0,,13,34.0,3.0,29.0,0.0,4.0,10.0,3,2,1,3,5,0,0,0,0,0,0,3.0,11.0,1,6,80.0,13,,5,5,2,2,522
8442,1985,Master,Married,19510.0,2,0,2013-04-09,63,9.0,0.0,7.0,3.0,4.0,7.0,2,1,0,3,7,0,0,0,0,0,0,3.0,11.0,0,4,30.0,63,4573.0,5,2,1,1,211
7386,1976,Graduation,Divorced,30992.0,1,0,,83,17.0,0.0,14.0,7.0,3.0,2.0,1,1,0,3,7,0,0,0,0,0,0,3.0,11.0,0,4,43.0,83,,5,1,1,1,111
7215,1983,Graduation,Single,101970.0,0,0,2013-12-03,69,722.0,27.0,102.0,44.0,72.0,168.0,0,6,8,13,2,0,1,1,1,0,0,3.0,11.0,1,27,1135.0,69,4335.0,6,2,5,4,254
1491,1965,2n Cycle,Together,71488.0,0,0,,87,162.0,33.0,124.0,40.0,28.0,172.0,2,3,4,7,1,0,0,0,0,0,0,3.0,11.0,0,14,559.0,87,,6,1,3,3,133
11071,1984,Graduation,Single,79607.0,0,0,,37,450.0,133.0,951.0,173.0,0.0,216.0,1,3,6,6,1,0,0,0,0,0,0,3.0,11.0,1,15,1923.0,37,,5,4,3,5,435
3381,1953,Master,Married,54348.0,1,1,2014-08-06,51,70.0,0.0,16.0,0.0,0.0,4.0,2,2,0,4,6,0,0,0,0,0,0,3.0,11.0,0,6,90.0,51,4089.0,3,3,2,2,322
8268,1961,PhD,Married,51371.0,0,1,2013-11-07,23,352.0,0.0,27.0,10.0,0.0,15.0,3,6,1,7,6,0,0,0,0,0,0,3.0,11.0,0,14,404.0,23,4361.0,4,4,3,3,433
11051,1956,PhD,Together,77376.0,1,1,2014-10-05,72,492.0,19.0,110.0,16.0,12.0,12.0,4,6,3,10,4,0,0,0,0,0,0,3.0,11.0,0,19,661.0,72,4029.0,6,2,4,4,244
8026,1952,Graduation,Married,62998.0,0,1,,10,120.0,58.0,73.0,65.0,89.0,58.0,5,5,4,5,5,0,0,0,0,0,0,3.0,11.0,0,14,463.0,10,,6,5,3,3,533
433,1958,Master,Single,61331.0,1,1,2013-10-03,42,534.0,5.0,47.0,0.0,5.0,41.0,5,11,1,6,8,0,0,0,0,0,0,3.0,11.0,0,18,632.0,42,4396.0,5,3,4,3,343
9597,1969,Graduation,Married,73448.0,0,0,2014-10-02,10,236.0,106.0,189.0,23.0,41.0,130.0,1,7,2,9,4,0,0,0,0,0,0,3.0,11.0,0,18,725.0,10,4032.0,6,5,4,4,544
1295,1963,Graduation,Married,51371.0,0,1,2013-11-08,96,231.0,65.0,196.0,38.0,71.0,124.0,1,6,5,7,4,0,0,0,0,0,0,3.0,11.0,0,18,725.0,96,4360.0,6,1,4,4,144
5290,1964,PhD,Married,41551.0,1,1,,51,220.0,0.0,33.0,3.0,0.0,23.0,5,5,1,5,8,0,0,0,0,0,0,3.0,11.0,0,11,279.0,51,,4,3,3,3,333
1685,1967,PhD,Together,62981.0,0,0,,21,796.0,14.0,590.0,38.0,44.0,0.0,1,4,5,13,3,0,1,0,0,0,0,3.0,11.0,0,22,1482.0,21,,5,4,5,5,455
5342,1976,Basic,Divorced,9548.0,1,0,2012-08-08,31,0.0,1.0,3.0,10.0,6.0,9.0,2,1,0,3,8,0,0,0,0,0,0,3.0,11.0,0,4,29.0,31,4817.0,5,4,1,1,411
9579,1959,PhD,Married,33762.0,2,1,2013-07-07,61,53.0,1.0,34.0,2.0,0.0,16.0,3,2,2,2,8,0,0,0,0,0,0,3.0,11.0,0,6,106.0,61,4484.0,5,2,2,2,222
7660,1973,PhD,Single,35860.0,1,1,,37,15.0,0.0,8.0,4.0,2.0,20.0,2,1,1,2,5,1,0,0,0,0,0,3.0,11.0,1,4,49.0,37,,5,4,1,1,411
1461,1965,PhD,Divorced,36921.0,1,1,,74,17.0,1.0,12.0,3.0,1.0,4.0,2,2,0,3,7,0,0,0,0,0,0,3.0,11.0,0,5,38.0,74,,6,2,1,1,211
821,1992,Master,Single,92859.0,0,0,,46,962.0,61.0,921.0,52.0,61.0,20.0,1,5,4,12,2,0,0,0,0,0,0,3.0,11.0,0,21,2077.0,46,,6,3,5,5,355
11084,1976,Master,Together,65104.0,0,1,,4,738.0,0.0,232.0,13.0,20.0,50.0,2,3,5,7,7,0,0,0,0,0,0,3.0,11.0,1,15,1053.0,4,,5,5,3,4,534
8690,1962,Graduation,Married,86111.0,0,0,,73,399.0,28.0,756.0,36.0,40.0,126.0,1,5,7,10,2,0,0,0,0,0,0,3.0,11.0,0,22,1385.0,73,,6,2,5,5,255
2937,1974,PhD,Single,68352.0,0,1,,47,614.0,16.0,132.0,43.0,33.0,33.0,3,8,5,9,6,0,0,0,0,0,0,3.0,11.0,0,22,871.0,47,,6,3,5,4,354
9701,1988,Graduation,Together,41883.0,1,0,,13,32.0,34.0,41.0,73.0,16.0,116.0,3,4,2,3,7,0,0,0,0,0,0,3.0,11.0,0,9,312.0,13,,6,5,3,3,533
9949,1976,Graduation,Married,59809.0,0,2,,36,598.0,16.0,141.0,32.0,41.0,49.0,3,3,3,6,8,0,0,0,0,0,0,3.0,11.0,0,12,877.0,36,,6,4,3,4,434
10837,1975,Graduation,Married,23957.0,1,0,,47,2.0,1.0,18.0,20.0,11.0,16.0,1,2,0,3,6,0,0,0,0,0,0,3.0,11.0,1,5,68.0,47,,6,3,1,2,312
3120,1981,Graduation,Together,38547.0,1,0,,49,6.0,1.0,10.0,0.0,1.0,4.0,1,1,0,2,8,0,0,0,0,0,1,3.0,11.0,0,3,22.0,49,,5,3,1,1,311
5885,1973,2n Cycle,Married,35688.0,2,1,,94,73.0,3.0,90.0,12.0,1.0,32.0,7,4,1,4,8,0,0,0,0,0,0,3.0,11.0,0,9,211.0,94,,6,1,3,3,133
4050,1966,Master,Married,49605.0,0,0,,65,42.0,16.0,29.0,12.0,20.0,8.0,1,2,1,4,3,0,0,0,0,0,0,3.0,11.0,0,7,127.0,65,,6,2,2,2,222
3830,1953,Master,Married,59354.0,0,2,,59,295.0,21.0,78.0,39.0,13.0,13.0,1,4,4,7,3,0,0,0,0,0,0,3.0,11.0,0,15,459.0,59,,6,3,3,3,333
7987,1969,Graduation,Married,65747.0,0,1,2014-07-03,96,346.0,17.0,48.0,23.0,13.0,13.0,4,8,1,6,6,0,1,0,0,0,0,3.0,11.0,0,15,460.0,96,4123.0,6,1,3,3,133
7798,1972,2n Cycle,Together,46344.0,0,1,,28,233.0,20.0,57.0,8.0,20.0,91.0,4,7,1,5,7,0,0,0,0,0,0,3.0,11.0,0,13,429.0,28,,6,4,3,3,433
92,1988,Graduation,Single,34176.0,1,0,2014-12-05,12,5.0,7.0,24.0,19.0,14.0,20.0,4,3,0,4,6,0,0,0,0,0,0,3.0,11.0,0,7,89.0,12,3968.0,6,5,2,2,522
7055,1952,PhD,Together,61010.0,0,1,2012-09-10,57,888.0,0.0,57.0,0.0,0.0,76.0,2,8,5,11,5,0,0,0,0,0,0,3.0,11.0,0,24,1021.0,57,4784.0,3,3,5,4,354
10240,1949,Graduation,Together,69372.0,0,0,,10,997.0,26.0,269.0,34.0,13.0,42.0,1,10,4,6,4,0,1,1,0,0,0,3.0,11.0,1,20,1381.0,10,,6,5,4,5,545
3025,1958,Graduation,Single,49967.0,0,1,2013-08-07,4,212.0,6.0,69.0,4.0,12.0,3.0,3,6,1,5,7,0,0,0,0,0,0,3.0,11.0,0,12,306.0,4,4453.0,6,5,3,3,533
9283,1978,Graduation,Single,60199.0,1,2,2013-12-09,49,8.0,1.0,7.0,2.0,0.0,0.0,1,0,0,3,4,0,0,0,0,0,0,3.0,11.0,0,3,18.0,49,4329.0,4,3,1,1,311
9970,1977,Graduation,Together,55375.0,0,1,,3,42.0,11.0,57.0,10.0,28.0,14.0,1,1,1,6,2,0,0,0,0,0,0,3.0,11.0,0,8,162.0,3,,6,5,2,2,522
2730,1955,Graduation,Single,80317.0,0,0,,64,536.0,11.0,387.0,149.0,91.0,57.0,1,3,4,10,1,0,0,0,0,0,0,3.0,11.0,0,17,1231.0,64,,6,2,4,5,245
2795,1958,Master,Single,30523.0,2,1,2013-01-07,0,5.0,0.0,3.0,0.0,0.0,5.0,1,1,0,2,7,0,0,0,0,0,0,3.0,11.0,0,3,13.0,0,4665.0,3,5,1,1,511
9260,1945,PhD,Married,70356.0,0,0,2012-05-11,20,1349.0,16.0,249.0,43.0,16.0,33.0,2,10,6,9,6,0,0,0,0,0,0,3.0,11.0,0,25,1706.0,20,4906.0,6,4,5,5,455
8182,1984,Graduation,Married,23228.0,1,0,2014-05-01,91,53.0,3.0,49.0,7.0,4.0,5.0,4,3,0,4,8,0,0,0,0,0,0,3.0,11.0,0,7,121.0,91,4186.0,6,1,2,2,122
10095,1975,PhD,Divorced,74165.0,0,0,2013-01-05,9,1001.0,12.0,240.0,16.0,12.0,12.0,1,5,4,10,2,0,0,0,0,0,0,3.0,11.0,0,19,1293.0,9,4667.0,6,5,4,5,545
8475,1973,PhD,Married,157243.0,0,1,2014-01-03,98,20.0,2.0,1582.0,1.0,2.0,1.0,15,0,22,0,0,0,0,0,0,0,0,3.0,11.0,0,22,1608.0,98,4304.0,6,1,5,5,155
4370,1966,Graduation,Together,43482.0,2,1,,83,18.0,1.0,32.0,6.0,3.0,28.0,3,2,0,4,6,0,0,0,0,0,0,3.0,11.0,0,6,88.0,83,,6,1,2,2,122
10573,1953,Graduation,Divorced,62551.0,0,0,,27,125.0,16.0,98.0,134.0,21.0,27.0,1,6,7,4,3,1,0,0,0,0,0,3.0,11.0,0,17,421.0,27,,6,4,4,3,443
3712,1959,Graduation,Divorced,52332.0,0,0,,63,212.0,5.0,33.0,7.0,0.0,2.0,1,3,2,6,4,0,1,0,0,0,0,3.0,11.0,0,11,259.0,63,,5,2,3,3,233
6637,1988,Graduation,Single,66951.0,0,0,2013-02-11,46,277.0,162.0,305.0,173.0,76.0,124.0,1,3,4,7,1,0,0,0,0,0,0,3.0,11.0,0,14,1117.0,46,4630.0,6,3,3,4,334
3152,1957,Graduation,Together,26091.0,1,1,,84,15.0,10.0,19.0,8.0,17.0,20.0,3,2,1,3,5,0,0,0,0,0,0,3.0,11.0,0,6,89.0,84,,6,1,2,2,122
5610,1965,Graduation,Together,33456.0,1,1,,58,7.0,3.0,10.0,8.0,1.0,7.0,2,1,0,3,7,0,0,0,0,0,0,3.0,11.0,0,4,36.0,58,,6,3,1,1,311
6460,1982,Graduation,Married,28718.0,1,0,,78,12.0,4.0,6.0,11.0,8.0,16.0,2,2,0,3,8,0,0,0,0,0,0,3.0,11.0,0,5,57.0,78,,6,2,1,2,212
1349,1970,Graduation,Married,50447.0,2,0,,4,85.0,7.0,24.0,2.0,3.0,27.0,1,3,1,3,6,0,0,0,0,0,0,3.0,11.0,0,7,148.0,4,,6,5,2,2,522
1880,1959,PhD,Together,53537.0,1,1,,17,81.0,0.0,6.0,0.0,0.0,6.0,2,2,1,3,5,0,0,0,0,0,0,3.0,11.0,0,6,93.0,17,,3,5,2,2,522
641,1967,Graduation,Single,52074.0,0,1,2014-04-04,77,59.0,0.0,12.0,0.0,0.0,48.0,1,2,2,2,4,1,0,0,0,0,0,3.0,11.0,0,6,119.0,77,4213.0,3,2,2,2,222
8717,1975,PhD,Married,80427.0,0,1,2012-12-09,56,1149.0,71.0,449.0,69.0,71.0,26.0,1,11,8,8,5,0,0,0,0,0,0,3.0,11.0,0,27,1835.0,56,4694.0,6,3,5,5,355
10314,1948,PhD,Married,83837.0,0,0,,79,847.0,66.0,119.0,86.0,89.0,111.0,1,9,10,5,4,0,1,0,1,0,0,3.0,11.0,1,24,1318.0,79,,6,2,5,5,255
10854,1970,PhD,Married,38853.0,1,1,,90,29.0,0.0,14.0,0.0,0.0,2.0,2,2,0,3,7,0,0,0,0,0,0,3.0,11.0,0,5,45.0,90,,3,1,1,1,111
10492,1959,Graduation,Together,38285.0,2,1,,96,2.0,0.0,5.0,2.0,0.0,1.0,1,0,0,3,2,0,0,0,0,0,0,3.0,11.0,0,3,10.0,96,,4,1,1,1,111
6935,1951,2n Cycle,Married,78497.0,0,0,2013-01-12,44,207.0,26.0,447.0,75.0,0.0,223.0,1,5,7,12,2,0,0,0,1,0,0,3.0,11.0,0,24,978.0,44,4660.0,5,3,5,4,354
7698,1976,PhD,Married,51650.0,0,1,2014-11-05,81,152.0,3.0,22.0,2.0,5.0,7.0,1,4,1,4,5,0,0,0,0,0,0,3.0,11.0,0,9,191.0,81,3998.0,6,1,3,2,132
3559,1988,2n Cycle,Married,16248.0,1,0,2014-10-05,77,12.0,11.0,10.0,3.0,12.0,9.0,3,2,1,3,6,0,0,0,0,0,0,3.0,11.0,0,6,57.0,77,4029.0,6,2,2,2,222
10562,1946,Master,Married,66835.0,0,0,,21,620.0,26.0,195.0,34.0,17.0,141.0,1,6,4,13,2,0,0,0,0,0,0,3.0,11.0,0,23,1033.0,21,,6,4,5,4,454
10796,1984,Master,Married,30477.0,1,0,,16,47.0,1.0,6.0,0.0,0.0,12.0,1,1,1,3,6,0,0,0,0,0,0,3.0,11.0,0,5,66.0,16,,4,5,1,2,512
2563,1961,Basic,Married,28249.0,0,0,,80,1.0,9.0,7.0,2.0,14.0,10.0,1,2,0,3,6,0,0,0,0,0,0,3.0,11.0,0,5,43.0,80,,6,1,1,1,111
3518,1983,Graduation,Married,25271.0,1,0,2012-05-12,45,10.0,1.0,18.0,10.0,4.0,7.0,1,1,1,2,9,0,0,0,0,0,0,3.0,11.0,0,4,50.0,45,4905.0,6,3,1,1,311
5823,1970,PhD,Single,32303.0,0,1,2014-08-03,63,35.0,0.0,2.0,0.0,0.0,2.0,2,1,0,4,5,0,0,0,0,0,0,3.0,11.0,0,5,39.0,63,4092.0,3,2,1,1,211
3934,1966,Graduation,Married,61286.0,0,1,2013-02-08,34,356.0,0.0,107.0,19.0,9.0,117.0,2,7,1,8,5,0,0,0,0,0,0,3.0,11.0,0,16,608.0,34,4633.0,5,4,4,3,443
6982,1976,Graduation,Married,74068.0,0,0,,14,783.0,30.0,537.0,140.0,76.0,15.0,1,4,10,9,2,0,0,0,0,0,0,3.0,11.0,0,23,1581.0,14,,6,5,5,5,555
6431,1964,PhD,Married,45759.0,1,1,,13,42.0,1.0,18.0,3.0,0.0,4.0,2,2,0,3,7,0,0,0,0,0,0,3.0,11.0,0,5,68.0,13,,5,5,1,2,512
9733,1978,Basic,Together,24882.0,1,0,2012-09-09,52,1.0,4.0,10.0,29.0,0.0,36.0,1,1,1,2,6,1,0,0,0,0,0,3.0,11.0,0,4,80.0,52,4785.0,5,3,1,2,312
5602,1989,PhD,Together,66973.0,0,0,,98,466.0,22.0,432.0,147.0,113.0,102.0,1,8,7,12,3,0,0,0,0,0,0,3.0,11.0,0,27,1282.0,98,,6,1,5,5,155
1324,1988,Graduation,Married,38872.0,1,0,,93,23.0,3.0,21.0,3.0,19.0,22.0,2,3,0,3,8,0,0,0,0,0,0,3.0,11.0,0,6,91.0,93,,6,1,2,2,122
326,1973,Graduation,Married,51148.0,1,1,,38,235.0,6.0,45.0,8.0,9.0,12.0,4,5,1,6,6,0,0,0,0,0,0,3.0,11.0,0,12,315.0,38,,6,4,3,3,433
7224,1977,Graduation,Married,31353.0,1,1,,24,10.0,0.0,10.0,3.0,1.0,7.0,2,1,1,2,8,0,0,0,0,0,0,3.0,11.0,0,4,31.0,24,,5,4,1,1,411
6999,1980,Master,Married,69661.0,0,0,,80,656.0,16.0,106.0,32.0,16.0,8.0,1,7,3,12,3,0,0,0,0,0,0,3.0,11.0,0,22,834.0,80,,6,1,5,4,154
9938,1954,Graduation,Married,80067.0,0,0,,82,519.0,17.0,813.0,27.0,173.0,51.0,1,4,6,6,2,0,0,1,0,0,0,3.0,11.0,0,16,1600.0,82,,6,1,4,5,145
6422,1954,Graduation,Married,86718.0,0,0,,20,344.0,189.0,482.0,50.0,33.0,172.0,1,5,6,5,2,0,0,0,0,0,0,3.0,11.0,0,16,1270.0,20,,6,4,4,5,445
3182,1973,PhD,Single,46854.0,1,1,,81,96.0,1.0,79.0,7.0,1.0,79.0,6,5,1,3,8,1,0,0,0,0,0,3.0,11.0,1,9,263.0,81,,6,1,3,3,133
7300,1952,Graduation,Divorced,69142.0,0,1,,50,448.0,4.0,34.0,6.0,4.0,39.0,3,8,1,7,5,0,1,0,0,0,0,3.0,11.0,0,16,535.0,50,,6,3,4,3,343
10424,1968,Graduation,Single,75922.0,0,0,2013-09-12,60,265.0,138.0,553.0,224.0,23.0,92.0,1,4,4,9,1,0,0,0,0,0,0,3.0,11.0,0,17,1295.0,60,4417.0,6,2,4,5,245
8727,1978,Graduation,Divorced,63693.0,0,1,,63,587.0,43.0,337.0,42.0,87.0,54.0,3,11,6,9,6,0,0,0,0,0,0,3.0,11.0,0,26,1150.0,63,,6,2,5,4,254
2798,1977,PhD,Together,102160.0,0,0,2012-02-11,54,763.0,29.0,138.0,76.0,176.0,58.0,0,7,9,10,4,0,1,1,1,0,0,3.0,11.0,1,26,1240.0,54,4996.0,6,3,5,5,355
1030,1965,PhD,Single,40637.0,1,1,,72,22.0,0.0,13.0,0.0,0.0,3.0,2,1,0,3,7,0,0,0,0,0,0,3.0,11.0,0,4,38.0,72,,3,2,1,1,211
624,1984,Master,Single,18890.0,0,0,2012-10-11,5,6.0,4.0,1.0,7.0,2.0,15.0,1,0,1,2,6,1,0,0,0,0,0,3.0,11.0,1,3,35.0,5,4753.0,6,5,1,1,511
5176,1988,Graduation,Together,29604.0,1,0,2013-08-12,88,7.0,6.0,13.0,7.0,6.0,14.0,1,1,0,3,9,1,0,0,0,0,0,3.0,11.0,0,4,53.0,88,4448.0,6,1,1,1,111
5552,1963,Master,Divorced,48721.0,1,1,,50,81.0,18.0,113.0,47.0,13.0,21.0,6,4,2,5,6,0,0,0,0,0,0,3.0,11.0,0,11,293.0,50,,6,3,3,3,333
868,1966,Graduation,Married,44794.0,0,1,2014-08-06,99,54.0,0.0,7.0,0.0,0.0,4.0,1,2,0,3,6,0,0,0,0,0,0,3.0,11.0,0,5,65.0,99,4089.0,3,1,1,2,112
380,1954,Graduation,Divorced,64497.0,0,1,2012-10-09,17,1170.0,48.0,320.0,42.0,32.0,192.0,5,11,4,9,8,1,0,0,0,0,0,3.0,11.0,1,24,1804.0,17,4755.0,6,5,5,5,555
2677,1956,Graduation,Together,46097.0,0,1,,11,72.0,24.0,68.0,65.0,4.0,8.0,5,3,1,6,4,0,0,0,0,0,0,3.0,11.0,0,10,241.0,11,,6,5,3,3,533
6521,1954,Graduation,Together,77972.0,0,0,,18,613.0,22.0,319.0,33.0,102.0,12.0,1,4,6,9,1,0,0,0,0,0,0,3.0,11.0,0,19,1101.0,18,,6,5,4,4,544
6927,1968,PhD,Married,44377.0,1,1,2012-05-10,70,224.0,0.0,30.0,0.0,0.0,10.0,8,5,1,5,8,0,0,0,0,0,0,3.0,11.0,0,11,264.0,70,4907.0,3,2,3,3,233
2877,1974,Master,Together,46014.0,1,1,,21,410.0,0.0,59.0,19.0,9.0,44.0,10,7,1,8,7,0,0,0,0,0,0,3.0,11.0,0,16,541.0,21,,5,4,4,3,443
0,1985,Graduation,Married,70951.0,0,0,2013-04-05,66,239.0,10.0,554.0,254.0,87.0,54.0,1,3,4,9,1,0,0,0,0,0,0,3.0,11.0,0,16,1198.0,66,4577.0,6,2,4,5,245
1584,1977,Graduation,Married,41443.0,1,0,2014-01-04,79,171.0,7.0,171.0,25.0,19.0,89.0,6,8,1,5,8,0,0,0,0,0,0,3.0,11.0,0,14,482.0,79,4303.0,6,2,3,3,233
7264,1978,2n Cycle,Single,52195.0,2,1,2014-12-05,2,12.0,0.0,4.0,0.0,0.0,1.0,1,1,0,2,8,0,0,0,0,0,0,3.0,11.0,0,3,17.0,2,3968.0,3,5,1,1,511
6274,1948,Master,Married,83790.0,0,0,,81,1076.0,16.0,417.0,42.0,48.0,16.0,1,8,10,6,3,0,1,1,0,0,0,3.0,11.0,0,24,1615.0,81,,6,1,5,5,155
1377,1954,Master,Widow,44551.0,0,1,,24,182.0,4.0,33.0,0.0,0.0,66.0,2,4,1,5,7,0,0,0,0,0,0,3.0,11.0,0,10,285.0,24,,4,4,3,3,433
454,1980,Graduation,Together,69508.0,1,0,,48,824.0,32.0,162.0,42.0,32.0,43.0,2,11,4,11,6,0,0,0,0,0,0,3.0,11.0,0,26,1135.0,48,,6,3,5,4,354
1755,1988,2n Cycle,Together,45204.0,1,0,2014-11-04,93,30.0,11.0,25.0,29.0,1.0,18.0,1,1,1,4,3,0,0,0,0,0,0,3.0,11.0,0,6,114.0,93,3999.0,6,1,2,2,122
2075,1969,Graduation,Married,72460.0,0,0,,56,377.0,10.0,540.0,80.0,30.0,10.0,1,3,5,7,1,0,0,0,0,0,0,3.0,11.0,0,15,1047.0,56,,6,3,3,4,334
4785,1970,PhD,Together,77622.0,0,2,,3,520.0,7.0,154.0,19.0,0.0,14.0,2,6,3,11,3,0,0,0,0,0,0,3.0,11.0,0,20,714.0,3,,5,5,4,4,544
9076,1980,PhD,Married,30732.0,1,0,2013-05-01,44,155.0,1.0,25.0,0.0,1.0,3.0,4,4,1,4,8,0,0,0,0,0,0,3.0,11.0,0,9,185.0,44,4551.0,5,3,3,2,332
7079,1962,Graduation,Divorced,63887.0,0,1,2012-08-09,38,897.0,23.0,207.0,15.0,11.0,92.0,5,9,6,12,6,0,0,0,0,0,0,3.0,11.0,0,27,1245.0,38,4816.0,6,4,5,5,455
4653,1978,Graduation,Together,42011.0,1,0,,46,131.0,0.0,16.0,2.0,1.0,39.0,4,3,1,4,8,0,0,0,0,0,0,3.0,11.0,0,8,189.0,46,,5,3,2,2,322
7375,1976,Graduation,Together,51369.0,0,1,,84,297.0,7.0,79.0,0.0,11.0,182.0,2,8,2,4,8,0,0,0,0,0,0,3.0,11.0,0,14,576.0,84,,5,1,3,3,133
709,1952,Graduation,Divorced,51537.0,0,1,2012-09-12,27,787.0,20.0,204.0,0.0,0.0,92.0,3,2,2,11,8,0,0,0,0,0,0,3.0,11.0,0,15,1103.0,27,4782.0,4,4,3,4,434
460,1972,PhD,Married,79930.0,0,0,2012-08-08,72,792.0,86.0,740.0,67.0,51.0,17.0,1,3,5,8,2,0,0,0,0,0,0,3.0,11.0,0,16,1753.0,72,4817.0,6,2,4,5,245
3726,1986,PhD,Together,34320.0,1,0,,66,4.0,1.0,9.0,3.0,0.0,0.0,1,1,0,2,8,0,0,0,0,0,0,3.0,11.0,0,3,17.0,66,,4,2,1,1,211
6798,1966,Graduation,Single,37070.0,1,1,,30,231.0,7.0,137.0,4.0,15.0,39.0,9,5,1,8,7,0,0,0,0,0,0,3.0,11.0,1,14,433.0,30,,6,4,3,3,433
5341,1962,2n Cycle,Divorced,81975.0,0,1,2013-05-01,2,983.0,76.0,184.0,180.0,138.0,27.0,1,6,3,4,7,0,0,1,0,0,0,3.0,11.0,0,13,1588.0,2,4551.0,6,5,3,5,535
1606,1971,Graduation,Together,38590.0,1,0,,65,3.0,1.0,8.0,4.0,3.0,3.0,1,1,0,2,8,0,0,0,0,0,0,3.0,11.0,0,3,22.0,65,,6,2,1,1,211
9617,1951,Graduation,Single,15033.0,0,0,,37,0.0,4.0,5.0,6.0,0.0,4.0,1,1,0,3,3,0,0,0,0,0,0,3.0,11.0,0,4,19.0,37,,4,4,1,1,411
3233,1965,PhD,Married,62745.0,0,1,,89,562.0,21.0,464.0,28.0,10.0,32.0,3,7,8,11,5,0,0,0,0,0,0,3.0,11.0,0,26,1117.0,89,,6,1,5,4,154
89,1975,2n Cycle,Married,22212.0,1,0,2013-09-12,49,5.0,9.0,20.0,6.0,8.0,21.0,2,2,0,4,6,0,0,0,0,0,0,3.0,11.0,0,6,69.0,49,4417.0,6,3,2,2,322
2936,1982,Master,Together,23661.0,1,0,2013-04-12,46,18.0,0.0,4.0,0.0,0.0,1.0,1,1,0,3,7,0,0,0,0,0,0,3.0,11.0,0,4,23.0,46,4570.0,3,3,1,1,311
9449,1958,PhD,Single,79761.0,0,1,2013-04-10,32,415.0,5.0,124.0,15.0,35.0,11.0,1,5,2,11,3,0,0,0,0,0,0,3.0,11.0,0,18,605.0,32,4572.0,6,4,4,3,443
7297,1973,Graduation,Single,7500.0,1,0,,54,5.0,3.0,10.0,12.0,7.0,20.0,4,3,1,3,7,0,0,0,0,0,0,3.0,11.0,0,7,57.0,54,,6,3,2,2,322
313,1968,Graduation,Widow,73455.0,0,0,,98,901.0,61.0,757.0,186.0,163.0,20.0,1,6,5,10,3,0,1,0,0,0,0,3.0,11.0,0,21,2088.0,98,,6,1,5,5,155
9940,1958,Graduation,Together,64961.0,0,1,,97,382.0,114.0,276.0,75.0,124.0,38.0,2,6,4,4,3,0,0,0,0,0,0,3.0,11.0,0,14,1009.0,97,,6,1,3,4,134
10735,1971,Graduation,Single,22804.0,1,0,,75,14.0,1.0,7.0,2.0,1.0,1.0,1,2,0,2,9,0,0,0,0,0,0,3.0,11.0,0,4,26.0,75,,6,2,1,1,211
9529,1990,Graduation,Married,73687.0,0,0,,8,559.0,153.0,503.0,218.0,13.0,181.0,1,3,9,9,2,0,0,0,1,0,0,3.0,11.0,1,21,1627.0,8,,6,5,5,5,555
6439,1958,Graduation,Married,61074.0,0,1,,37,789.0,0.0,133.0,0.0,28.0,152.0,7,11,5,8,7,0,0,0,0,0,0,3.0,11.0,0,24,1102.0,37,,4,4,5,4,454
7411,1964,PhD,Married,31686.0,1,1,2014-05-06,31,11.0,0.0,5.0,0.0,0.0,1.0,2,1,0,3,6,0,0,0,0,0,0,3.0,11.0,0,4,17.0,31,4181.0,3,4,1,1,411
2176,1972,Graduation,Married,80134.0,1,0,,40,1218.0,16.0,272.0,104.0,0.0,80.0,2,5,3,6,6,0,1,1,1,0,0,3.0,11.0,1,14,1690.0,40,,5,3,3,5,335
9265,1953,Graduation,Married,75027.0,0,1,2013-09-01,74,925.0,64.0,179.0,133.0,12.0,77.0,2,9,4,6,5,0,0,0,0,0,0,3.0,11.0,0,19,1390.0,74,4428.0,6,2,4,5,245
8867,1988,PhD,Married,67546.0,0,0,,90,864.0,134.0,768.0,150.0,38.0,172.0,1,4,10,5,3,0,0,0,0,0,0,3.0,11.0,0,19,2126.0,90,,6,1,4,5,145
8932,1969,Master,Together,65176.0,0,1,,57,960.0,28.0,183.0,220.0,70.0,70.0,4,9,6,6,6,0,0,0,0,0,0,3.0,11.0,0,21,1531.0,57,,6,3,5,5,355
10236,1975,Master,Single,31160.0,1,0,,59,16.0,3.0,25.0,6.0,1.0,13.0,2,2,0,3,8,0,0,0,0,0,0,3.0,11.0,0,5,64.0,59,,6,3,1,2,312
6340,1985,Graduation,Single,29938.0,1,0,,52,3.0,3.0,7.0,0.0,2.0,11.0,2,1,0,3,6,0,0,0,0,0,0,3.0,11.0,0,4,26.0,52,,5,3,1,1,311
10089,1974,Graduation,Divorced,102692.0,0,0,2013-05-04,5,168.0,148.0,444.0,32.0,172.0,148.0,1,6,9,13,2,0,1,1,1,1,0,3.0,11.0,1,28,1112.0,5,4548.0,6,5,5,4,554
2227,1958,2n Cycle,Together,26490.0,0,0,,92,45.0,47.0,52.0,21.0,20.0,25.0,2,3,1,5,6,0,0,0,0,0,0,3.0,11.0,0,9,210.0,92,,6,1,3,3,133
10992,1967,Graduation,Together,75702.0,1,1,,77,650.0,28.0,353.0,45.0,42.0,30.0,5,4,6,11,8,0,0,0,0,0,0,3.0,11.0,0,21,1148.0,77,,6,2,5,4,254
5304,1974,PhD,Single,30899.0,1,0,,35,24.0,0.0,8.0,0.0,0.0,1.0,2,1,0,3,6,0,0,0,0,0,0,3.0,11.0,0,4,33.0,35,,3,4,1,1,411
309,1961,PhD,Together,63342.0,0,1,,48,918.0,21.0,118.0,13.0,10.0,21.0,3,8,3,5,6,0,1,0,0,0,0,3.0,11.0,0,16,1101.0,48,,6,3,4,4,344
3406,1964,Graduation,Single,45989.0,0,1,,97,138.0,33.0,87.0,28.0,24.0,12.0,4,3,2,7,3,0,0,0,0,0,0,3.0,11.0,0,12,322.0,97,,6,1,3,3,133
2661,1964,Graduation,Single,18701.0,1,1,2013-04-06,95,12.0,4.0,2.0,10.0,6.0,10.0,4,2,0,4,5,0,0,0,0,0,0,3.0,11.0,0,6,44.0,95,4576.0,6,1,2,1,121
3153,1957,PhD,Single,40737.0,2,1,2013-08-12,24,11.0,0.0,4.0,0.0,0.0,2.0,1,1,0,2,8,0,0,0,0,0,0,3.0,11.0,0,3,17.0,24,4448.0,3,4,1,1,411
10264,1979,Graduation,Divorced,15287.0,1,0,2012-10-10,60,1.0,2.0,8.0,4.0,3.0,13.0,2,1,1,2,7,1,0,0,0,0,0,3.0,11.0,1,4,31.0,60,4754.0,6,2,1,1,211
1184,1968,PhD,Divorced,69674.0,0,2,,46,554.0,41.0,215.0,11.0,0.0,24.0,3,10,2,10,5,0,0,0,0,0,0,3.0,11.0,0,22,845.0,46,,5,3,5,4,354
4200,1970,Master,Married,44159.0,1,0,,85,167.0,2.0,62.0,24.0,13.0,7.0,4,4,1,6,5,0,0,0,0,0,0,3.0,11.0,0,11,275.0,85,,6,1,3,3,133
9396,1978,PhD,Married,37717.0,1,0,,31,9.0,0.0,6.0,4.0,1.0,5.0,1,1,0,2,9,0,0,0,0,0,0,3.0,11.0,0,3,25.0,31,,5,4,1,1,411
2387,1952,Master,Together,43776.0,1,1,2013-03-02,9,177.0,2.0,71.0,3.0,2.0,20.0,6,5,2,4,8,0,0,0,0,0,0,3.0,11.0,1,11,275.0,9,4611.0,6,5,3,3,533
6690,1966,Master,Married,38179.0,1,1,,30,38.0,4.0,22.0,4.0,2.0,20.0,4,3,1,3,7,0,0,0,0,0,0,3.0,11.0,0,7,90.0,30,,6,4,2,2,422
1225,1963,Graduation,Married,80124.0,0,0,,47,483.0,84.0,398.0,205.0,84.0,241.0,1,3,7,8,1,1,0,0,0,0,0,3.0,11.0,0,18,1495.0,47,,6,3,4,5,345
9703,1970,PhD,Married,38097.0,1,1,,70,77.0,2.0,35.0,0.0,1.0,69.0,4,3,2,2,7,1,0,0,0,0,0,3.0,11.0,1,7,184.0,70,,5,2,2,2,222
291,1970,Graduation,Married,72940.0,0,0,,13,182.0,74.0,298.0,162.0,149.0,116.0,1,3,3,6,1,0,0,0,0,0,0,3.0,11.0,0,12,981.0,13,,6,5,3,4,534
4557,1970,Graduation,Together,22070.0,1,0,2013-04-10,11,10.0,7.0,19.0,8.0,2.0,21.0,2,2,2,2,6,0,0,0,0,0,0,3.0,11.0,0,6,67.0,11,4572.0,6,5,2,2,522
2379,1953,Graduation,Single,69267.0,0,0,,31,778.0,44.0,499.0,95.0,73.0,146.0,2,3,4,5,7,0,0,0,0,0,0,3.0,11.0,1,12,1635.0,31,,6,4,3,5,435
5726,1983,Master,Single,31788.0,1,0,,15,16.0,7.0,23.0,0.0,8.0,6.0,3,3,0,4,5,0,0,0,0,0,1,3.0,11.0,0,7,60.0,15,,5,5,2,2,522
3066,1975,PhD,Together,61905.0,0,1,2014-04-02,2,167.0,0.0,43.0,6.0,2.0,13.0,2,4,2,4,5,0,0,0,0,0,0,3.0,11.0,0,10,231.0,2,4215.0,5,5,3,3,533
6336,1960,Graduation,Married,29315.0,1,1,2014-06-04,55,13.0,2.0,14.0,8.0,7.0,4.0,4,2,0,4,6,0,0,0,0,0,0,3.0,11.0,0,6,48.0,55,4152.0,6,3,2,1,321
10967,1963,Graduation,Divorced,33378.0,1,1,2013-06-02,38,33.0,6.0,40.0,3.0,7.0,10.0,3,2,0,4,7,0,0,0,0,0,0,3.0,11.0,0,6,99.0,38,4519.0,6,4,2,2,422
2304,1963,PhD,Together,66313.0,0,1,,86,625.0,7.0,99.0,10.0,22.0,7.0,2,6,3,12,4,0,0,0,0,0,0,3.0,11.0,0,21,770.0,86,,6,1,5,4,154
3445,1956,Graduation,Single,60714.0,0,0,,56,216.0,162.0,224.0,101.0,92.0,162.0,2,7,4,10,5,0,0,0,0,0,0,3.0,11.0,1,21,957.0,56,,6,3,5,4,354
7828,1981,Master,Together,77882.0,0,0,,29,68.0,129.0,396.0,188.0,22.0,15.0,1,3,3,5,1,0,0,0,0,0,0,3.0,11.0,0,11,818.0,29,,6,4,3,4,434
3762,1986,PhD,Single,69867.0,0,0,2013-02-04,30,196.0,0.0,512.0,33.0,130.0,54.0,1,3,5,8,1,0,0,0,1,0,0,3.0,11.0,1,16,925.0,30,4637.0,5,4,4,4,444
4391,1968,Master,Divorced,63841.0,0,1,,64,635.0,15.0,100.0,20.0,7.0,131.0,1,9,3,9,6,0,0,0,0,0,0,3.0,11.0,0,21,908.0,64,,6,2,5,4,254
4669,1981,Basic,Married,24480.0,1,0,2013-11-02,46,4.0,19.0,9.0,28.0,25.0,17.0,3,3,0,4,7,0,0,0,0,0,0,3.0,11.0,0,7,102.0,46,4366.0,6,3,2,2,322
10144,1976,Graduation,Together,51369.0,0,1,,84,297.0,7.0,79.0,0.0,11.0,182.0,2,8,2,4,8,0,0,0,0,0,0,3.0,11.0,0,14,576.0,84,,5,1,3,3,133
8652,1946,Graduation,Together,37760.0,0,0,,20,84.0,5.0,38.0,150.0,12.0,28.0,2,4,1,6,7,0,0,0,0,0,0,3.0,11.0,0,11,317.0,20,,6,4,3,3,433
1672,1974,PhD,Together,65640.0,0,1,2014-01-03,74,204.0,7.0,149.0,20.0,15.0,66.0,1,5,1,8,2,0,0,0,0,0,0,3.0,11.0,0,14,461.0,74,4304.0,6,2,3,3,233
8962,1975,Master,Married,44319.0,1,1,,18,26.0,0.0,8.0,0.0,0.0,3.0,2,2,0,3,5,0,0,0,0,0,0,3.0,11.0,0,5,37.0,18,,3,5,1,1,511
9974,1974,Graduation,Married,30631.0,1,0,2013-12-07,75,15.0,6.0,20.0,4.0,5.0,20.0,1,3,1,2,7,0,0,0,0,0,0,3.0,11.0,0,6,70.0,75,4331.0,6,2,2,2,222
10983,1952,Graduation,Together,75278.0,0,0,,17,304.0,98.0,230.0,150.0,74.0,74.0,1,6,3,13,3,0,0,0,0,0,0,3.0,11.0,0,22,930.0,17,,6,5,5,4,554
8148,1956,Master,Together,50898.0,1,1,2013-08-01,88,285.0,28.0,242.0,55.0,114.0,135.0,13,6,2,12,5,0,0,0,0,0,0,3.0,11.0,0,20,859.0,88,4459.0,6,1,4,4,144
10102,1966,Graduation,Widow,79946.0,0,0,2014-12-05,19,395.0,183.0,565.0,166.0,141.0,28.0,1,5,11,5,3,0,0,0,0,0,0,3.0,11.0,0,21,1478.0,19,3968.0,6,5,5,5,555
4697,1949,Master,Divorced,35416.0,0,0,,62,248.0,3.0,81.0,4.0,3.0,51.0,3,7,1,5,8,0,0,0,0,0,0,3.0,11.0,0,13,390.0,62,,6,2,3,3,233
9262,1984,2n Cycle,Together,32414.0,0,0,2013-04-07,11,20.0,6.0,5.0,0.0,9.0,12.0,1,1,0,3,7,1,0,0,0,0,0,3.0,11.0,0,4,52.0,11,4575.0,5,5,1,1,511
7254,1969,Graduation,Together,38361.0,1,0,,74,39.0,0.0,56.0,20.0,8.0,14.0,3,3,1,3,7,0,0,0,0,0,0,3.0,11.0,0,7,137.0,74,,5,2,2,2,222
4543,1980,Graduation,Married,82497.0,0,0,,32,777.0,129.0,573.0,216.0,21.0,203.0,1,2,7,9,4,0,0,1,0,0,0,3.0,11.0,0,18,1919.0,32,,6,4,4,5,445
4927,1971,Graduation,Together,16626.0,2,0,,76,8.0,3.0,22.0,21.0,1.0,13.0,3,3,0,3,9,0,0,0,0,0,0,3.0,11.0,0,6,68.0,76,,6,2,2,2,222
10451,1965,Graduation,Together,29672.0,1,1,2013-12-03,6,9.0,1.0,3.0,0.0,4.0,8.0,1,0,0,3,6,0,0,0,0,0,0,3.0,11.0,0,3,25.0,6,4335.0,5,5,1,1,511
2926,1952,Master,Together,55951.0,0,1,,62,1241.0,0.0,80.0,0.0,13.0,40.0,3,3,6,11,8,0,1,0,0,1,0,3.0,11.0,0,20,1374.0,62,,4,2,4,5,245
2874,1988,2n Cycle,Divorced,35388.0,1,0,2013-07-03,20,6.0,4.0,7.0,4.0,3.0,8.0,1,1,0,3,7,0,0,0,0,0,0,3.0,11.0,0,4,32.0,20,4488.0,6,4,1,1,411
9738,1986,Master,Together,42386.0,1,0,,43,65.0,4.0,16.0,0.0,4.0,11.0,1,3,0,3,8,0,0,0,0,0,0,3.0,11.0,0,6,100.0,43,,5,3,2,2,322
7119,1982,Graduation,Single,68627.0,0,0,2013-12-01,45,395.0,15.0,263.0,60.0,54.0,38.0,1,2,3,6,1,0,0,0,0,0,0,3.0,11.0,0,11,825.0,45,4337.0,6,3,3,4,334
3924,1965,PhD,Divorced,57912.0,0,1,,34,801.0,0.0,80.0,0.0,0.0,35.0,5,8,3,12,5,0,1,0,0,0,0,3.0,11.0,0,23,916.0,34,,3,4,5,4,454
5827,1958,Graduation,Divorced,35246.0,1,1,,53,36.0,0.0,12.0,2.0,2.0,10.0,4,3,1,3,5,0,0,0,0,0,0,3.0,11.0,0,7,62.0,53,,5,3,2,2,322
5596,1956,2n Cycle,Together,58821.0,0,1,2013-12-10,44,513.0,14.0,154.0,19.0,0.0,28.0,1,9,2,9,6,0,0,0,0,0,0,3.0,11.0,0,20,728.0,44,4328.0,5,3,4,4,344
10812,1978,PhD,Married,46377.0,1,0,2014-01-03,89,37.0,0.0,46.0,4.0,3.0,0.0,1,2,1,3,4,0,0,0,0,0,0,3.0,11.0,0,6,90.0,89,4304.0,4,1,2,2,122
1717,1988,Graduation,Single,39747.0,1,0,,43,80.0,15.0,93.0,20.0,13.0,52.0,3,5,1,4,8,0,0,0,0,0,0,3.0,11.0,0,10,273.0,43,,6,3,3,3,333
9491,1984,Graduation,Together,23976.0,1,0,,68,14.0,1.0,21.0,2.0,3.0,25.0,3,3,1,3,7,0,0,0,0,0,0,3.0,11.0,0,7,66.0,68,,6,2,2,2,222
9274,1961,Master,Married,80950.0,0,0,,44,525.0,147.0,112.0,219.0,147.0,63.0,1,6,7,9,2,0,0,0,1,0,0,3.0,11.0,0,22,1213.0,44,,6,3,5,5,355
6609,1966,Graduation,Widow,27038.0,0,0,,64,1.0,26.0,25.0,17.0,23.0,15.0,1,3,0,3,9,0,0,0,0,0,0,3.0,11.0,1,6,107.0,64,,6,2,2,2,222
6963,1947,Graduation,Single,77457.0,0,0,2014-05-03,85,675.0,11.0,400.0,15.0,45.0,11.0,1,2,5,10,1,0,0,1,0,0,0,3.0,11.0,0,17,1157.0,85,4184.0,6,1,4,4,144
4440,1964,Master,Married,64100.0,0,1,2013-10-09,93,509.0,0.0,27.0,0.0,0.0,10.0,1,8,3,6,7,0,1,0,0,0,0,3.0,11.0,0,17,546.0,93,4390.0,3,1,4,3,143
1379,1992,Master,Together,42670.0,0,0,,12,154.0,2.0,46.0,20.0,4.0,15.0,1,4,2,4,4,0,0,0,0,0,0,3.0,11.0,0,10,241.0,12,,6,5,3,3,533
10032,1976,Graduation,Divorced,12571.0,1,0,,86,3.0,5.0,14.0,2.0,12.0,17.0,4,3,1,3,6,0,0,0,0,0,0,3.0,11.0,0,7,53.0,86,,6,1,2,1,121
2826,1967,Graduation,Married,22574.0,2,1,,28,25.0,0.0,8.0,2.0,0.0,2.0,2,2,0,3,7,0,0,0,0,0,0,3.0,11.0,0,5,37.0,28,,4,4,1,1,411
2437,1989,Graduation,Married,51371.0,0,0,2013-03-06,69,861.0,138.0,461.0,60.0,30.0,61.0,1,6,5,12,3,0,1,0,1,0,0,3.0,11.0,0,23,1611.0,69,4607.0,6,2,5,5,255
6320,1976,Master,Single,70893.0,0,0,2013-06-02,42,768.0,44.0,561.0,77.0,44.0,14.0,1,6,6,10,3,0,0,0,0,0,0,3.0,11.0,0,22,1508.0,42,4519.0,6,3,5,5,355
3050,1966,Graduation,Married,54198.0,1,1,,13,185.0,0.0,28.0,3.0,2.0,17.0,6,3,1,6,4,0,0,0,0,0,0,3.0,11.0,0,10,235.0,13,,5,5,3,3,533
231,1956,Master,Together,28839.0,1,1,2014-11-03,86,24.0,0.0,7.0,0.0,0.0,1.0,2,2,0,3,5,0,0,0,0,0,0,3.0,11.0,0,5,32.0,86,4000.0,3,1,1,1,111
2392,1972,Graduation,Married,40321.0,1,1,,59,44.0,4.0,21.0,6.0,0.0,27.0,2,3,0,3,7,0,0,0,0,0,0,3.0,11.0,0,6,102.0,59,,5,2,2,2,222
9478,1985,Graduation,Single,66503.0,1,0,,30,91.0,64.0,128.0,65.0,3.0,50.0,2,4,3,6,3,0,0,0,0,0,0,3.0,11.0,0,13,401.0,30,,6,4,3,3,433
113,1951,Graduation,Married,30833.0,1,1,,33,11.0,0.0,7.0,3.0,1.0,6.0,2,1,0,3,5,0,0,0,0,0,0,3.0,11.0,0,4,28.0,33,,5,4,1,1,411
2863,1970,Graduation,Single,51371.0,1,2,,67,738.0,20.0,172.0,52.0,50.0,20.0,6,2,3,10,7,0,1,0,1,0,0,3.0,11.0,0,15,1052.0,67,,6,2,3,4,234
1802,1971,Graduation,Married,64795.0,0,1,,23,412.0,5.0,119.0,38.0,29.0,77.0,3,3,3,12,2,0,0,0,0,0,0,3.0,11.0,0,18,680.0,23,,6,4,4,4,444
520,1974,Graduation,Married,34421.0,1,0,2013-01-07,81,3.0,3.0,7.0,6.0,2.0,9.0,1,1,0,2,7,0,0,0,0,0,0,3.0,11.0,0,3,30.0,81,4665.0,6,1,1,1,111
8275,1965,PhD,Divorced,47025.0,1,1,2014-09-02,6,16.0,0.0,3.0,0.0,0.0,1.0,1,1,0,2,7,0,0,0,0,0,0,3.0,11.0,0,3,20.0,6,4062.0,3,5,1,1,511
9750,1961,PhD,Divorced,64325.0,0,1,2013-07-02,41,731.0,60.0,353.0,78.0,12.0,73.0,5,10,3,5,7,0,0,0,0,0,0,3.0,11.0,0,18,1307.0,41,4489.0,6,3,4,5,345
2607,1953,Graduation,Single,40464.0,0,1,2013-11-01,78,424.0,17.0,118.0,7.0,23.0,41.0,6,8,2,8,8,0,0,0,0,0,0,3.0,11.0,0,18,630.0,78,4367.0,6,2,4,3,243
7214,1957,Graduation,Married,62187.0,0,0,2013-05-07,49,792.0,0.0,275.0,45.0,45.0,126.0,1,4,8,5,3,0,0,0,0,0,0,3.0,11.0,0,17,1283.0,49,4545.0,5,3,4,5,345
5835,1976,PhD,Divorced,14849.0,1,0,2013-02-07,39,21.0,2.0,28.0,3.0,2.0,9.0,3,2,0,4,8,0,0,0,0,0,0,3.0,11.0,0,6,65.0,39,4634.0,6,4,2,2,422
3896,1984,Graduation,Married,27255.0,1,0,2013-07-11,3,22.0,1.0,11.0,0.0,1.0,2.0,1,1,0,3,7,0,0,0,0,0,0,3.0,11.0,0,4,37.0,3,4480.0,5,5,1,1,511
10350,1950,PhD,Married,54432.0,2,1,2013-09-05,37,33.0,0.0,5.0,0.0,0.0,0.0,1,1,0,3,4,0,0,0,0,0,0,3.0,11.0,0,4,38.0,37,4424.0,2,4,1,1,411
7786,1986,PhD,Single,29999.0,1,0,,22,68.0,7.0,59.0,10.0,5.0,11.0,4,3,1,4,8,0,0,0,0,0,0,3.0,11.0,0,8,160.0,22,,6,4,2,2,422
2861,1983,Graduation,Single,24072.0,1,0,,79,9.0,1.0,6.0,3.0,0.0,4.0,1,1,0,2,8,0,0,0,0,0,0,3.0,11.0,0,3,23.0,79,,5,2,1,1,211
663,1989,PhD,Single,33996.0,0,0,2013-11-09,46,40.0,2.0,15.0,8.0,0.0,6.0,1,1,1,3,4,0,0,0,0,0,0,3.0,11.0,0,5,71.0,46,4359.0,5,3,1,2,312
10675,1956,PhD,Married,66334.0,0,1,2013-03-04,82,909.0,11.0,218.0,0.0,0.0,23.0,2,9,3,5,5,0,0,0,0,0,0,3.0,11.0,1,17,1161.0,82,4609.0,4,1,4,4,144
2521,1971,Master,Married,35178.0,1,0,2013-10-01,10,23.0,1.0,13.0,2.0,2.0,18.0,1,1,1,2,7,1,0,0,0,0,0,3.0,11.0,1,4,59.0,10,4398.0,6,5,1,2,512
9592,1983,Graduation,Together,22010.0,1,0,,51,11.0,2.0,9.0,3.0,0.0,8.0,2,2,0,3,8,0,0,0,0,0,0,3.0,11.0,0,5,33.0,51,,5,3,1,1,311
10151,1960,Graduation,Divorced,62204.0,0,2,2012-12-09,38,317.0,46.0,247.0,151.0,46.0,139.0,1,4,5,12,3,0,0,0,0,0,0,3.0,11.0,0,21,946.0,38,4694.0,6,4,5,4,454
7381,1968,Graduation,Divorced,75693.0,0,0,2012-06-12,10,797.0,153.0,293.0,72.0,97.0,30.0,1,11,4,6,4,0,1,1,1,0,0,3.0,11.0,1,21,1442.0,10,4874.0,6,5,5,5,555
4099,1972,Graduation,Married,30675.0,1,0,2012-12-11,14,10.0,2.0,16.0,11.0,2.0,21.0,1,1,0,3,8,0,0,0,0,0,0,3.0,11.0,0,4,62.0,14,4692.0,6,5,1,2,512
9560,1965,Graduation,Together,83003.0,0,0,2013-03-03,18,856.0,61.0,570.0,40.0,25.0,122.0,1,7,6,8,3,0,0,1,0,0,0,3.0,11.0,1,21,1674.0,18,4610.0,6,5,5,5,555
10172,1988,Graduation,Single,68655.0,0,0,2012-10-08,95,456.0,19.0,832.0,75.0,118.0,38.0,1,4,5,11,3,0,0,0,0,0,0,3.0,11.0,0,20,1538.0,95,4756.0,6,1,4,5,145
11191,1986,Graduation,Divorced,41411.0,0,0,2013-07-12,11,37.0,32.0,38.0,11.0,3.0,18.0,1,2,1,4,6,0,0,0,0,0,0,3.0,11.0,0,7,139.0,11,4479.0,6,5,2,2,522
9707,1969,PhD,Married,55212.0,0,1,,65,1103.0,0.0,45.0,0.0,0.0,34.0,3,4,2,11,8,0,1,0,0,1,0,3.0,11.0,0,17,1182.0,65,,3,2,4,5,245
6245,1950,PhD,Together,59292.0,0,1,,71,378.0,14.0,68.0,19.0,14.0,14.0,2,3,5,8,3,0,0,0,0,0,0,3.0,11.0,0,16,507.0,71,,6,2,4,3,243
8234,1973,Basic,Together,27190.0,1,0,,13,1.0,6.0,7.0,0.0,1.0,3.0,1,1,0,2,8,1,0,0,0,0,0,3.0,11.0,1,3,18.0,13,,5,5,1,1,511
1411,1952,Graduation,Divorced,82623.0,0,0,2013-10-11,58,204.0,34.0,204.0,172.0,153.0,173.0,1,2,9,4,1,0,0,0,0,0,0,3.0,11.0,0,15,940.0,58,4388.0,6,3,3,4,334
8553,1965,Graduation,Married,44300.0,1,1,,65,30.0,0.0,9.0,0.0,0.0,3.0,2,1,0,3,6,0,0,0,0,0,0,3.0,11.0,0,4,42.0,65,,3,2,1,1,211
1826,1970,Graduation,Divorced,84835.0,0,0,,0,189.0,104.0,379.0,111.0,189.0,218.0,1,4,4,6,1,0,0,0,0,0,0,3.0,11.0,1,14,1190.0,0,,6,5,3,5,535
8842,1971,Graduation,Widow,30372.0,1,1,,33,15.0,0.0,12.0,7.0,3.0,7.0,3,2,0,3,7,0,0,0,0,0,0,3.0,11.0,0,5,44.0,33,,5,4,1,1,411
11030,1976,Master,Married,33181.0,1,0,2014-03-01,90,9.0,0.0,3.0,0.0,0.0,4.0,1,1,0,2,6,1,0,0,0,0,0,3.0,11.0,0,3,16.0,90,4247.0,3,1,1,1,111
2579,1957,Graduation,Married,71113.0,0,1,,95,495.0,33.0,255.0,11.0,33.0,8.0,4,6,7,9,4,0,0,0,0,0,0,3.0,11.0,0,22,835.0,95,,6,1,5,4,154
175,1986,Graduation,Married,71952.0,1,0,2013-10-01,93,656.0,80.0,455.0,52.0,107.0,93.0,2,8,4,8,4,1,0,1,0,0,0,3.0,11.0,0,20,1443.0,93,4398.0,6,1,4,5,145
9185,1966,PhD,Single,69759.0,0,0,,38,452.0,20.0,514.0,13.0,30.0,0.0,3,4,6,5,3,0,0,0,0,0,0,3.0,11.0,1,15,1029.0,38,,5,4,3,4,434
11056,1974,Graduation,Married,72099.0,0,0,,18,546.0,91.0,410.0,119.0,0.0,22.0,1,3,4,10,1,0,0,0,0,0,0,3.0,11.0,0,17,1188.0,18,,5,5,4,5,545
9365,1976,PhD,Single,60000.0,0,1,,57,1048.0,0.0,217.0,0.0,0.0,12.0,5,11,3,5,6,0,0,0,0,0,0,3.0,11.0,0,19,1277.0,57,,3,3,4,5,345
6201,1978,Graduation,Single,38643.0,1,1,,45,22.0,2.0,14.0,0.0,1.0,10.0,2,2,0,3,7,0,0,0,0,0,1,3.0,11.0,0,5,49.0,45,,5,3,1,1,311
2061,1955,Graduation,Married,50737.0,0,1,2013-11-05,61,78.0,0.0,11.0,0.0,0.0,10.0,1,2,0,4,6,0,1,0,0,0,0,3.0,11.0,0,6,99.0,61,4363.0,3,2,2,2,222
6184,1969,PhD,Married,68462.0,0,0,2012-12-12,6,561.0,64.0,785.0,84.0,128.0,48.0,1,3,3,8,1,0,0,0,0,0,0,3.0,11.0,0,14,1670.0,6,4691.0,6,5,3,5,535
6142,1943,Master,Married,65073.0,0,0,,65,629.0,17.0,177.0,69.0,0.0,8.0,1,5,3,5,2,0,0,0,0,0,1,3.0,11.0,0,13,900.0,65,,5,2,3,4,234
4107,1948,PhD,Together,46681.0,0,2,2013-08-10,52,269.0,15.0,69.0,15.0,19.0,38.0,2,4,6,4,5,0,0,0,0,0,0,3.0,11.0,0,14,425.0,52,4450.0,6,3,3,3,333
7274,1957,Graduation,Married,78618.0,0,0,,87,736.0,163.0,818.0,212.0,163.0,61.0,1,4,7,10,2,0,1,0,0,0,0,3.0,11.0,0,21,2153.0,87,,6,1,5,5,155
9336,1969,PhD,Widow,62187.0,0,1,,38,512.0,0.0,83.0,0.0,0.0,41.0,3,6,2,10,4,0,0,0,0,0,0,3.0,11.0,0,18,636.0,38,,3,4,4,4,444
2958,1978,Graduation,Married,28442.0,2,0,,53,19.0,3.0,10.0,11.0,8.0,6.0,3,2,1,4,4,0,0,0,0,0,0,3.0,11.0,0,7,57.0,53,,6,3,2,2,322
933,1978,PhD,Married,37717.0,1,0,,31,9.0,0.0,6.0,4.0,1.0,5.0,1,1,0,2,9,0,0,0,0,0,0,3.0,11.0,0,3,25.0,31,,5,4,1,1,411
5837,1967,Graduation,Married,51479.0,1,1,,67,247.0,8.0,160.0,6.0,8.0,65.0,7,6,3,6,7,0,0,0,0,0,0,3.0,11.0,0,15,494.0,67,,6,2,3,3,233
10704,1969,Graduation,Single,54803.0,0,1,,65,404.0,0.0,92.0,28.0,27.0,142.0,2,6,2,9,4,0,0,0,0,0,0,3.0,11.0,0,17,693.0,65,,5,2,4,4,244
5125,1960,Graduation,Married,79530.0,0,0,,64,333.0,0.0,815.0,129.0,42.0,29.0,1,4,10,11,2,0,0,0,0,0,0,3.0,11.0,0,25,1348.0,64,,5,2,5,5,255
4432,1976,Graduation,Divorced,31615.0,1,0,,82,2.0,3.0,20.0,6.0,11.0,9.0,2,2,0,3,7,0,0,0,0,0,0,3.0,11.0,0,5,51.0,82,,6,1,1,1,111
5955,1962,Graduation,Together,72025.0,0,0,,27,833.0,33.0,549.0,151.0,133.0,233.0,1,4,3,8,3,0,0,0,0,0,0,3.0,11.0,0,15,1932.0,27,,6,4,3,5,435
2928,1975,PhD,Single,52614.0,0,1,2012-01-12,63,789.0,0.0,142.0,12.0,9.0,38.0,2,2,4,8,8,0,0,0,0,0,0,3.0,11.0,0,14,990.0,63,5026.0,5,2,3,4,234
5680,1984,2n Cycle,Married,35684.0,1,0,,66,10.0,4.0,7.0,0.0,6.0,3.0,1,1,0,3,6,0,0,0,0,0,0,3.0,11.0,0,4,30.0,66,,5,2,1,1,211
10313,1975,Graduation,Married,48178.0,1,1,,69,159.0,4.0,45.0,6.0,2.0,38.0,6,5,1,4,8,0,0,0,0,0,0,3.0,11.0,0,10,254.0,69,,6,2,3,3,233
2557,1970,Master,Single,29548.0,1,0,,52,7.0,1.0,6.0,3.0,1.0,11.0,1,1,1,2,4,1,0,0,0,0,0,3.0,11.0,0,4,29.0,52,,6,3,1,1,311
1245,1966,Graduation,Single,63810.0,0,1,2012-11-11,45,977.0,12.0,253.0,16.0,12.0,101.0,4,4,3,12,8,0,1,0,0,0,0,3.0,11.0,0,19,1371.0,45,4722.0,6,3,4,5,345
1519,1972,PhD,Single,38578.0,1,1,,2,38.0,4.0,22.0,3.0,3.0,3.0,3,3,0,3,8,0,0,0,0,0,0,3.0,11.0,1,6,73.0,2,,6,5,2,2,522
10703,1975,Master,Single,46098.0,1,1,,86,57.0,0.0,27.0,0.0,0.0,36.0,4,3,2,2,8,0,0,0,0,0,0,3.0,11.0,0,7,120.0,86,,3,1,2,2,122
1726,1970,Graduation,Single,22585.0,0,0,,23,3.0,9.0,15.0,13.0,2.0,39.0,1,1,1,2,9,1,0,0,0,0,0,3.0,11.0,1,4,81.0,23,,6,4,1,2,412
4459,1989,Graduation,Single,30279.0,1,0,,13,10.0,4.0,14.0,4.0,4.0,1.0,1,1,0,3,8,0,0,0,0,0,0,3.0,11.0,0,4,37.0,13,,6,5,1,1,511
1729,1961,PhD,Together,66426.0,0,1,2013-02-10,14,1043.0,24.0,97.0,32.0,24.0,157.0,2,3,5,10,6,0,0,0,0,0,0,3.0,11.0,0,18,1377.0,14,4631.0,6,5,4,5,545
1517,1969,Graduation,Single,30822.0,1,0,,92,3.0,9.0,13.0,2.0,12.0,12.0,1,1,0,3,7,0,0,0,0,0,0,3.0,11.0,0,4,51.0,92,,6,1,1,1,111
2098,1969,PhD,Married,33581.0,2,0,2013-08-01,38,11.0,0.0,5.0,0.0,0.0,1.0,1,1,0,2,8,0,0,0,0,0,0,3.0,11.0,0,3,17.0,38,4459.0,3,4,1,1,411
9543,1985,Graduation,Married,19986.0,1,0,,74,3.0,6.0,5.0,0.0,2.0,6.0,1,0,0,3,7,0,0,0,0,0,0,3.0,11.0,0,3,22.0,74,,5,2,1,1,211
6878,1954,Graduation,Widow,27421.0,0,0,2012-12-12,14,43.0,12.0,96.0,78.0,40.0,55.0,3,4,1,6,7,0,0,0,0,0,0,3.0,11.0,0,11,324.0,14,4691.0,6,5,3,3,533
3310,1973,2n Cycle,Married,35688.0,2,1,,94,73.0,3.0,90.0,12.0,1.0,32.0,7,4,1,4,8,0,0,0,0,0,0,3.0,11.0,0,9,211.0,94,,6,1,3,3,133
2724,1981,Master,Single,36143.0,1,0,,33,12.0,0.0,1.0,0.0,0.0,6.0,1,0,1,2,3,0,0,0,0,0,0,3.0,11.0,0,3,19.0,33,,3,4,1,1,411
948,1971,Graduation,Single,10245.0,1,0,,32,4.0,7.0,7.0,6.0,4.0,13.0,3,1,2,2,5,0,0,0,0,0,0,3.0,11.0,0,5,41.0,32,,6,4,1,1,411
6720,1968,Master,Together,43795.0,0,1,,11,314.0,11.0,53.0,4.0,3.0,107.0,3,7,3,4,7,0,1,0,0,0,0,3.0,11.0,1,14,492.0,11,,6,5,3,3,533
6202,1960,Graduation,Together,63381.0,0,1,2012-05-10,78,571.0,50.0,142.0,33.0,50.0,159.0,4,4,5,13,2,0,0,0,0,0,0,3.0,11.0,0,22,1005.0,78,4907.0,6,2,5,4,254
2066,1949,Graduation,Together,38823.0,0,1,,56,70.0,0.0,11.0,2.0,8.0,23.0,1,2,1,3,6,0,0,0,0,0,0,3.0,11.0,0,6,114.0,56,,5,3,2,2,322
9799,1968,PhD,Divorced,83664.0,1,1,2013-08-05,57,866.0,21.0,151.0,28.0,21.0,86.0,3,2,2,12,5,0,0,0,0,0,0,3.0,11.0,0,16,1173.0,57,4455.0,6,3,4,4,344
8318,1979,Graduation,Together,90300.0,0,0,2014-03-01,7,594.0,134.0,786.0,33.0,134.0,57.0,0,5,6,8,1,0,0,1,0,0,0,3.0,11.0,0,19,1738.0,7,4247.0,6,5,4,5,545
5642,1979,Master,Together,62499.0,1,0,2013-09-12,0,140.0,4.0,61.0,0.0,13.0,4.0,2,3,1,6,4,0,0,0,0,0,0,3.0,11.0,0,10,222.0,0,4417.0,5,5,3,3,533
2669,1993,Graduation,Single,74293.0,0,0,2014-04-05,66,375.0,152.0,335.0,93.0,91.0,81.0,1,5,4,6,2,0,0,0,0,0,0,3.0,11.0,0,15,1127.0,66,4212.0,6,2,3,4,234
455,1946,PhD,Married,51012.0,0,0,,86,102.0,9.0,63.0,2.0,9.0,24.0,1,4,1,4,6,0,0,0,0,0,0,3.0,11.0,0,9,209.0,86,,6,1,3,3,133
7683,1968,Master,Married,70777.0,0,1,,80,554.0,35.0,113.0,0.0,7.0,78.0,3,5,3,12,3,0,0,0,0,0,0,3.0,11.0,0,20,787.0,80,,5,1,4,4,144
3428,1991,PhD,Together,68682.0,0,0,2013-06-10,56,919.0,0.0,505.0,99.0,30.0,45.0,1,4,9,10,2,0,0,0,0,0,0,3.0,11.0,0,23,1598.0,56,4511.0,5,3,5,5,355
7414,1971,Graduation,Married,43824.0,1,1,,18,96.0,1.0,42.0,12.0,3.0,32.0,4,3,1,4,8,0,0,0,0,0,0,3.0,11.0,0,8,186.0,18,,6,5,2,2,522
6354,1984,Graduation,Together,15345.0,1,0,,51,5.0,2.0,16.0,3.0,2.0,19.0,2,1,1,2,8,0,0,0,0,0,0,3.0,11.0,1,4,47.0,51,,6,3,1,1,311
798,1987,Graduation,Single,23442.0,1,0,,71,2.0,0.0,6.0,8.0,6.0,5.0,1,1,0,3,7,0,0,0,0,0,0,3.0,11.0,0,4,27.0,71,,5,2,1,1,211
8213,1980,2n Cycle,Together,14515.0,1,0,2012-09-11,71,6.0,4.0,9.0,6.0,36.0,35.0,4,2,2,3,7,0,0,0,0,0,0,3.0,11.0,1,7,96.0,71,4783.0,6,2,2,2,222
2488,1956,2n Cycle,Divorced,31395.0,1,1,,80,23.0,1.0,25.0,0.0,8.0,7.0,4,2,1,3,6,0,0,0,0,0,0,3.0,11.0,0,6,64.0,80,,5,1,2,2,122
9999,1965,Graduation,Together,75276.0,0,0,,2,610.0,105.0,125.0,137.0,42.0,21.0,1,9,4,9,5,0,0,0,0,0,0,3.0,11.0,0,22,1040.0,2,,6,5,5,4,554
7617,1974,Graduation,Single,42373.0,1,1,,83,67.0,5.0,61.0,3.0,8.0,19.0,5,2,1,5,5,0,0,0,0,0,0,3.0,11.0,0,8,163.0,83,,6,1,2,2,122
615,1960,Graduation,Together,30507.0,0,0,2013-11-03,29,65.0,36.0,74.0,38.0,20.0,110.0,1,5,1,4,7,0,0,0,0,0,0,3.0,11.0,0,10,343.0,29,4365.0,6,4,3,3,433
2552,1955,PhD,Single,55521.0,1,2,,11,416.0,0.0,26.0,0.0,0.0,4.0,9,6,3,6,7,0,1,0,0,0,0,3.0,11.0,1,15,446.0,11,,3,5,3,3,533
194,1965,Graduation,Married,48006.0,1,1,2014-09-06,55,23.0,0.0,11.0,3.0,2.0,2.0,1,1,0,3,6,0,0,0,0,0,0,3.0,11.0,0,4,41.0,55,4058.0,5,3,1,1,311
3645,1972,PhD,Single,27213.0,1,0,,19,19.0,3.0,26.0,10.0,9.0,3.0,3,2,0,4,8,0,0,0,0,0,0,3.0,11.0,1,6,70.0,19,,6,5,2,2,522
8890,1971,PhD,Divorced,65808.0,1,1,,1,155.0,7.0,80.0,13.0,7.0,10.0,3,5,1,5,6,0,0,0,0,0,0,3.0,11.0,0,11,272.0,1,,6,5,3,3,533
5049,1974,PhD,Together,30351.0,1,0,2013-06-06,19,14.0,0.0,24.0,3.0,3.0,2.0,1,3,0,2,9,0,0,0,0,0,0,3.0,11.0,0,5,46.0,19,4515.0,5,5,1,1,511
9973,1963,Graduation,Married,50437.0,0,2,,28,370.0,9.0,92.0,6.0,9.0,4.0,3,7,1,8,7,0,0,0,0,0,0,3.0,11.0,0,16,490.0,28,,6,4,4,3,443
7301,1982,2n Cycle,Single,23616.0,1,0,,76,4.0,22.0,11.0,3.0,7.0,32.0,2,3,0,3,8,0,0,0,0,0,0,3.0,11.0,1,6,79.0,76,,6,2,2,2,222
10882,1976,Graduation,Married,53858.0,0,1,2012-09-11,50,407.0,53.0,221.0,58.0,150.0,26.0,4,4,3,6,4,0,0,0,0,0,0,3.0,11.0,0,13,915.0,50,4783.0,6,3,3,4,334
7030,1955,PhD,Married,66465.0,0,1,,1,1200.0,0.0,204.0,38.0,29.0,14.0,3,11,9,12,6,0,0,0,1,0,0,3.0,11.0,0,32,1485.0,1,,5,5,5,5,555
7422,1987,Graduation,Single,46923.0,1,0,,90,85.0,44.0,54.0,102.0,78.0,6.0,3,5,1,7,7,0,0,0,0,0,0,3.0,11.0,0,13,369.0,90,,6,1,3,3,133
3523,1962,Graduation,Together,75072.0,0,1,,83,583.0,34.0,309.0,0.0,22.0,125.0,2,5,4,8,3,0,0,0,0,0,0,3.0,11.0,0,17,1073.0,83,,5,1,4,4,144
7106,1943,PhD,Married,75865.0,0,0,,73,483.0,0.0,591.0,156.0,0.0,12.0,1,3,5,10,1,0,0,0,0,0,0,3.0,11.0,0,18,1242.0,73,,4,2,4,5,245
6504,1975,2n Cycle,Together,19789.0,1,0,,24,2.0,5.0,9.0,28.0,6.0,28.0,3,2,1,3,5,1,0,0,0,0,0,3.0,11.0,0,6,78.0,24,,6,4,2,2,422
5067,1994,Graduation,Together,80134.0,0,0,,11,966.0,26.0,282.0,52.0,26.0,26.0,1,2,7,11,5,0,1,1,1,1,0,3.0,11.0,0,20,1378.0,11,,6,5,4,5,545
4216,1981,Graduation,Single,91065.0,0,0,,33,822.0,114.0,108.0,179.0,137.0,114.0,1,7,9,9,3,0,0,1,1,0,0,3.0,11.0,1,25,1474.0,33,,6,4,5,5,455
8581,1971,Master,Married,49505.0,1,1,2013-05-03,4,604.0,0.0,100.0,19.0,0.0,28.0,9,10,2,8,8,0,0,0,0,0,0,3.0,11.0,0,20,751.0,4,4549.0,4,5,4,4,544
5929,1973,PhD,Married,37401.0,1,0,2014-06-05,14,19.0,3.0,19.0,3.0,1.0,3.0,2,2,0,3,7,0,0,0,0,0,0,3.0,11.0,0,5,48.0,14,4151.0,6,5,1,1,511
3129,1983,Graduation,Married,30096.0,1,0,,30,5.0,3.0,11.0,12.0,5.0,9.0,1,2,0,3,6,0,0,0,0,0,0,3.0,11.0,0,5,45.0,30,,6,4,1,1,411
6528,1982,Master,Together,18492.0,1,0,2014-05-06,75,2.0,2.0,2.0,2.0,1.0,1.0,1,1,0,2,8,0,0,0,0,0,0,3.0,11.0,0,3,10.0,75,4181.0,6,2,1,1,211
1361,1974,Master,Married,82584.0,0,0,2013-04-06,26,1076.0,68.0,103.0,29.0,91.0,68.0,1,3,4,8,1,0,1,1,0,0,0,3.0,11.0,1,15,1435.0,26,4576.0,6,4,3,5,435
6932,1941,PhD,Married,93027.0,0,0,,77,1285.0,42.0,716.0,55.0,0.0,21.0,0,7,10,5,2,0,0,1,0,0,0,3.0,11.0,0,22,2119.0,77,,5,2,5,5,255
7284,1953,Graduation,Married,48686.0,1,2,2013-04-12,8,10.0,0.0,7.0,2.0,0.0,1.0,1,1,0,2,8,0,0,0,0,0,0,3.0,11.0,0,3,20.0,8,4570.0,4,5,1,1,511
1340,1986,Graduation,Married,92910.0,0,0,,42,551.0,137.0,792.0,179.0,103.0,33.0,1,6,7,13,1,0,1,1,1,0,0,3.0,11.0,0,26,1795.0,42,,6,3,5,5,355
8746,1989,Graduation,Married,75433.0,1,0,2014-05-04,28,800.0,0.0,297.0,0.0,34.0,57.0,2,2,5,10,6,0,1,0,1,0,0,3.0,11.0,0,17,1188.0,28,4183.0,4,4,4,5,445
5987,1989,2n Cycle,Together,10404.0,1,0,2014-04-05,52,2.0,2.0,11.0,10.0,6.0,12.0,2,1,0,4,5,0,0,0,0,0,0,3.0,11.0,0,5,43.0,52,4212.0,6,3,1,1,311
3767,1968,Graduation,Married,61314.0,0,1,,1,378.0,0.0,189.0,97.0,172.0,172.0,2,5,5,12,3,0,0,0,0,0,0,3.0,11.0,0,22,1008.0,1,,5,5,5,4,554
3725,1961,PhD,Single,84865.0,0,0,2013-09-05,1,1248.0,16.0,349.0,43.0,16.0,16.0,1,2,4,9,4,0,1,1,1,1,0,3.0,11.0,1,15,1688.0,1,4424.0,6,5,3,5,535
4324,1989,Graduation,Married,42387.0,1,0,,42,235.0,0.0,235.0,19.0,4.0,191.0,5,8,1,7,8,0,0,0,0,0,0,3.0,11.0,0,16,684.0,42,,5,3,4,4,344
238,1967,2n Cycle,Together,67309.0,1,1,,76,515.0,47.0,181.0,149.0,95.0,95.0,15,9,6,9,7,0,0,0,0,0,0,3.0,11.0,0,24,1082.0,76,,6,2,5,4,254
6694,1964,Graduation,Married,75236.0,0,1,,27,438.0,66.0,400.0,12.0,38.0,114.0,1,8,3,13,4,0,0,0,0,0,0,3.0,11.0,0,24,1068.0,27,,6,4,5,4,454
498,1970,Graduation,Single,30015.0,1,0,2014-02-02,28,25.0,0.0,22.0,2.0,3.0,5.0,2,1,0,4,5,0,0,0,0,0,0,3.0,11.0,0,5,57.0,28,4274.0,5,4,1,2,412
9347,1956,Master,Together,50943.0,0,1,,49,31.0,0.0,7.0,2.0,0.0,6.0,1,1,0,3,5,0,0,0,0,0,0,3.0,11.0,0,4,46.0,49,,4,3,1,1,311
9699,1966,Graduation,Divorced,67272.0,0,1,,12,357.0,35.0,271.0,28.0,28.0,14.0,3,6,2,12,5,0,0,0,0,0,0,3.0,11.0,0,20,733.0,12,,6,5,4,4,544
10664,1949,Master,Widow,51529.0,0,1,2013-07-09,14,400.0,4.0,35.0,6.0,0.0,22.0,2,9,1,5,8,0,0,0,0,0,0,3.0,11.0,0,15,467.0,14,4482.0,5,5,3,3,533
5455,1971,PhD,Married,32011.0,1,0,,89,99.0,0.0,15.0,2.0,1.0,5.0,3,2,1,4,7,0,0,0,0,0,0,3.0,11.0,0,7,122.0,89,,5,1,2,2,122
456,1986,2n Cycle,Married,7500.0,1,0,2013-07-02,96,1.0,11.0,5.0,4.0,6.0,9.0,2,2,0,3,8,0,0,0,0,0,0,3.0,11.0,0,5,36.0,96,4489.0,6,1,1,1,111
5012,1989,Graduation,Married,28691.0,1,0,2013-04-07,56,5.0,4.0,13.0,8.0,0.0,4.0,1,1,0,3,8,0,0,0,0,0,0,3.0,11.0,0,4,34.0,56,4575.0,5,3,1,1,311
7495,1948,PhD,Married,56223.0,0,1,,72,77.0,28.0,31.0,16.0,0.0,4.0,2,2,1,5,4,0,0,0,0,0,0,3.0,11.0,0,8,156.0,72,,5,2,2,2,222
5029,1946,Graduation,Married,18100.0,0,0,2013-06-08,14,3.0,1.0,2.0,4.0,3.0,1.0,1,0,0,3,5,0,0,0,0,0,0,3.0,11.0,0,3,14.0,14,4513.0,6,5,1,1,511
10642,1989,Graduation,Single,30279.0,1,0,,13,10.0,4.0,14.0,4.0,4.0,1.0,1,1,0,3,8,0,0,0,0,0,0,3.0,11.0,0,4,37.0,13,,6,5,1,1,511
2106,1974,2n Cycle,Married,20130.0,0,0,,99,0.0,6.0,3.0,7.0,6.0,12.0,1,1,0,3,8,0,0,0,0,0,0,3.0,11.0,0,4,34.0,99,,5,1,1,1,111
10364,1959,Graduation,Divorced,23295.0,0,0,,72,0.0,0.0,1.0,2.0,12.0,5.0,1,1,0,2,8,0,0,0,0,0,0,3.0,11.0,0,3,20.0,72,,4,2,1,1,211
5954,1972,Master,Divorced,42618.0,1,0,2013-09-10,92,76.0,14.0,74.0,13.0,5.0,10.0,2,5,0,4,8,0,0,0,0,0,0,3.0,11.0,0,9,192.0,92,4419.0,6,1,3,2,132
1137,1964,Graduation,Single,81246.0,0,0,,87,398.0,190.0,537.0,61.0,156.0,37.0,1,4,5,7,1,1,0,0,1,0,0,3.0,11.0,0,16,1379.0,87,,6,1,4,5,145
2541,1976,Graduation,Married,24027.0,1,0,2013-09-06,7,14.0,7.0,11.0,11.0,0.0,5.0,2,2,0,3,8,0,0,0,0,0,0,3.0,11.0,0,5,48.0,7,4423.0,5,5,1,1,511
1142,1953,PhD,Married,55707.0,0,1,,91,208.0,7.0,82.0,30.0,66.0,35.0,2,3,2,9,3,0,0,0,0,0,0,3.0,11.0,0,14,428.0,91,,6,1,3,3,133
2276,1955,Graduation,Single,57959.0,0,1,2013-02-05,71,430.0,16.0,322.0,43.0,24.0,33.0,5,4,7,11,3,0,0,0,0,0,0,3.0,11.0,0,22,868.0,71,4636.0,6,2,5,4,254
2807,1969,Graduation,Married,56796.0,0,1,,24,656.0,38.0,161.0,62.0,47.0,37.0,3,8,9,7,7,0,0,0,0,0,0,3.0,11.0,0,24,1001.0,24,,6,4,5,4,454
6471,1971,Master,Single,36230.0,1,0,,17,14.0,2.0,30.0,8.0,2.0,3.0,1,2,0,4,5,0,0,0,0,0,0,3.0,11.0,0,6,59.0,17,,6,5,2,2,522
6131,1980,2n Cycle,Married,70829.0,1,1,2013-01-12,87,141.0,70.0,106.0,72.0,19.0,23.0,2,4,2,8,3,0,0,0,0,0,0,3.0,11.0,0,14,431.0,87,4660.0,6,1,3,3,133
6233,1976,Graduation,Married,65991.0,0,1,2012-07-09,21,507.0,19.0,364.0,25.0,47.0,9.0,3,9,5,10,7,0,0,0,0,0,0,3.0,11.0,0,24,971.0,21,4847.0,6,4,5,4,454
4148,1972,Graduation,Married,38988.0,1,2,,90,164.0,24.0,103.0,12.0,3.0,42.0,7,5,1,6,8,0,0,0,0,0,0,3.0,11.0,0,12,348.0,90,,6,1,3,3,133
4947,1966,2n Cycle,Single,89572.0,0,0,,44,606.0,24.0,974.0,197.0,194.0,64.0,1,7,7,9,4,0,1,0,1,0,0,3.0,11.0,1,23,2059.0,44,,6,3,5,5,355
3225,1984,Master,Married,42207.0,1,0,2013-01-04,71,116.0,11.0,72.0,3.0,17.0,46.0,4,4,1,5,6,1,0,0,0,0,0,3.0,11.0,1,10,265.0,71,4668.0,6,2,3,3,233
7540,1952,Graduation,Married,50300.0,0,1,,52,143.0,15.0,60.0,24.0,23.0,5.0,2,2,1,8,2,0,0,0,0,0,0,3.0,11.0,0,11,270.0,52,,6,3,3,3,333
10648,1982,2n Cycle,Together,66664.0,0,0,,78,398.0,96.0,447.0,220.0,96.0,32.0,1,5,7,6,3,0,0,0,0,0,0,3.0,11.0,0,18,1289.0,78,,6,2,4,5,245
1992,1964,Graduation,Married,60597.0,0,1,2014-01-01,2,522.0,0.0,257.0,32.0,16.0,66.0,4,2,2,8,7,0,0,0,1,0,0,3.0,11.0,1,12,893.0,2,4306.0,5,5,3,4,534
7851,1949,Graduation,Widow,70165.0,0,0,,60,161.0,0.0,253.0,199.0,191.0,122.0,1,3,7,11,1,0,0,0,0,0,0,3.0,11.0,0,21,926.0,60,,5,2,5,4,254
8594,1958,PhD,Widow,50520.0,0,1,,25,112.0,0.0,6.0,2.0,1.0,14.0,2,3,1,3,6,0,0,0,0,0,0,3.0,11.0,0,7,135.0,25,,5,4,2,2,422
7059,1963,Graduation,Married,80124.0,0,0,,47,483.0,84.0,398.0,205.0,84.0,241.0,1,3,7,8,1,1,0,0,0,0,0,3.0,11.0,0,18,1495.0,47,,6,3,4,5,345
2815,1975,Graduation,Married,33183.0,1,0,,46,7.0,5.0,39.0,17.0,15.0,37.0,2,4,0,3,7,0,0,0,0,0,0,3.0,11.0,0,7,120.0,46,,6,3,2,2,322
2416,1969,PhD,Single,66582.0,0,0,2014-03-03,83,789.0,25.0,420.0,16.0,38.0,0.0,1,2,8,9,1,0,0,0,0,0,0,3.0,11.0,0,19,1288.0,83,4245.0,5,1,4,5,145
7999,1955,PhD,Together,75261.0,0,0,,17,1239.0,17.0,413.0,23.0,34.0,17.0,1,5,6,5,2,0,1,1,0,0,0,3.0,11.0,1,16,1743.0,17,,6,5,4,5,545
9213,1970,Graduation,Widow,31880.0,1,0,,13,4.0,1.0,5.0,2.0,0.0,3.0,1,1,0,2,8,0,0,0,0,0,0,3.0,11.0,0,3,15.0,13,,5,5,1,1,511
9697,1951,Graduation,Married,53790.0,0,2,2014-06-03,86,335.0,42.0,127.0,28.0,5.0,5.0,3,7,2,8,6,0,0,0,0,0,0,3.0,11.0,0,17,542.0,86,4153.0,6,1,4,3,143
3916,1971,PhD,Together,49269.0,1,0,,92,639.0,8.0,166.0,11.0,8.0,58.0,3,7,3,12,7,0,0,0,0,0,0,3.0,11.0,0,22,890.0,92,,6,1,5,4,154
2021,1975,Graduation,Married,61456.0,0,1,,47,563.0,76.0,384.0,84.0,192.0,89.0,4,6,10,13,4,0,0,0,0,0,0,3.0,11.0,0,29,1388.0,47,,6,3,5,5,355
1581,1980,Graduation,Married,37406.0,1,0,2013-10-10,18,2.0,0.0,8.0,2.0,2.0,3.0,1,1,0,2,8,0,0,0,0,0,0,3.0,11.0,1,3,17.0,18,4389.0,5,5,1,1,511
564,1981,PhD,Together,56937.0,1,0,2012-04-08,81,746.0,8.0,125.0,11.0,8.0,8.0,7,8,6,9,6,0,1,0,0,0,0,3.0,11.0,1,23,906.0,81,4939.0,6,1,5,4,154
6619,1978,Graduation,Married,38415.0,1,1,2013-02-01,91,22.0,1.0,13.0,4.0,0.0,4.0,2,1,0,3,7,0,0,0,0,0,0,3.0,11.0,0,4,44.0,91,4640.0,5,1,1,1,111
9081,1988,Graduation,Single,20518.0,1,0,,58,4.0,1.0,6.0,4.0,1.0,9.0,1,1,1,2,5,0,0,0,0,0,0,3.0,11.0,0,4,25.0,58,,6,3,1,1,311
178,1956,Graduation,Married,62503.0,0,1,,40,478.0,0.0,193.0,110.0,75.0,117.0,4,8,3,11,5,0,0,0,0,0,0,3.0,11.0,0,22,973.0,40,,5,3,5,4,354
916,1972,PhD,Single,41644.0,1,1,2014-09-05,67,20.0,3.0,4.0,2.0,0.0,2.0,2,1,0,3,3,0,0,0,0,0,0,3.0,11.0,0,4,31.0,67,4059.0,5,2,1,1,211
5512,1977,Master,Married,55842.0,0,1,,19,451.0,0.0,39.0,0.0,4.0,24.0,1,7,1,8,5,0,0,0,0,0,0,3.0,11.0,0,16,518.0,19,,4,5,4,3,543
8970,1972,PhD,Married,62010.0,0,1,,93,371.0,22.0,39.0,6.0,0.0,92.0,4,6,2,7,5,0,0,0,0,0,0,3.0,11.0,0,15,530.0,93,,5,1,3,3,133
10581,1977,Graduation,Married,41124.0,1,0,,41,281.0,7.0,84.0,15.0,0.0,119.0,7,7,3,4,8,0,0,0,0,0,0,3.0,11.0,0,14,506.0,41,,5,3,3,3,333
5300,1973,Master,Married,38961.0,1,0,,60,19.0,7.0,19.0,0.0,1.0,24.0,1,2,1,2,7,0,0,0,0,0,0,3.0,11.0,0,5,70.0,60,,5,2,1,2,212
5154,1972,Master,Divorced,37760.0,1,0,2013-11-08,54,26.0,3.0,13.0,2.0,10.0,0.0,1,2,0,3,6,0,0,0,0,0,0,3.0,11.0,0,5,54.0,54,4360.0,5,3,1,1,311
8346,1974,Graduation,Single,32233.0,1,0,,26,138.0,15.0,35.0,25.0,11.0,72.0,2,6,2,2,9,1,0,0,0,0,0,3.0,11.0,1,10,296.0,26,,6,4,3,3,433
1676,1975,Graduation,Married,43057.0,0,1,,30,213.0,2.0,44.0,0.0,2.0,5.0,4,4,2,5,5,0,0,0,0,0,0,3.0,11.0,0,11,266.0,30,,5,4,3,3,433
9286,1960,Master,Together,83151.0,0,0,2012-10-10,93,407.0,28.0,100.0,120.0,74.0,18.0,1,5,9,4,3,0,0,0,0,0,0,3.0,11.0,0,18,747.0,93,4754.0,6,1,4,4,144
2426,1964,PhD,Divorced,78825.0,0,0,,35,483.0,74.0,114.0,169.0,37.0,18.0,1,5,10,13,3,0,0,0,0,0,0,3.0,11.0,1,28,895.0,35,,6,4,5,4,454
5172,1976,Master,Together,65104.0,0,1,,4,738.0,0.0,232.0,13.0,20.0,50.0,2,3,5,7,7,0,0,0,0,0,0,3.0,11.0,0,15,1053.0,4,,5,5,3,4,534
5562,1974,Graduation,Married,60093.0,0,1,,92,502.0,12.0,109.0,16.0,6.0,90.0,2,7,2,10,6,0,0,0,0,0,0,3.0,11.0,0,19,735.0,92,,6,1,4,4,144
3436,1969,Graduation,Married,14045.0,1,0,,24,11.0,0.0,5.0,2.0,1.0,1.0,1,1,0,3,7,0,0,0,0,0,0,3.0,11.0,0,4,20.0,24,,5,4,1,1,411
3921,1952,2n Cycle,Widow,28457.0,0,0,,96,24.0,1.0,108.0,29.0,29.0,14.0,1,4,1,4,8,0,0,0,0,0,0,3.0,11.0,0,9,205.0,96,,6,1,3,3,133
3403,1958,PhD,Together,78952.0,0,1,,11,1170.0,19.0,594.0,99.0,76.0,134.0,2,2,5,12,6,0,0,0,0,0,0,3.0,11.0,0,19,2092.0,11,,6,5,4,5,545
22,1976,Graduation,Divorced,46310.0,1,0,2012-03-12,99,185.0,2.0,88.0,15.0,5.0,14.0,2,6,1,5,8,0,0,0,0,0,0,3.0,11.0,0,12,309.0,99,4966.0,6,1,3,3,133
10965,1955,Graduation,Together,76005.0,0,0,,72,983.0,20.0,389.0,240.0,50.0,40.0,1,3,5,13,6,0,0,0,1,0,0,3.0,11.0,0,21,1722.0,72,,6,2,5,5,255
9426,1964,Master,Single,58308.0,0,1,2013-12-01,77,691.0,0.0,69.0,10.0,0.0,130.0,4,2,6,3,8,0,0,0,0,0,0,3.0,11.0,0,11,900.0,77,4337.0,4,2,3,4,234
6605,1944,PhD,Divorced,55614.0,0,0,,85,504.0,13.0,131.0,8.0,0.0,26.0,1,9,4,6,7,0,1,0,0,0,0,3.0,11.0,0,19,682.0,85,,5,1,4,4,144
3136,1962,Master,Divorced,59432.0,0,1,,88,317.0,25.0,265.0,25.0,19.0,12.0,3,5,3,11,5,0,0,0,0,0,0,3.0,11.0,0,19,663.0,88,,6,1,4,4,144
8737,1978,Graduation,Divorced,55563.0,0,1,2014-05-04,22,29.0,1.0,9.0,2.0,0.0,2.0,1,2,0,3,3,0,0,0,0,0,0,3.0,11.0,0,5,43.0,22,4183.0,5,4,1,1,411
11088,1971,PhD,Together,78642.0,0,1,,83,1396.0,0.0,322.0,46.0,35.0,17.0,1,4,9,4,6,0,0,0,0,0,0,3.0,11.0,0,17,1816.0,83,,5,1,4,5,145
716,1949,PhD,Together,67911.0,0,1,,63,529.0,0.0,356.0,63.0,28.0,0.0,3,6,7,11,3,0,0,0,0,0,0,3.0,11.0,0,24,976.0,63,,4,2,5,4,254
466,1944,Graduation,Married,65275.0,0,0,2013-03-04,9,388.0,14.0,218.0,91.0,14.0,21.0,1,4,3,13,2,0,0,0,0,0,0,3.0,11.0,0,20,746.0,9,4609.0,6,5,4,4,544
9135,1950,Graduation,Together,27203.0,1,1,2012-06-08,92,13.0,2.0,21.0,4.0,0.0,24.0,2,1,1,2,8,0,0,0,0,0,0,3.0,11.0,0,4,64.0,92,4878.0,5,1,1,2,112
10623,1961,Master,Together,48330.0,0,1,,2,28.0,0.0,4.0,0.0,0.0,0.0,1,1,0,3,5,0,0,0,0,0,0,3.0,11.0,0,4,32.0,2,,2,5,1,1,511
8151,1990,Basic,Married,24279.0,0,0,,6,16.0,36.0,21.0,20.0,62.0,108.0,1,4,1,3,8,0,0,0,0,0,0,3.0,11.0,0,8,263.0,6,,6,5,2,3,523
5140,1985,PhD,Married,64355.0,1,0,,66,1047.0,0.0,140.0,67.0,38.0,153.0,2,4,3,12,8,0,0,0,0,0,0,3.0,11.0,0,19,1445.0,66,,5,2,4,5,245
10160,1956,Master,Together,50943.0,0,1,,49,31.0,0.0,7.0,2.0,0.0,6.0,1,1,0,3,5,0,0,0,0,0,0,3.0,11.0,0,4,46.0,49,,4,3,1,1,311
4945,1953,Graduation,Widow,53653.0,0,0,2012-07-11,29,815.0,10.0,239.0,28.0,10.0,108.0,2,10,4,12,6,0,0,0,0,0,0,3.0,11.0,0,26,1210.0,29,4845.0,6,4,5,5,455
10584,1976,Graduation,Married,65665.0,0,1,2013-02-12,77,225.0,162.0,387.0,106.0,36.0,29.0,1,5,10,8,3,0,0,0,0,0,0,3.0,11.0,0,23,945.0,77,4629.0,6,2,5,4,254
6071,1989,Graduation,Single,81217.0,0,0,,77,493.0,70.0,324.0,146.0,40.0,84.0,1,3,7,11,1,0,0,0,0,0,0,3.0,11.0,0,21,1157.0,77,,6,2,5,4,254
3386,1992,Graduation,Married,34935.0,0,0,,71,34.0,4.0,66.0,3.0,10.0,20.0,1,2,1,4,7,0,0,0,0,0,0,3.0,11.0,0,7,137.0,71,,6,2,2,2,222
8939,1959,Graduation,Divorced,61250.0,0,1,,49,382.0,138.0,65.0,60.0,26.0,59.0,6,5,2,12,5,0,0,0,0,0,0,3.0,11.0,0,19,730.0,49,,6,3,4,4,344
9925,1981,PhD,Together,39665.0,1,0,,97,127.0,1.0,56.0,0.0,1.0,31.0,3,4,2,3,7,1,0,0,0,0,0,3.0,11.0,0,9,216.0,97,,5,1,3,3,133
4320,1979,Graduation,Single,60152.0,0,1,,6,325.0,83.0,300.0,86.0,58.0,91.0,1,6,4,12,3,0,0,0,0,0,0,3.0,11.0,0,22,943.0,6,,6,5,5,4,554
5389,1964,Graduation,Married,48920.0,0,2,,93,238.0,17.0,68.0,8.0,10.0,6.0,3,6,2,5,7,0,1,0,0,0,0,3.0,11.0,0,13,347.0,93,,6,1,3,3,133
6036,1959,Master,Together,89120.0,0,0,,78,1168.0,92.0,408.0,72.0,129.0,55.0,1,5,6,7,1,0,0,1,0,0,0,3.0,11.0,0,18,1924.0,78,,6,2,4,5,245
182,1946,PhD,Together,44124.0,0,1,2013-11-05,62,284.0,0.0,55.0,0.0,6.0,52.0,4,6,2,5,8,0,0,0,0,0,0,3.0,11.0,0,13,397.0,62,4363.0,4,2,3,3,233
203,1975,Master,Single,81169.0,0,0,,47,1288.0,20.0,613.0,80.0,61.0,27.0,1,5,7,9,2,0,0,0,0,0,0,3.0,11.0,0,21,2089.0,47,,6,3,5,5,355
11025,1961,Graduation,Married,36443.0,1,1,2013-03-02,9,65.0,0.0,46.0,4.0,3.0,20.0,4,3,1,3,8,0,0,0,0,0,0,3.0,11.0,0,7,138.0,9,4611.0,5,5,2,2,522
10203,1990,Graduation,Single,26095.0,1,0,,77,11.0,7.0,9.0,3.0,1.0,11.0,1,1,0,3,7,0,0,0,0,0,0,3.0,11.0,0,4,42.0,77,,6,2,1,1,211
4607,1959,Graduation,Together,71367.0,0,0,,24,227.0,23.0,389.0,42.0,21.0,75.0,1,4,5,7,2,0,0,0,0,0,0,3.0,11.0,0,16,777.0,24,,6,4,4,4,444
3711,1944,Master,Married,80184.0,0,0,2014-01-03,19,1035.0,134.0,670.0,25.0,38.0,0.0,1,6,3,10,3,0,0,1,1,0,0,3.0,11.0,0,19,1902.0,19,4304.0,5,5,4,5,545
3696,1965,Graduation,Divorced,30630.0,1,1,,67,27.0,1.0,12.0,2.0,0.0,10.0,2,2,0,3,7,0,0,0,0,0,0,3.0,11.0,0,5,52.0,67,,5,2,1,1,211
2532,1987,Master,Single,73454.0,0,0,2014-01-03,95,982.0,73.0,351.0,56.0,14.0,175.0,1,2,4,6,5,1,0,0,0,0,0,3.0,11.0,0,12,1651.0,95,4304.0,6,1,3,5,135
9214,1991,Graduation,Married,42691.0,0,0,,48,179.0,2.0,64.0,38.0,17.0,58.0,1,5,1,6,5,0,0,0,0,0,0,3.0,11.0,0,12,358.0,48,,6,3,3,3,333
4943,1953,Graduation,Married,70503.0,0,0,,73,1379.0,33.0,216.0,0.0,33.0,66.0,1,2,4,9,6,0,1,1,0,0,0,3.0,11.0,0,15,1727.0,73,,5,2,3,5,235
35,1987,Graduation,Married,25545.0,1,0,2012-08-09,35,32.0,1.0,64.0,16.0,12.0,85.0,3,2,2,3,6,0,0,0,0,0,0,3.0,11.0,1,7,210.0,35,4816.0,6,4,2,3,423
2258,1986,Graduation,Married,32880.0,1,0,2012-04-12,76,8.0,4.0,15.0,7.0,6.0,2.0,1,1,0,3,8,0,0,0,0,0,0,3.0,11.0,0,4,42.0,76,4935.0,6,2,1,1,211
4322,1958,PhD,Together,77863.0,0,0,,20,881.0,38.0,319.0,16.0,25.0,12.0,1,4,5,10,2,0,0,0,0,0,0,3.0,11.0,0,19,1291.0,20,,6,4,4,5,445
713,1977,Master,Married,50353.0,0,0,2014-08-06,72,141.0,15.0,153.0,67.0,31.0,35.0,1,4,4,6,3,0,0,0,0,0,0,3.0,11.0,0,14,442.0,72,4089.0,6,2,3,3,233
4702,1964,Graduation,Single,61839.0,0,0,2012-12-08,20,1000.0,155.0,379.0,224.0,17.0,120.0,1,4,8,4,8,0,0,0,0,0,0,3.0,11.0,0,16,1895.0,20,4695.0,6,4,4,5,445
3281,1960,PhD,Married,49154.0,1,1,2013-03-11,69,206.0,10.0,67.0,30.0,27.0,71.0,6,4,1,8,6,0,0,0,0,0,0,3.0,11.0,0,13,411.0,69,4602.0,6,2,3,3,233
702,1975,2n Cycle,Widow,47682.0,0,1,,80,162.0,61.0,83.0,97.0,57.0,61.0,4,4,3,8,5,0,0,0,0,0,0,3.0,11.0,0,15,521.0,80,,6,1,3,3,133
2004,1969,Graduation,Single,72679.0,0,1,,65,619.0,54.0,260.0,127.0,54.0,54.0,1,4,7,5,1,0,0,0,0,0,0,3.0,11.0,0,16,1168.0,65,,6,2,4,4,244
4769,1977,Master,Together,57954.0,1,1,,52,456.0,4.0,24.0,0.0,0.0,9.0,7,8,2,6,7,0,1,0,0,0,0,3.0,11.0,0,16,493.0,52,,4,3,4,3,343
4437,1962,Graduation,Married,65316.0,1,1,,65,112.0,6.0,92.0,3.0,9.0,38.0,2,3,2,5,4,0,0,0,0,0,0,3.0,11.0,0,10,260.0,65,,6,2,3,3,233
8724,1982,Graduation,Single,28567.0,1,0,,57,11.0,3.0,22.0,2.0,2.0,6.0,2,2,0,3,6,0,0,0,0,0,0,3.0,11.0,0,5,46.0,57,,6,3,1,1,311
10741,1951,Master,Together,47352.0,0,1,2013-11-04,70,172.0,12.0,112.0,8.0,0.0,15.0,4,6,1,5,7,0,0,0,0,0,0,3.0,11.0,0,12,319.0,70,4364.0,5,2,3,3,233
1991,1967,Graduation,Together,44931.0,0,1,,0,78.0,0.0,11.0,0.0,0.0,7.0,1,2,1,3,5,0,0,0,0,0,0,3.0,11.0,0,6,96.0,0,,3,5,2,2,522
6931,1967,Graduation,Divorced,76982.0,0,0,,19,464.0,151.0,292.0,65.0,60.0,30.0,1,8,3,4,4,0,0,1,0,0,0,3.0,11.0,1,15,1062.0,19,,6,5,3,4,534
11096,1952,2n Cycle,Together,57247.0,0,1,2013-08-08,50,99.0,4.0,32.0,37.0,54.0,6.0,2,2,1,7,2,0,0,0,0,0,0,3.0,11.0,0,10,232.0,50,4452.0,6,3,3,3,333
304,1981,Master,Single,22944.0,1,0,,67,19.0,3.0,19.0,4.0,5.0,26.0,3,3,0,3,7,0,0,0,0,0,0,3.0,11.0,0,6,76.0,67,,6,2,2,2,222
3665,1977,2n Cycle,Together,25315.0,1,0,2013-07-11,46,1.0,9.0,8.0,11.0,3.0,22.0,3,3,0,3,8,0,0,0,0,0,0,3.0,11.0,0,6,54.0,46,4480.0,6,3,2,1,321
10591,1969,Graduation,Widow,43638.0,0,1,2012-06-08,37,63.0,10.0,83.0,7.0,19.0,19.0,2,4,1,4,7,0,0,0,0,0,0,3.0,11.0,0,9,201.0,37,4878.0,6,4,3,3,433
5036,1984,PhD,Single,42710.0,1,0,,38,252.0,3.0,42.0,4.0,3.0,102.0,2,4,5,3,6,0,0,0,0,0,0,3.0,11.0,0,12,406.0,38,,6,4,3,3,433
5547,1982,PhD,Married,84169.0,0,0,2013-07-08,9,1478.0,19.0,403.0,0.0,19.0,0.0,1,7,6,6,3,0,1,1,0,0,0,3.0,11.0,1,19,1919.0,9,4483.0,4,5,4,5,545
7822,1976,Graduation,Together,54058.0,0,1,2013-04-06,56,198.0,18.0,252.0,32.0,108.0,54.0,2,4,6,8,3,0,0,0,0,0,0,3.0,11.0,0,18,662.0,56,4576.0,6,3,4,4,344
8541,1990,2n Cycle,Married,24683.0,1,0,2014-08-03,98,8.0,4.0,10.0,6.0,7.0,6.0,2,2,0,4,5,0,0,0,0,0,0,3.0,11.0,0,6,41.0,98,4092.0,6,1,2,1,121
10955,1964,Graduation,Widow,85620.0,0,0,2014-07-01,68,416.0,46.0,925.0,60.0,107.0,46.0,1,3,6,4,1,0,0,0,0,0,0,3.0,11.0,1,13,1600.0,68,4125.0,6,2,3,5,235
4368,1980,Graduation,Married,47850.0,1,0,2013-03-12,72,42.0,7.0,43.0,20.0,12.0,10.0,1,3,0,4,6,0,0,0,0,0,0,3.0,11.0,0,7,134.0,72,4601.0,6,2,2,2,222
9671,1968,Graduation,Married,19514.0,1,1,,47,14.0,3.0,21.0,2.0,1.0,28.0,4,3,1,2,8,1,0,0,0,0,0,3.0,11.0,1,6,69.0,47,,6,3,2,2,322
2256,1973,Master,Married,27159.0,1,1,,33,17.0,0.0,3.0,0.0,0.0,1.0,2,1,0,3,6,0,0,0,0,0,0,3.0,11.0,0,4,21.0,33,,3,4,1,1,411
4279,1963,2n Cycle,Single,39548.0,1,1,,87,15.0,4.0,10.0,3.0,4.0,18.0,2,1,1,3,3,0,0,0,0,0,0,3.0,11.0,0,5,54.0,87,,6,1,1,1,111
5371,1989,Graduation,Single,21474.0,1,0,2014-08-04,0,6.0,16.0,24.0,11.0,0.0,34.0,2,3,1,2,7,1,0,0,0,0,0,3.0,11.0,1,6,91.0,0,4091.0,5,5,2,2,522
9240,1971,PhD,Single,60504.0,0,1,2014-07-02,73,458.0,0.0,24.0,6.0,4.0,34.0,2,6,2,8,6,0,0,0,0,0,0,3.0,11.0,0,16,526.0,73,4124.0,5,2,4,3,243
9460,1963,Graduation,Married,22419.0,0,0,,74,30.0,3.0,47.0,19.0,21.0,42.0,1,3,2,2,8,0,0,0,0,0,0,3.0,11.0,0,7,162.0,74,,6,2,2,2,222
9504,1949,Master,Married,81698.0,0,0,2013-06-11,4,179.0,28.0,520.0,111.0,123.0,47.0,1,3,8,13,1,0,0,0,0,0,0,3.0,11.0,1,24,1008.0,4,4510.0,6,5,5,4,554
8692,1952,Graduation,Together,43462.0,1,1,2012-12-09,50,90.0,17.0,97.0,15.0,6.0,15.0,6,4,1,5,8,0,0,0,0,0,0,3.0,11.0,0,10,240.0,50,4694.0,6,3,3,3,333
448,1978,PhD,Single,54880.0,1,0,2013-01-03,57,308.0,85.0,137.0,102.0,45.0,118.0,2,6,2,11,5,0,0,0,0,0,0,3.0,11.0,0,19,795.0,57,4669.0,6,3,4,4,344
8314,1982,Graduation,Married,79908.0,0,0,2013-05-04,30,557.0,129.0,761.0,29.0,185.0,111.0,1,5,6,7,2,0,0,1,0,0,0,3.0,11.0,0,18,1772.0,30,4548.0,6,4,4,5,445
8420,1970,2n Cycle,Married,15315.0,0,0,2013-03-08,27,7.0,4.0,13.0,15.0,8.0,17.0,2,2,0,4,5,0,0,0,0,0,0,3.0,11.0,0,6,64.0,27,4605.0,6,4,2,2,422
3174,1959,Graduation,Together,87771.0,0,1,,61,1492.0,38.0,287.0,50.0,57.0,33.0,1,5,10,4,6,0,1,1,1,1,0,3.0,11.0,1,19,1957.0,61,,6,2,4,5,245
7685,1978,Graduation,Married,33039.0,1,0,2013-09-09,4,30.0,8.0,12.0,8.0,8.0,12.0,1,2,0,4,5,0,0,0,0,0,0,3.0,11.0,0,6,78.0,4,4420.0,6,5,2,2,522
3179,1980,Graduation,Single,81741.0,0,0,,75,249.0,153.0,940.0,58.0,134.0,38.0,0,6,6,7,2,0,0,0,0,0,0,3.0,11.0,0,19,1572.0,75,,6,2,4,5,245
9780,1971,Master,Together,71499.0,0,1,,12,465.0,25.0,132.0,136.0,0.0,37.0,2,8,3,13,4,0,0,0,0,0,0,3.0,11.0,0,24,795.0,12,,5,5,5,4,554
10681,1970,2n Cycle,Married,62466.0,0,1,,13,129.0,129.0,259.0,168.0,121.0,83.0,5,6,3,12,4,0,0,0,0,0,0,3.0,11.0,0,21,889.0,13,,6,5,5,4,554
10232,1963,PhD,Divorced,48799.0,0,1,2013-05-11,9,174.0,18.0,81.0,28.0,6.0,24.0,3,3,2,7,3,0,0,0,0,0,0,3.0,11.0,0,12,331.0,9,4541.0,6,5,3,3,533
4184,1950,PhD,Together,52157.0,0,1,2014-07-06,48,189.0,2.0,29.0,3.0,2.0,40.0,2,3,2,5,4,0,0,0,0,0,0,3.0,11.0,0,10,265.0,48,4120.0,6,3,3,3,333
9120,1962,Graduation,Single,66565.0,0,1,2012-05-12,80,747.0,10.0,161.0,65.0,40.0,42.0,4,4,2,9,8,0,0,0,0,0,0,3.0,11.0,0,15,1065.0,80,4905.0,6,1,3,4,134
891,1951,Master,Together,29298.0,1,1,2013-07-09,60,6.0,0.0,2.0,2.0,0.0,1.0,1,1,0,2,5,0,0,0,0,0,0,3.0,11.0,0,3,11.0,60,4482.0,4,2,1,1,211
10381,1979,Graduation,Single,47691.0,0,1,2013-05-07,43,14.0,0.0,3.0,0.0,0.0,4.0,1,1,0,2,6,0,0,0,0,0,0,3.0,11.0,0,3,21.0,43,4545.0,3,3,1,1,311
3525,1970,Graduation,Together,38200.0,1,1,2012-07-12,19,12.0,0.0,4.0,0.0,0.0,1.0,1,1,0,2,7,0,0,0,0,0,0,3.0,11.0,0,3,17.0,19,4844.0,3,5,1,1,511
6818,1974,Graduation,Married,44989.0,0,1,2012-12-09,26,98.0,0.0,106.0,49.0,10.0,106.0,5,5,1,5,6,0,0,0,0,0,0,3.0,11.0,0,11,369.0,26,4694.0,5,4,3,3,433
3526,1968,PhD,Married,38443.0,1,1,,58,32.0,0.0,5.0,0.0,0.0,1.0,2,1,0,3,7,0,0,0,0,0,0,3.0,11.0,0,4,38.0,58,,3,3,1,1,311
8181,1978,2n Cycle,Single,38593.0,1,0,,42,51.0,12.0,49.0,17.0,24.0,24.0,3,4,1,3,8,0,0,0,0,0,0,3.0,11.0,0,8,177.0,42,,6,3,2,2,322
1029,1970,PhD,Together,64413.0,0,1,2013-01-08,27,200.0,5.0,44.0,0.0,10.0,20.0,1,5,1,5,5,0,0,0,0,0,0,3.0,11.0,0,11,279.0,27,4664.0,5,4,3,3,433
7369,1981,Master,Married,36959.0,1,0,2013-02-10,56,25.0,6.0,25.0,6.0,0.0,0.0,2,2,0,3,8,0,0,0,0,0,0,3.0,11.0,0,5,62.0,56,4631.0,4,3,1,2,312
2574,1977,PhD,Married,61996.0,0,1,,27,1050.0,12.0,144.0,0.0,0.0,24.0,3,6,4,8,5,0,1,0,1,1,0,3.0,11.0,1,18,1230.0,27,,4,4,4,5,445
8159,1968,Graduation,Married,51287.0,1,1,2014-01-04,10,117.0,0.0,22.0,13.0,0.0,30.0,3,4,1,3,7,0,0,0,0,0,0,3.0,11.0,0,8,182.0,10,4303.0,4,5,2,2,522
1160,1970,Graduation,Married,13260.0,1,1,,48,9.0,4.0,17.0,10.0,2.0,7.0,4,3,0,3,8,0,0,0,0,0,0,3.0,11.0,0,6,49.0,48,,6,3,2,1,321
10242,1966,PhD,Together,47472.0,1,1,,39,56.0,0.0,11.0,0.0,0.0,8.0,2,2,0,4,5,0,0,0,0,0,0,3.0,11.0,0,6,75.0,39,,3,4,2,2,422
5253,1956,Master,Together,54603.0,1,1,2013-09-07,85,145.0,13.0,46.0,17.0,2.0,4.0,6,4,2,4,7,0,0,0,0,0,0,3.0,11.0,0,10,227.0,85,4422.0,6,1,3,3,133
5966,1974,PhD,Married,45207.0,1,1,2012-10-11,64,203.0,0.0,10.0,0.0,0.0,2.0,5,3,1,6,6,0,1,0,0,0,0,3.0,11.0,0,10,215.0,64,4753.0,3,2,3,3,233
5314,1951,Graduation,Together,40689.0,0,1,,69,270.0,3.0,27.0,39.0,6.0,99.0,7,7,1,5,8,0,0,0,0,0,0,3.0,11.0,0,13,444.0,69,,6,2,3,3,233
5081,1967,2n Cycle,Together,47821.0,1,1,,54,9.0,0.0,16.0,6.0,6.0,10.0,1,1,0,3,8,0,0,0,0,0,0,3.0,11.0,0,4,47.0,54,,5,3,1,1,311
5123,1951,Master,Married,27450.0,0,0,,57,37.0,12.0,23.0,8.0,11.0,52.0,1,2,1,3,7,0,0,0,0,0,0,3.0,11.0,0,6,143.0,57,,6,3,2,2,322
5756,1983,Graduation,Together,39453.0,1,0,2014-03-04,64,46.0,0.0,7.0,0.0,0.0,2.0,2,2,0,3,6,0,0,0,0,0,0,3.0,11.0,0,5,55.0,64,4244.0,3,2,1,1,211
8036,1971,2n Cycle,Together,26850.0,1,1,,10,31.0,1.0,13.0,7.0,2.0,9.0,4,2,1,4,4,0,0,0,0,0,0,3.0,11.0,0,7,63.0,10,,6,5,2,2,522
9058,1955,Graduation,Widow,79800.0,0,0,,65,1060.0,21.0,530.0,32.0,0.0,224.0,1,5,11,5,3,1,0,1,1,0,0,3.0,11.0,1,21,1867.0,65,,5,2,5,5,255
5057,1961,Master,Married,61794.0,0,1,,74,264.0,47.0,188.0,54.0,47.0,11.0,2,4,4,10,2,0,0,0,0,0,0,3.0,11.0,0,18,611.0,74,,6,2,4,3,243
254,1955,Graduation,Together,53863.0,0,1,,4,399.0,4.0,30.0,6.0,4.0,30.0,3,7,1,7,7,0,1,0,0,0,0,3.0,11.0,0,15,473.0,4,,6,5,3,3,533
4179,1959,Graduation,Together,24221.0,0,0,,94,8.0,9.0,9.0,2.0,5.0,22.0,1,1,1,3,4,0,0,0,0,0,0,3.0,11.0,0,5,55.0,94,,6,1,1,1,111
3710,1984,PhD,Single,39684.0,1,0,2012-12-10,41,19.0,0.0,35.0,6.0,4.0,17.0,2,2,1,2,7,0,0,0,0,0,1,3.0,11.0,1,5,81.0,41,4693.0,5,3,1,2,312
7627,1975,Master,Married,92163.0,0,0,2012-12-12,25,817.0,183.0,797.0,106.0,163.0,20.0,0,5,11,5,2,0,0,1,1,0,0,3.0,11.0,1,21,2086.0,25,4691.0,6,4,5,5,455
4501,1965,Master,Single,69882.0,0,0,2013-10-11,94,292.0,127.0,635.0,132.0,127.0,165.0,1,3,7,9,1,0,0,0,0,0,0,3.0,11.0,0,19,1478.0,94,4388.0,6,1,4,5,145
6424,1977,Graduation,Together,33178.0,1,0,,9,12.0,6.0,2.0,11.0,2.0,16.0,1,1,0,3,4,0,0,0,0,0,0,3.0,11.0,0,4,49.0,9,,6,5,1,1,511
3075,1972,PhD,Married,59973.0,0,0,2013-11-09,47,130.0,30.0,168.0,20.0,34.0,0.0,1,3,4,7,1,0,0,0,0,0,0,3.0,11.0,0,14,382.0,47,4359.0,5,3,3,3,333
4992,1975,Master,Together,17459.0,1,0,,12,6.0,4.0,16.0,3.0,10.0,30.0,3,3,1,2,7,0,0,0,0,0,0,3.0,11.0,1,6,69.0,12,,6,5,2,2,522
5252,1969,Graduation,Divorced,23910.0,1,0,,80,16.0,12.0,18.0,7.0,1.0,13.0,1,2,0,3,7,0,0,0,0,0,0,3.0,11.0,0,5,67.0,80,,6,1,1,2,112
7444,1969,Master,Married,42169.0,1,1,,20,19.0,0.0,9.0,0.0,0.0,2.0,2,1,0,3,8,0,0,0,0,0,0,3.0,11.0,0,4,30.0,20,,3,4,1,1,411
6919,1978,2n Cycle,Married,26224.0,1,0,2013-04-06,39,4.0,7.0,15.0,13.0,9.0,15.0,3,2,1,3,6,0,0,0,0,0,0,3.0,11.0,0,6,63.0,39,4576.0,6,4,2,2,422
3537,1981,Graduation,Together,31089.0,1,0,,57,31.0,3.0,31.0,2.0,8.0,4.0,3,3,0,4,8,0,0,0,0,0,0,3.0,11.0,0,7,79.0,57,,6,3,2,2,322
10277,1961,Graduation,Single,30081.0,0,1,,27,36.0,0.0,2.0,0.0,0.0,4.0,1,1,0,3,7,0,0,0,0,0,0,3.0,11.0,0,4,42.0,27,,3,4,1,1,411
2453,1960,Graduation,Together,62807.0,0,1,,83,526.0,28.0,135.0,10.0,21.0,99.0,3,5,3,12,5,0,0,0,0,0,0,3.0,11.0,0,20,819.0,83,,6,1,4,4,144
7972,1955,Graduation,Single,72906.0,0,0,,79,400.0,32.0,519.0,71.0,75.0,54.0,1,3,4,9,1,0,0,0,0,0,0,3.0,11.0,0,16,1151.0,79,,6,2,4,4,244
895,1948,PhD,Married,61467.0,0,2,2012-09-12,69,410.0,16.0,114.0,0.0,5.0,49.0,3,5,2,10,5,0,0,0,0,0,0,3.0,11.0,0,17,594.0,69,4782.0,5,2,4,3,243
1177,1966,Master,Together,49618.0,1,1,,77,80.0,3.0,26.0,4.0,2.0,14.0,4,3,1,3,7,0,0,0,0,0,0,3.0,11.0,0,7,129.0,77,,6,2,2,2,222
7141,1986,Master,Single,21888.0,1,0,,15,88.0,10.0,46.0,2.0,3.0,64.0,4,5,1,2,10,0,0,0,0,0,0,3.0,11.0,1,8,213.0,15,,6,5,2,3,523
7232,1973,Graduation,Widow,42429.0,0,1,2014-11-02,99,55.0,0.0,6.0,2.0,0.0,4.0,2,1,1,3,5,0,0,0,0,0,0,3.0,11.0,0,5,67.0,99,4001.0,4,1,1,2,112
8477,1956,Graduation,Divorced,26150.0,2,1,2013-11-03,61,5.0,1.0,13.0,3.0,5.0,1.0,1,1,0,3,7,0,0,0,0,0,0,3.0,11.0,0,4,28.0,61,4365.0,6,2,1,1,211
2457,1975,Basic,Married,30801.0,0,1,,23,8.0,4.0,5.0,15.0,2.0,11.0,2,1,0,3,7,0,0,0,0,0,0,3.0,11.0,0,4,45.0,23,,6,4,1,1,411
988,1965,Graduation,Married,81168.0,0,0,2014-07-05,84,410.0,0.0,592.0,147.0,22.0,22.0,1,6,4,7,3,0,0,0,1,0,0,3.0,11.0,0,17,1193.0,84,4121.0,5,1,4,5,145
7930,1969,Master,Single,26877.0,0,0,,74,101.0,13.0,76.0,20.0,18.0,40.0,2,3,1,6,6,0,0,0,0,0,0,3.0,11.0,0,10,268.0,74,,6,2,3,3,233
4587,1944,Master,Widow,45006.0,0,0,,90,162.0,25.0,53.0,16.0,0.0,10.0,1,3,1,7,3,0,0,0,0,0,0,3.0,11.0,0,11,266.0,90,,5,1,3,3,133
6682,1973,Basic,Married,18978.0,1,0,2012-11-12,41,2.0,8.0,1.0,4.0,7.0,15.0,1,1,0,3,8,0,0,0,0,0,0,3.0,11.0,0,4,37.0,41,4721.0,6,3,1,1,311
6222,1967,Graduation,Married,22574.0,2,1,,28,25.0,0.0,8.0,2.0,0.0,2.0,2,2,0,3,7,0,0,0,0,0,0,3.0,11.0,0,5,37.0,28,,4,4,1,1,411
10299,1969,PhD,Single,48240.0,0,0,2012-09-11,73,389.0,91.0,248.0,64.0,49.0,41.0,3,6,3,13,5,0,0,0,0,0,0,3.0,11.0,1,22,882.0,73,4783.0,6,2,5,4,254
3083,1974,Graduation,Married,45837.0,1,1,,88,215.0,13.0,87.0,17.0,17.0,24.0,5,6,2,5,7,0,0,0,0,0,0,3.0,11.0,0,13,373.0,88,,6,1,3,3,133
8953,1965,Master,Single,35791.0,2,1,2013-06-05,94,27.0,0.0,5.0,0.0,0.0,3.0,2,1,0,3,8,0,0,0,0,0,0,3.0,11.0,0,4,35.0,94,4516.0,3,1,1,1,111
1503,1976,PhD,Together,162397.0,1,1,2013-03-06,31,85.0,1.0,16.0,2.0,1.0,2.0,0,0,0,1,1,0,0,0,0,0,0,3.0,11.0,0,1,107.0,31,4607.0,6,4,1,2,412
8650,1978,Graduation,Widow,54162.0,1,1,,31,5.0,6.0,10.0,6.0,5.0,10.0,1,1,0,3,4,0,0,0,0,0,0,3.0,11.0,0,4,42.0,31,,6,4,1,1,411
10862,1960,Master,Married,30522.0,0,1,,6,179.0,8.0,83.0,19.0,11.0,26.0,5,1,2,9,2,0,0,0,0,0,0,3.0,11.0,0,12,326.0,6,,6,5,3,3,533
2782,1961,PhD,Married,54456.0,0,1,2013-11-07,23,352.0,0.0,27.0,10.0,0.0,15.0,3,6,1,7,6,0,0,0,0,0,0,3.0,11.0,0,14,404.0,23,4361.0,4,4,3,3,433
6941,1971,Graduation,Single,31632.0,0,0,,92,17.0,8.0,12.0,11.0,15.0,32.0,1,2,1,2,7,0,0,0,0,0,0,3.0,11.0,0,5,95.0,92,,6,1,1,2,112
10972,1949,Graduation,Widow,72298.0,0,0,2014-10-03,52,625.0,35.0,169.0,58.0,17.0,35.0,1,4,3,6,1,0,1,1,0,0,0,3.0,11.0,0,13,939.0,52,4031.0,6,3,3,4,334
10708,1978,2n Cycle,Single,36975.0,1,0,,50,10.0,6.0,11.0,0.0,4.0,2.0,1,1,0,3,7,0,0,0,0,0,0,3.0,11.0,0,4,33.0,50,,5,3,1,1,311
6583,1955,2n Cycle,Married,72635.0,0,0,2013-03-06,54,390.0,22.0,323.0,104.0,35.0,107.0,1,6,8,6,3,0,0,0,1,0,0,3.0,11.0,0,20,981.0,54,4607.0,6,3,4,4,344
3641,1976,Graduation,Married,13624.0,1,0,,93,10.0,2.0,15.0,2.0,1.0,6.0,2,2,0,3,6,0,0,0,0,0,0,3.0,11.0,0,5,36.0,93,,6,1,1,1,111
10156,1975,Graduation,Single,84196.0,0,1,2013-03-06,56,215.0,63.0,507.0,231.0,31.0,190.0,1,8,4,7,3,0,0,0,0,0,0,3.0,11.0,0,19,1237.0,56,4607.0,6,3,4,5,345
4299,1960,Graduation,Together,70971.0,0,1,,28,1001.0,17.0,572.0,93.0,125.0,17.0,7,11,11,5,7,0,0,0,0,0,0,3.0,11.0,1,27,1825.0,28,,6,4,5,5,455
3469,1977,PhD,Divorced,34487.0,1,1,2012-06-09,94,19.0,18.0,33.0,24.0,1.0,8.0,3,3,0,3,9,0,0,0,0,0,0,3.0,11.0,0,6,103.0,94,4877.0,6,1,2,2,122
5063,1977,Graduation,Single,28769.0,1,0,,76,41.0,5.0,129.0,10.0,3.0,3.0,3,4,1,4,9,0,0,0,0,0,0,3.0,11.0,0,9,191.0,76,,6,2,3,2,232
10727,1970,PhD,Married,69084.0,1,0,,43,1181.0,107.0,199.0,39.0,30.0,30.0,2,7,3,13,8,0,0,0,0,0,0,3.0,11.0,0,23,1586.0,43,,6,3,5,5,355
9624,1958,PhD,Together,65488.0,0,0,,46,603.0,45.0,207.0,36.0,18.0,54.0,1,3,4,6,1,0,0,0,0,0,0,3.0,11.0,0,13,963.0,46,,6,3,3,4,334
5156,1970,2n Cycle,Married,62466.0,0,1,,13,129.0,129.0,259.0,168.0,121.0,83.0,5,6,3,12,4,0,0,0,0,0,0,3.0,11.0,0,21,889.0,13,,6,5,5,4,554
4376,1960,2n Cycle,Single,32218.0,0,0,,27,10.0,24.0,15.0,13.0,1.0,30.0,1,2,1,3,7,1,0,0,0,0,0,3.0,11.0,1,6,93.0,27,,6,4,2,2,422
8923,1973,Graduation,Single,83917.0,0,0,,12,514.0,22.0,732.0,42.0,198.0,79.0,1,6,7,7,3,0,0,0,0,0,0,3.0,11.0,1,20,1587.0,12,,6,5,4,5,545
8461,1962,Graduation,Divorced,46102.0,2,1,2014-10-03,3,14.0,0.0,1.0,0.0,0.0,1.0,1,1,0,2,7,0,0,0,0,0,0,3.0,11.0,0,3,16.0,3,4031.0,3,5,1,1,511
6945,1952,Graduation,Single,84574.0,0,0,2013-04-06,72,387.0,20.0,713.0,38.0,54.0,163.0,1,9,11,11,5,0,0,0,0,0,0,3.0,11.0,0,31,1375.0,72,4576.0,6,2,5,5,255
944,1962,Graduation,Married,56181.0,0,1,2013-08-01,6,121.0,103.0,69.0,8.0,44.0,48.0,1,4,2,7,4,0,0,0,0,0,0,3.0,11.0,0,13,393.0,6,4459.0,6,5,3,3,533
1907,1950,Master,Divorced,63120.0,0,1,,53,965.0,69.0,279.0,54.0,41.0,69.0,5,8,4,9,7,0,0,0,0,0,0,3.0,11.0,1,21,1477.0,53,,6,3,5,5,355
701,1971,Graduation,Married,73691.0,0,1,2013-06-11,58,707.0,21.0,250.0,85.0,43.0,73.0,2,6,2,8,2,1,0,0,0,0,0,3.0,11.0,0,16,1179.0,58,4510.0,6,3,4,5,345
3856,1960,Graduation,Together,63381.0,0,1,2012-05-10,78,571.0,50.0,142.0,33.0,50.0,159.0,4,4,5,13,2,0,0,0,0,0,0,3.0,11.0,0,22,1005.0,78,4907.0,6,2,5,4,254
4149,1948,PhD,Together,76140.0,0,0,,57,586.0,66.0,653.0,17.0,0.0,26.0,1,5,9,6,2,0,0,0,0,0,0,3.0,11.0,0,20,1348.0,57,,5,3,4,5,345
2131,1959,PhD,Divorced,62859.0,0,1,,37,1063.0,89.0,102.0,16.0,12.0,25.0,4,9,4,6,6,0,0,0,0,0,0,3.0,11.0,0,19,1307.0,37,,6,4,4,5,445
2942,1964,Graduation,Single,45906.0,0,1,2013-07-05,20,305.0,3.0,27.0,4.0,3.0,144.0,2,5,4,4,5,1,0,0,0,0,0,3.0,11.0,0,13,486.0,20,4486.0,6,4,3,3,433
1173,1947,Master,Together,77632.0,0,0,2013-10-03,73,1200.0,105.0,758.0,0.0,42.0,147.0,1,4,2,6,2,0,1,1,0,0,0,3.0,11.0,1,12,2252.0,73,4396.0,5,2,3,5,235
4381,1971,PhD,Married,46463.0,1,1,,56,163.0,2.0,40.0,8.0,11.0,11.0,7,3,1,6,6,0,0,0,0,0,0,3.0,11.0,0,10,235.0,56,,6,3,3,3,333
4611,1970,Graduation,Together,105471.0,0,0,,36,1009.0,181.0,104.0,202.0,21.0,207.0,0,9,8,13,3,0,0,1,1,0,0,3.0,11.0,1,30,1724.0,36,,6,4,5,5,455
3376,1970,Master,Divorced,55282.0,1,0,,9,125.0,6.0,73.0,8.0,4.0,19.0,1,3,1,6,4,0,0,0,0,0,0,3.0,11.0,0,10,235.0,9,,6,5,3,3,533
4679,1977,Master,Married,78710.0,0,1,,42,721.0,0.0,152.0,119.0,50.0,50.0,3,7,6,12,4,0,0,0,0,0,0,3.0,11.0,0,25,1092.0,42,,5,3,5,4,354
10928,1958,Graduation,Together,66886.0,0,1,,28,315.0,4.0,62.0,41.0,31.0,146.0,2,7,1,7,5,0,0,0,0,0,0,3.0,11.0,0,15,599.0,28,,6,4,3,3,433
4248,1960,Master,Single,98777.0,0,0,,23,1000.0,19.0,711.0,125.0,115.0,38.0,0,4,6,9,1,0,1,0,0,0,0,3.0,11.0,0,19,2008.0,23,,6,4,4,5,445
6728,1985,Graduation,Together,29103.0,1,0,,38,16.0,0.0,17.0,6.0,3.0,6.0,2,1,0,3,9,0,0,0,0,0,0,3.0,11.0,0,4,48.0,38,,5,4,1,1,411
6661,1974,Graduation,Married,67445.0,0,1,2012-12-08,63,757.0,80.0,217.0,29.0,80.0,11.0,5,9,6,12,6,0,0,0,0,0,0,3.0,11.0,0,27,1174.0,63,4695.0,6,2,5,5,255
4725,1950,PhD,Together,50616.0,0,1,,71,30.0,2.0,25.0,0.0,1.0,9.0,1,1,1,4,2,0,0,0,0,0,0,3.0,11.0,0,6,67.0,71,,5,2,2,2,222
3277,1955,Graduation,Divorced,49431.0,0,1,2012-03-08,9,219.0,3.0,100.0,26.0,0.0,17.0,2,7,1,5,8,0,0,0,0,0,0,3.0,11.0,0,13,365.0,9,4970.0,5,5,3,3,533
5555,1975,Graduation,Divorced,153924.0,0,0,2014-07-02,81,1.0,1.0,1.0,1.0,1.0,1.0,0,0,0,0,0,0,0,0,0,0,0,3.0,11.0,0,0,6.0,81,4124.0,6,1,1,1,111
2564,1953,Graduation,Together,61278.0,0,1,2014-04-01,87,111.0,3.0,28.0,2.0,6.0,15.0,2,3,1,4,6,0,0,0,0,0,0,3.0,11.0,0,8,165.0,87,4216.0,6,1,2,2,122
946,1958,2n Cycle,Together,26490.0,0,0,,92,45.0,47.0,52.0,21.0,20.0,25.0,2,3,1,5,6,0,0,0,0,0,0,3.0,11.0,0,9,210.0,92,,6,1,3,3,133
3867,1947,PhD,Together,73059.0,0,1,,36,410.0,112.0,420.0,0.0,82.0,71.0,1,9,3,13,4,0,0,0,0,0,0,3.0,11.0,0,25,1095.0,36,,5,4,5,4,454
6940,1966,PhD,Single,46734.0,1,2,,86,100.0,1.0,39.0,6.0,1.0,76.0,4,3,2,3,6,1,0,0,0,0,0,3.0,11.0,0,8,223.0,86,,6,1,2,3,123
55,1963,Graduation,Together,56253.0,0,1,2012-07-12,83,509.0,0.0,65.0,7.0,11.0,5.0,4,7,2,9,6,0,0,0,0,0,0,3.0,11.0,0,18,597.0,83,4844.0,5,1,4,3,143
7093,1985,Graduation,Married,19986.0,1,0,,74,3.0,6.0,5.0,0.0,2.0,6.0,1,0,0,3,7,0,0,0,0,0,0,3.0,11.0,0,3,22.0,74,,5,2,1,1,211
5084,1975,Graduation,Widow,58330.0,0,1,,87,445.0,53.0,213.0,104.0,98.0,151.0,1,6,4,13,4,0,0,0,0,0,0,3.0,11.0,0,23,1064.0,87,,6,1,5,4,154
1777,1980,Basic,Married,25965.0,0,0,2012-07-09,29,2.0,2.0,11.0,41.0,7.0,11.0,1,2,0,3,8,0,0,0,0,0,0,3.0,11.0,0,5,74.0,29,4847.0,6,4,1,2,412
8162,1956,Master,Together,14661.0,0,0,2013-01-01,88,4.0,1.0,11.0,6.0,2.0,2.0,1,1,0,3,6,0,0,0,0,0,0,3.0,11.0,0,4,26.0,88,4671.0,6,1,1,1,111
10826,1959,Graduation,Married,18690.0,0,0,,77,6.0,1.0,7.0,23.0,4.0,19.0,1,1,1,2,8,0,0,0,0,0,0,3.0,11.0,0,4,60.0,77,,6,2,1,2,212
8754,1974,PhD,Together,45068.0,0,1,,25,14.0,0.0,3.0,0.0,0.0,3.0,1,1,0,2,7,0,0,0,0,0,0,3.0,11.0,0,3,20.0,25,,3,4,1,1,411
1987,1987,Basic,Single,21063.0,1,0,,34,1.0,10.0,11.0,19.0,3.0,15.0,2,2,0,3,6,0,0,0,0,0,0,3.0,11.0,0,5,59.0,34,,6,4,1,2,412
11007,1968,PhD,Married,29187.0,1,0,2013-09-05,43,26.0,0.0,6.0,0.0,0.0,2.0,1,1,0,3,8,0,0,0,0,0,0,3.0,11.0,0,4,34.0,43,4424.0,3,3,1,1,311
7426,1971,2n Cycle,Married,54690.0,1,1,2013-07-11,76,111.0,16.0,37.0,7.0,9.0,18.0,3,3,1,5,3,0,0,0,0,0,0,3.0,11.0,0,9,198.0,76,4480.0,6,2,3,3,233
9153,1964,PhD,Married,59304.0,0,1,,81,418.0,61.0,428.0,80.0,51.0,10.0,3,7,8,10,5,0,0,0,0,0,0,3.0,11.0,0,25,1048.0,81,,6,1,5,4,154
10379,1962,Master,Single,59247.0,0,2,2013-08-11,87,327.0,9.0,122.0,19.0,14.0,83.0,5,5,2,9,6,0,0,0,0,0,0,3.0,11.0,0,16,574.0,87,4449.0,6,1,4,3,143
9204,1970,Graduation,Widow,66731.0,0,1,2012-12-09,33,371.0,159.0,194.0,58.0,106.0,141.0,4,4,3,6,3,0,0,0,0,0,0,3.0,11.0,0,13,1029.0,33,4694.0,6,4,3,4,434
3197,1980,Graduation,Married,77353.0,0,1,,38,275.0,59.0,107.0,69.0,101.0,59.0,2,6,4,8,4,0,0,0,0,0,0,3.0,11.0,0,18,670.0,38,,6,4,4,4,444
2920,1975,PhD,Single,52614.0,0,1,2012-01-12,63,789.0,0.0,142.0,12.0,9.0,38.0,2,2,4,8,8,0,0,0,0,0,0,3.0,11.0,0,14,990.0,63,5026.0,5,2,3,4,234
6961,1974,Graduation,Married,26751.0,2,0,,26,1.0,1.0,5.0,0.0,3.0,1.0,1,1,0,2,8,0,0,0,0,0,0,3.0,11.0,0,3,11.0,26,,5,4,1,1,411
4673,1963,PhD,Married,81300.0,0,1,,17,1004.0,12.0,145.0,32.0,12.0,36.0,3,10,3,5,5,0,0,0,1,0,0,3.0,11.0,1,18,1241.0,17,,6,5,4,5,545
9937,1979,Graduation,Single,70337.0,0,0,2014-02-01,75,187.0,81.0,149.0,25.0,43.0,91.0,1,2,2,12,1,0,0,0,0,0,0,3.0,11.0,0,16,576.0,75,4275.0,6,2,4,3,243
8779,1985,2n Cycle,Married,36145.0,1,0,,13,56.0,4.0,76.0,17.0,1.0,18.0,4,4,1,3,9,1,0,0,0,0,0,3.0,11.0,1,8,172.0,13,,6,5,2,2,522
9596,1980,PhD,Single,65295.0,0,0,,19,365.0,32.0,117.0,34.0,110.0,6.0,1,3,3,13,2,0,0,0,0,0,0,3.0,11.0,0,19,664.0,19,,6,5,4,4,544
2891,1963,Graduation,Divorced,68118.0,0,1,,51,595.0,23.0,123.0,10.0,23.0,154.0,2,8,9,4,6,0,0,0,0,0,0,3.0,11.0,0,21,928.0,51,,6,3,5,4,354
4910,1967,Graduation,Divorced,68743.0,0,0,,81,1132.0,134.0,384.0,175.0,134.0,115.0,1,11,5,13,7,0,0,0,0,0,0,3.0,11.0,0,29,2074.0,81,,6,1,5,5,155
75,1982,2n Cycle,Together,41039.0,0,0,,32,34.0,11.0,137.0,179.0,61.0,45.0,1,8,1,5,8,0,0,0,0,0,0,3.0,11.0,0,14,467.0,32,,6,4,3,3,433
10120,1955,Graduation,Together,38946.0,0,1,,84,116.0,6.0,82.0,6.0,6.0,41.0,2,3,1,6,5,0,0,0,0,0,0,3.0,11.0,0,10,257.0,84,,6,1,3,3,133
6327,1967,Graduation,Together,65777.0,0,0,,87,565.0,32.0,435.0,28.0,32.0,54.0,1,2,8,6,1,0,0,0,0,0,0,3.0,11.0,0,16,1146.0,87,,6,1,4,4,144
10142,1976,PhD,Divorced,66476.0,0,1,2013-07-03,99,372.0,18.0,126.0,47.0,48.0,78.0,2,5,2,11,4,0,0,0,0,0,0,3.0,11.0,0,18,689.0,99,4488.0,6,1,4,4,144
9826,1972,PhD,Single,86857.0,0,0,2012-12-09,96,899.0,102.0,838.0,133.0,102.0,40.0,1,5,6,10,2,0,0,0,0,0,0,3.0,11.0,1,21,2114.0,96,4694.0,6,1,5,5,155
1501,1982,PhD,Married,160803.0,0,0,2012-04-08,21,55.0,16.0,1622.0,17.0,3.0,4.0,15,0,28,1,0,0,0,0,0,0,0,3.0,11.0,0,29,1717.0,21,4939.0,6,4,5,5,455
10767,1989,PhD,Together,77845.0,0,0,,40,760.0,40.0,480.0,0.0,40.0,26.0,1,3,5,12,1,0,0,1,1,0,0,3.0,11.0,0,20,1346.0,40,,5,3,4,5,345
7279,1969,PhD,Together,69476.0,0,0,,3,260.0,86.0,559.0,63.0,9.0,67.0,1,4,6,4,2,0,0,0,0,0,0,3.0,11.0,0,14,1044.0,3,,6,5,3,4,534
7230,1960,PhD,Divorced,50611.0,0,1,2012-04-10,98,459.0,0.0,24.0,6.0,0.0,4.0,6,4,5,7,6,0,1,0,0,0,0,3.0,11.0,1,16,493.0,98,4937.0,4,1,4,3,143
143,1970,Graduation,Single,61209.0,0,0,,73,466.0,0.0,224.0,119.0,49.0,99.0,1,5,3,4,2,0,0,0,0,0,0,3.0,11.0,0,12,957.0,73,,5,2,3,4,234
450,1958,Master,Together,42315.0,0,1,2013-12-07,90,67.0,15.0,80.0,17.0,11.0,80.0,3,1,4,4,3,0,0,0,0,0,0,3.0,11.0,0,9,270.0,90,4331.0,6,1,3,3,133
9316,1952,Basic,Together,13084.0,0,0,2013-02-11,29,2.0,0.0,7.0,3.0,7.0,10.0,1,1,0,3,6,0,0,0,0,0,0,3.0,11.0,0,4,29.0,29,4630.0,5,4,1,1,411
6379,1949,Master,Widow,47570.0,1,1,,3,67.0,1.0,20.0,0.0,2.0,31.0,3,2,2,2,7,0,0,0,0,0,0,3.0,11.0,1,6,121.0,3,,5,5,2,2,522
9239,1961,Master,Married,61923.0,0,2,,94,92.0,4.0,18.0,3.0,3.0,6.0,1,2,1,4,3,0,0,0,0,0,0,3.0,11.0,0,7,126.0,94,,6,1,2,2,122
8315,1995,Graduation,Single,34824.0,0,0,,65,4.0,2.0,11.0,2.0,0.0,4.0,1,1,0,2,6,0,0,0,0,0,0,3.0,11.0,0,3,23.0,65,,5,2,1,1,211
2868,1949,PhD,Single,26518.0,1,1,2013-08-04,33,20.0,1.0,28.0,3.0,3.0,2.0,3,2,0,3,8,0,0,0,0,0,0,3.0,11.0,1,5,57.0,33,4456.0,6,4,1,2,412
10888,1961,Graduation,Single,45938.0,0,0,2013-03-11,46,273.0,11.0,178.0,62.0,83.0,29.0,2,8,4,6,6,0,0,0,0,0,0,3.0,11.0,0,18,636.0,46,4602.0,6,3,4,4,344
1277,1960,Graduation,Together,78468.0,0,0,2014-09-04,29,434.0,22.0,388.0,104.0,22.0,34.0,1,10,7,10,4,0,0,0,1,0,0,3.0,11.0,0,27,1004.0,29,4060.0,6,4,5,4,454
9977,1973,Graduation,Divorced,78901.0,0,1,,99,321.0,11.0,309.0,33.0,26.0,34.0,3,9,3,5,4,0,0,0,0,0,0,3.0,11.0,0,17,734.0,99,,6,1,4,4,144
10196,1978,Graduation,Married,71427.0,2,0,2014-12-03,26,212.0,123.0,177.0,15.0,64.0,23.0,2,8,2,8,4,0,0,0,0,0,0,3.0,11.0,0,18,614.0,26,3970.0,6,4,4,3,443
6384,1978,Graduation,Divorced,71022.0,0,1,2014-11-02,30,909.0,12.0,278.0,0.0,12.0,242.0,3,5,2,11,8,1,0,0,0,0,0,3.0,11.0,0,18,1453.0,30,4001.0,5,4,4,5,445
8029,1988,Master,Single,90247.0,0,0,,27,1184.0,32.0,352.0,21.0,16.0,16.0,1,3,4,7,1,0,1,1,1,0,0,3.0,11.0,1,14,1621.0,27,,6,4,3,5,435
968,1968,Master,Divorced,41335.0,1,0,,24,112.0,19.0,21.0,16.0,14.0,5.0,3,4,1,4,7,0,0,0,0,0,0,3.0,11.0,0,9,187.0,24,,6,4,3,2,432
6988,1986,Graduation,Married,71952.0,1,0,2013-10-01,93,656.0,80.0,455.0,52.0,107.0,93.0,2,8,4,8,4,1,0,1,0,0,0,3.0,11.0,0,20,1443.0,93,4398.0,6,1,5,5,155
4472,1970,PhD,Divorced,35682.0,1,0,,34,23.0,0.0,8.0,6.0,2.0,18.0,1,1,1,3,2,0,0,0,0,0,0,3.0,11.0,0,5,57.0,34,,5,4,1,2,412
6991,1951,Graduation,Divorced,43185.0,0,1,2013-10-04,88,537.0,6.0,42.0,16.0,6.0,30.0,2,9,3,6,8,0,0,0,0,0,0,3.0,11.0,0,18,637.0,88,4395.0,6,1,4,4,144
3336,1948,PhD,Together,66375.0,0,1,,96,712.0,0.0,45.0,0.0,0.0,191.0,3,2,4,5,7,1,0,0,0,0,0,3.0,11.0,0,11,948.0,96,,3,1,3,4,134
4301,1971,Master,Married,35178.0,1,0,2013-10-01,10,23.0,1.0,13.0,2.0,2.0,18.0,1,1,1,2,7,1,0,0,0,0,0,3.0,11.0,1,4,59.0,10,4398.0,6,5,1,2,512
1940,1986,Graduation,Married,25252.0,1,0,2013-12-07,26,1.0,3.0,4.0,2.0,2.0,6.0,1,1,0,2,8,0,0,0,0,0,0,3.0,11.0,0,3,18.0,26,4331.0,6,4,1,1,411
1272,1965,Master,Single,55250.0,0,1,,49,664.0,58.0,83.0,32.0,0.0,66.0,4,7,5,10,5,0,0,0,0,0,0,3.0,11.0,0,22,903.0,49,,5,3,5,4,354
1388,1975,Graduation,Single,33249.0,1,0,,11,6.0,10.0,21.0,19.0,14.0,42.0,2,2,1,3,6,0,0,0,0,0,0,3.0,11.0,0,6,112.0,11,,6,5,2,2,522
1044,1953,Graduation,Together,58398.0,0,0,,44,299.0,5.0,201.0,21.0,21.0,49.0,3,5,4,8,4,0,0,0,0,0,0,3.0,11.0,0,17,596.0,44,,6,3,4,3,343
6969,1982,Graduation,Together,50272.0,1,0,2013-07-08,75,99.0,13.0,66.0,43.0,8.0,4.0,3,4,1,5,7,0,0,0,0,0,0,3.0,11.0,0,10,233.0,75,4483.0,6,2,3,3,233
10479,1975,PhD,Married,76618.0,0,0,2012-07-12,64,749.0,40.0,294.0,121.0,160.0,147.0,1,3,2,5,1,0,0,0,0,0,0,3.0,11.0,0,10,1511.0,64,4844.0,6,2,3,5,235
3619,1960,2n Cycle,Divorced,87305.0,0,0,,19,345.0,25.0,501.0,63.0,138.0,80.0,1,5,3,8,2,0,0,1,0,0,0,3.0,11.0,1,16,1152.0,19,,6,5,4,4,544
1715,1978,Graduation,Together,25851.0,1,0,2013-11-02,45,9.0,4.0,18.0,7.0,5.0,5.0,2,2,0,3,7,0,0,0,0,0,0,3.0,11.0,0,5,48.0,45,4366.0,6,3,1,1,311
10159,1970,Graduation,Divorced,58710.0,0,1,,77,440.0,81.0,368.0,0.0,122.0,174.0,6,11,5,9,6,0,0,0,0,0,0,3.0,11.0,0,25,1185.0,77,,5,2,5,5,255
1463,1958,Graduation,Single,45160.0,1,1,,9,8.0,2.0,5.0,3.0,0.0,3.0,1,1,0,2,7,0,0,0,0,0,0,3.0,11.0,0,3,21.0,9,,5,5,1,1,511
5114,1965,Master,Married,74806.0,0,1,,1,670.0,9.0,249.0,0.0,28.0,9.0,2,5,4,5,4,0,0,0,0,0,0,3.0,11.0,0,14,965.0,1,,5,5,3,4,534
4990,1954,Graduation,Married,59111.0,0,0,2013-02-05,90,524.0,0.0,134.0,28.0,28.0,155.0,1,11,1,8,7,0,0,0,0,0,0,3.0,11.0,0,20,869.0,90,4636.0,5,1,5,4,154
4329,1984,PhD,Married,18988.0,1,0,,43,6.0,0.0,6.0,2.0,1.0,1.0,2,1,0,3,7,0,0,0,0,0,0,3.0,11.0,0,4,16.0,43,,5,3,1,1,311
10936,1965,Graduation,Married,72190.0,0,0,,79,597.0,166.0,597.0,172.0,166.0,249.0,1,5,6,4,3,0,0,0,0,0,0,3.0,11.0,0,15,1947.0,79,,6,2,3,5,235
4692,1976,Graduation,Married,7500.0,1,0,2012-01-08,19,7.0,0.0,12.0,13.0,7.0,32.0,5,4,1,2,9,1,0,0,0,0,0,3.0,11.0,1,7,71.0,19,5030.0,5,5,2,2,522
7212,1966,Graduation,Married,44794.0,0,1,2014-08-06,99,54.0,0.0,7.0,0.0,0.0,4.0,1,2,0,3,6,0,0,0,0,0,0,3.0,11.0,0,5,65.0,99,4089.0,3,1,1,2,112
6086,1955,Graduation,Married,80395.0,0,0,,62,445.0,25.0,706.0,80.0,76.0,48.0,1,6,5,12,2,0,0,0,1,0,0,3.0,11.0,0,23,1380.0,62,,6,2,5,5,255
437,1976,Master,Divorced,75012.0,0,0,,41,294.0,142.0,218.0,164.0,58.0,151.0,1,3,8,11,1,0,0,0,0,0,0,3.0,11.0,0,22,1027.0,41,,6,3,5,4,354
11171,1965,Master,Married,56962.0,2,1,2013-11-10,60,292.0,3.0,77.0,10.0,3.0,26.0,7,6,3,5,7,0,0,0,0,0,0,3.0,11.0,0,14,411.0,60,4358.0,6,2,3,3,233
11101,1991,Graduation,Together,89891.0,0,0,,17,412.0,22.0,132.0,59.0,28.0,183.0,1,11,6,8,4,0,0,1,0,0,0,3.0,11.0,0,25,836.0,17,,6,5,5,4,554
5329,1949,PhD,Divorced,35946.0,1,1,,24,8.0,0.0,3.0,0.0,0.0,0.0,1,0,0,3,5,0,0,0,0,0,0,3.0,11.0,0,3,11.0,24,,2,4,1,1,411
610,1953,PhD,Together,53593.0,1,1,2012-07-08,60,349.0,4.0,78.0,6.0,0.0,43.0,8,7,2,6,8,0,0,0,0,0,0,3.0,11.0,0,15,480.0,60,4848.0,5,2,3,3,233
9384,1978,Graduation,Married,66373.0,1,1,2013-12-06,57,328.0,9.0,124.0,12.0,24.0,109.0,7,4,2,10,3,0,0,0,0,0,0,3.0,11.0,0,16,606.0,57,4332.0,6,3,4,3,343
5956,1948,PhD,Divorced,45072.0,1,2,,74,144.0,2.0,99.0,7.0,2.0,30.0,5,6,1,4,8,0,0,0,0,0,0,3.0,11.0,0,11,284.0,74,,6,2,3,3,233
10430,1973,Graduation,Divorced,89694.0,1,1,2013-09-10,22,1126.0,28.0,211.0,37.0,28.0,42.0,3,4,3,4,5,0,1,1,1,0,0,3.0,11.0,0,11,1472.0,22,4419.0,6,4,3,5,435
7875,1949,Graduation,Married,72025.0,0,0,,46,967.0,0.0,617.0,43.0,50.0,0.0,1,4,8,13,2,0,1,1,1,0,0,3.0,11.0,1,25,1677.0,46,,4,3,5,5,355
7072,1973,Graduation,Married,67432.0,0,1,,69,432.0,79.0,341.0,177.0,136.0,170.0,2,8,5,4,4,0,0,0,0,0,0,3.0,11.0,0,17,1335.0,69,,6,2,4,5,245
6255,1952,Master,Together,70545.0,0,1,2014-03-06,29,138.0,39.0,63.0,55.0,18.0,21.0,1,4,1,7,2,0,0,0,0,0,0,3.0,11.0,0,12,334.0,29,4242.0,6,4,3,3,433
6516,1989,Basic,Married,17487.0,1,0,,37,0.0,0.0,1.0,7.0,4.0,6.0,1,1,0,2,7,0,0,0,0,0,0,3.0,11.0,0,3,18.0,37,,4,4,1,1,411
5564,1969,Graduation,Together,62882.0,0,1,2012-09-08,26,509.0,133.0,497.0,78.0,24.0,97.0,2,7,5,6,4,0,0,0,0,0,0,3.0,11.0,0,18,1338.0,26,4786.0,6,4,4,5,445
5682,1953,PhD,Single,64108.0,0,1,,8,948.0,10.0,86.0,13.0,21.0,21.0,4,6,9,11,5,0,0,0,0,0,0,3.0,11.0,0,26,1099.0,8,,6,5,5,4,554
7458,1956,Master,Together,34941.0,1,1,2013-06-03,26,39.0,2.0,25.0,4.0,3.0,24.0,2,3,0,3,8,0,0,0,0,0,0,3.0,11.0,0,6,97.0,26,4518.0,6,4,2,2,422
5237,1950,PhD,Single,48767.0,1,2,2014-01-01,79,28.0,1.0,21.0,3.0,0.0,10.0,3,2,1,3,5,0,0,0,0,0,0,3.0,11.0,0,6,63.0,79,4306.0,5,2,2,2,222
7761,1978,2n Cycle,Together,38702.0,1,0,2013-01-08,71,13.0,11.0,24.0,13.0,8.0,40.0,2,3,0,4,6,0,0,0,0,0,0,3.0,11.0,0,7,109.0,71,4664.0,6,2,2,2,222
5278,1964,Graduation,Married,82224.0,0,0,,83,307.0,26.0,360.0,138.0,31.0,40.0,1,6,9,5,3,0,0,0,1,0,0,3.0,11.0,0,20,902.0,83,,6,1,5,4,154
3560,1952,Graduation,Together,83844.0,0,0,2013-12-05,57,901.0,31.0,345.0,75.0,31.0,191.0,1,4,4,11,1,0,0,1,0,0,0,3.0,11.0,0,19,1574.0,57,4333.0,6,3,4,5,345
7235,1975,2n Cycle,Married,17003.0,1,0,2013-09-12,37,2.0,5.0,12.0,4.0,8.0,7.0,3,2,0,4,5,0,0,0,0,0,0,3.0,11.0,0,6,38.0,37,4417.0,6,4,2,1,421
10548,1995,Graduation,Single,71163.0,0,0,2014-09-03,30,283.0,17.0,372.0,138.0,106.0,44.0,1,3,8,12,1,0,0,0,0,0,0,3.0,11.0,0,23,960.0,30,4061.0,6,4,5,4,454
2281,1970,Graduation,Single,33697.0,1,0,,34,4.0,3.0,7.0,0.0,3.0,11.0,1,1,0,2,7,1,0,0,0,0,0,3.0,11.0,0,3,28.0,34,,5,4,1,1,411
4073,1954,2n Cycle,Married,63564.0,0,0,,0,769.0,80.0,252.0,15.0,34.0,65.0,1,10,10,7,6,1,0,0,0,0,0,3.0,11.0,1,27,1215.0,0,,6,5,5,5,555
6974,1972,PhD,Together,83443.0,0,0,,89,518.0,42.0,742.0,55.0,56.0,84.0,1,6,10,5,2,0,0,0,0,0,0,3.0,11.0,0,21,1497.0,89,,6,1,5,5,155
7938,1958,PhD,Together,51518.0,0,1,2013-03-10,92,350.0,8.0,66.0,17.0,4.0,4.0,2,3,2,10,3,0,0,0,0,0,0,3.0,11.0,0,15,449.0,92,4603.0,6,1,3,3,133
7094,1975,Graduation,Widow,58330.0,0,1,,87,445.0,53.0,213.0,104.0,98.0,151.0,1,6,4,13,4,0,0,0,0,0,0,3.0,11.0,0,23,1064.0,87,,6,1,5,4,154
3667,1969,Graduation,Married,80952.0,0,0,,20,778.0,178.0,689.0,41.0,27.0,44.0,1,8,5,11,8,0,1,1,1,0,0,3.0,11.0,1,24,1757.0,20,,6,4,5,5,455
7723,1979,Graduation,Together,75507.0,0,0,2014-02-05,56,709.0,93.0,374.0,104.0,80.0,80.0,1,8,6,6,3,0,0,0,0,0,0,3.0,11.0,0,20,1440.0,56,4271.0,6,3,5,5,355
3870,1978,2n Cycle,Together,63855.0,0,0,2013-09-02,28,359.0,35.0,314.0,93.0,116.0,89.0,1,7,3,13,4,0,0,0,0,0,0,3.0,11.0,0,23,1006.0,28,4427.0,6,4,5,4,454
4012,1972,PhD,Together,62220.0,0,1,2012-11-08,55,799.0,12.0,375.0,16.0,12.0,12.0,5,7,6,5,6,0,0,0,0,0,0,3.0,11.0,1,18,1226.0,55,4725.0,6,3,4,5,345
5909,1964,Graduation,Married,58512.0,0,1,,25,895.0,10.0,101.0,13.0,0.0,152.0,5,3,4,8,8,0,0,0,0,0,0,3.0,11.0,0,15,1171.0,25,,5,4,3,4,434
10470,1979,Master,Married,40662.0,1,0,,0,40.0,2.0,23.0,0.0,4.0,23.0,2,2,1,3,4,0,0,0,0,0,0,3.0,11.0,0,6,92.0,0,,5,5,2,2,522
6488,1959,PhD,Married,38829.0,0,1,2014-06-04,86,76.0,0.0,7.0,0.0,0.0,16.0,1,3,2,2,5,0,0,0,0,0,0,3.0,11.0,0,7,99.0,86,4152.0,3,1,2,2,122
10270,1981,2n Cycle,Married,35523.0,1,0,2013-03-10,8,11.0,5.0,22.0,12.0,5.0,11.0,2,3,0,3,7,0,0,0,0,0,0,3.0,11.0,0,6,66.0,8,4603.0,6,5,2,2,522
6887,1967,Graduation,Single,79146.0,1,1,,33,245.0,16.0,223.0,21.0,43.0,16.0,2,8,1,8,6,0,0,0,0,0,0,3.0,11.0,0,17,564.0,33,,6,4,4,3,443
6406,1988,Master,Married,78285.0,0,0,,13,647.0,107.0,391.0,175.0,67.0,40.0,1,6,4,10,3,0,0,0,0,0,0,3.0,11.0,0,20,1427.0,13,,6,5,5,5,555
7573,1978,PhD,Single,31626.0,1,0,2013-10-05,12,39.0,1.0,9.0,2.0,1.0,34.0,1,2,1,2,7,1,0,0,0,0,0,3.0,11.0,1,5,86.0,12,4394.0,6,5,1,2,512
4508,1952,Graduation,Single,75127.0,0,0,,92,203.0,35.0,305.0,46.0,17.0,227.0,1,2,11,5,1,0,0,0,0,0,0,3.0,11.0,0,18,833.0,92,,6,1,4,4,144
221,1955,Graduation,Married,48726.0,0,1,,90,138.0,3.0,38.0,4.0,0.0,59.0,3,3,2,4,6,0,0,0,0,0,0,3.0,11.0,0,9,242.0,90,,5,1,3,3,133
5331,1977,Graduation,Married,74985.0,0,0,2012-11-09,8,587.0,51.0,898.0,247.0,0.0,86.0,1,3,6,7,2,0,0,0,0,0,0,3.0,11.0,0,16,1869.0,8,4724.0,5,5,4,5,545
1911,1987,Graduation,Together,67430.0,0,0,2012-05-09,6,595.0,97.0,291.0,127.0,133.0,121.0,1,11,5,12,6,0,0,0,0,0,0,3.0,11.0,0,28,1364.0,6,4908.0,6,5,5,5,555
20,1965,2n Cycle,Married,46891.0,0,1,2013-01-09,91,43.0,12.0,23.0,29.0,15.0,61.0,1,2,1,4,4,0,0,0,0,0,0,3.0,11.0,0,7,183.0,91,4663.0,6,1,2,2,122
8786,1956,Master,Married,62058.0,0,1,,52,301.0,7.0,74.0,10.0,0.0,58.0,4,6,1,7,6,0,0,0,0,0,0,3.0,11.0,0,14,450.0,52,,5,3,3,3,333
10582,1979,Graduation,Married,72063.0,0,1,2013-03-07,3,180.0,32.0,348.0,76.0,32.0,90.0,2,5,2,12,2,0,0,0,0,0,0,3.0,11.0,0,19,758.0,3,4606.0,6,5,4,4,544
1915,1951,PhD,Married,78939.0,0,0,2013-12-12,57,794.0,115.0,243.0,150.0,0.0,205.0,1,8,5,6,3,0,0,0,0,0,0,3.0,11.0,0,19,1507.0,57,4326.0,5,3,4,5,345
8897,1965,Graduation,Single,42720.0,1,1,,9,392.0,5.0,91.0,28.0,26.0,112.0,8,7,3,7,8,0,0,0,0,0,0,3.0,11.0,1,17,654.0,9,,6,5,4,4,544
2371,1972,Graduation,Married,33622.0,1,1,,22,39.0,1.0,22.0,3.0,4.0,12.0,3,2,0,4,7,0,0,0,0,0,0,3.0,11.0,0,6,81.0,22,,6,4,2,2,422
4303,1957,PhD,Together,6835.0,0,1,2012-08-12,76,107.0,2.0,12.0,2.0,2.0,12.0,0,0,0,1,20,0,0,0,0,0,0,3.0,11.0,0,1,137.0,76,4813.0,6,2,1,2,212
6825,1953,Graduation,Together,41452.0,1,1,2013-06-03,86,13.0,0.0,3.0,0.0,0.0,0.0,1,1,0,2,7,0,0,0,0,0,0,3.0,11.0,0,3,16.0,86,4518.0,2,1,1,1,111
1072,1965,PhD,Single,40760.0,0,1,,64,70.0,0.0,17.0,0.0,0.0,6.0,2,2,1,3,6,0,0,0,0,0,0,3.0,11.0,0,6,93.0,64,,3,2,2,2,222
4964,1958,PhD,Together,74250.0,0,0,,90,680.0,11.0,392.0,75.0,0.0,0.0,1,2,11,4,1,0,0,0,0,0,0,3.0,11.0,0,17,1158.0,90,,4,1,4,4,144
2461,1955,Master,Single,51124.0,1,1,,79,26.0,1.0,11.0,0.0,1.0,4.0,2,1,0,3,3,0,0,0,0,0,0,3.0,11.0,0,4,43.0,79,,5,2,1,1,211
10736,1971,Graduation,Single,72258.0,0,1,2013-12-09,28,522.0,0.0,522.0,227.0,120.0,134.0,2,6,9,5,2,0,0,0,0,0,0,3.0,11.0,0,20,1525.0,28,4329.0,5,4,5,5,455
3194,1974,PhD,Single,71466.0,0,0,2014-05-04,86,412.0,12.0,546.0,78.0,182.0,0.0,1,4,4,10,1,0,0,0,0,0,0,3.0,11.0,0,18,1230.0,86,4183.0,5,1,4,5,145
10839,1976,Graduation,Together,36283.0,1,1,,42,6.0,5.0,5.0,8.0,0.0,5.0,2,1,0,3,4,0,0,0,0,0,0,3.0,11.0,0,4,29.0,42,,5,3,1,1,311
49,1970,Graduation,Single,20587.0,1,0,2014-11-05,39,2.0,3.0,6.0,4.0,1.0,9.0,1,1,1,2,7,0,0,0,0,0,0,3.0,11.0,0,4,25.0,39,3998.0,6,4,1,1,411
4290,1972,Graduation,Married,30467.0,1,0,,8,1.0,3.0,8.0,2.0,5.0,5.0,1,1,0,2,7,0,0,0,0,0,0,3.0,11.0,0,3,24.0,8,,6,5,1,1,511
10219,1972,Graduation,Together,31590.0,1,0,,40,6.0,2.0,15.0,6.0,6.0,3.0,1,1,0,3,8,0,0,0,0,0,0,3.0,11.0,0,4,38.0,40,,6,3,1,1,311
4211,1986,Basic,Married,20425.0,1,0,,5,4.0,12.0,5.0,3.0,16.0,17.0,2,2,0,3,7,0,0,0,0,0,0,3.0,11.0,0,5,57.0,5,,6,5,1,2,512
1135,1960,Master,Together,17144.0,1,1,,96,18.0,2.0,19.0,0.0,2.0,6.0,5,3,0,4,7,0,0,0,0,0,0,3.0,11.0,0,7,47.0,96,,5,1,2,1,121
6299,1968,PhD,Divorced,42564.0,0,1,2013-02-01,28,324.0,48.0,186.0,39.0,18.0,198.0,6,6,8,4,7,1,0,0,0,0,0,3.0,11.0,1,18,813.0,28,4640.0,6,4,4,4,444
10846,1978,Master,Married,43783.0,1,0,,22,327.0,9.0,125.0,25.0,4.0,139.0,6,7,1,8,7,1,0,0,0,0,0,3.0,11.0,0,16,629.0,22,,6,4,4,3,443
347,1976,Graduation,Divorced,40780.0,0,1,2012-08-09,30,229.0,27.0,71.0,13.0,3.0,34.0,4,7,1,5,9,0,0,0,0,0,0,3.0,11.0,0,13,377.0,30,4816.0,6,4,3,3,433
6543,1945,Master,Together,62847.0,0,0,,45,521.0,168.0,706.0,80.0,76.0,61.0,1,3,6,4,2,0,0,0,0,0,0,3.0,11.0,0,13,1612.0,45,,6,3,3,5,335
10446,1957,PhD,Married,82017.0,0,0,2012-07-11,58,184.0,23.0,446.0,30.0,23.0,23.0,1,5,4,7,2,0,1,1,1,0,0,3.0,11.0,1,16,729.0,58,4845.0,6,3,4,4,344
3479,1950,Graduation,Single,16813.0,0,0,,49,4.0,8.0,11.0,12.0,2.0,13.0,1,2,0,3,7,1,0,0,0,0,0,3.0,11.0,0,5,50.0,49,,6,3,1,1,311
11075,1978,Graduation,Married,51267.0,1,1,,37,183.0,2.0,64.0,7.0,2.0,12.0,4,3,3,5,4,0,0,0,0,0,0,3.0,11.0,0,11,270.0,37,,6,4,3,3,433
4442,1961,Graduation,Single,46524.0,0,1,2013-05-04,70,31.0,19.0,35.0,26.0,14.0,52.0,2,1,1,5,3,0,0,0,0,0,0,3.0,11.0,0,7,177.0,70,4548.0,6,2,2,2,222
199,1962,Master,Single,45183.0,0,0,,33,219.0,3.0,60.0,12.0,9.0,12.0,1,4,1,7,7,0,1,0,0,0,0,3.0,11.0,0,12,315.0,33,,6,4,3,3,433
6722,1954,PhD,Married,70421.0,0,1,,98,479.0,28.0,136.0,75.0,14.0,35.0,3,10,3,7,6,0,0,0,0,0,0,3.0,11.0,0,20,767.0,98,,6,1,5,4,154
796,1965,2n Cycle,Divorced,60161.0,0,1,,17,584.0,44.0,212.0,46.0,8.0,177.0,3,11,4,8,8,0,0,0,0,0,0,3.0,11.0,0,23,1071.0,17,,6,5,5,4,554
3749,1973,Graduation,Together,73926.0,0,0,2013-02-03,54,627.0,91.0,597.0,159.0,91.0,15.0,1,6,5,12,3,0,0,0,0,0,0,3.0,11.0,0,23,1580.0,54,4638.0,6,3,5,5,355
8523,1968,Graduation,Married,19329.0,1,0,,39,24.0,1.0,16.0,12.0,2.0,5.0,3,4,0,3,8,0,0,0,0,0,0,3.0,11.0,0,7,60.0,39,,6,4,2,2,422
310,1970,Master,Married,61872.0,0,1,,81,330.0,5.0,159.0,36.0,27.0,16.0,4,4,4,9,4,0,0,0,0,0,0,3.0,11.0,0,17,573.0,81,,6,1,4,3,143
8629,1956,Graduation,Widow,46984.0,1,1,,71,19.0,1.0,10.0,2.0,1.0,8.0,1,1,0,3,5,0,0,0,0,0,0,3.0,11.0,0,4,41.0,71,,6,2,1,1,211
236,1951,Graduation,Married,34838.0,1,1,,62,28.0,23.0,29.0,29.0,14.0,47.0,3,2,1,4,6,0,0,0,0,0,0,3.0,11.0,0,7,170.0,62,,6,2,2,2,222
9930,1944,PhD,Single,82716.0,0,0,2013-05-11,8,606.0,148.0,228.0,15.0,148.0,22.0,1,6,8,13,2,0,0,0,0,0,0,3.0,11.0,0,27,1167.0,8,4541.0,6,5,5,4,554
3483,1958,Graduation,Married,48192.0,0,0,2013-06-04,76,1039.0,43.0,204.0,153.0,58.0,29.0,3,2,8,12,8,0,1,0,1,1,0,3.0,11.0,1,22,1526.0,76,4517.0,6,2,5,5,255
4599,1976,Master,Married,49681.0,0,2,2013-04-11,66,411.0,0.0,26.0,0.0,0.0,21.0,6,7,1,7,7,0,0,0,0,0,0,3.0,11.0,0,15,458.0,66,4571.0,3,2,3,3,233
7326,1971,Master,Married,56850.0,0,1,,83,34.0,1.0,19.0,2.0,7.0,0.0,1,1,1,3,2,0,0,0,0,0,0,3.0,11.0,0,5,63.0,83,,5,1,1,2,112
7352,1957,Graduation,Married,55267.0,0,1,,28,161.0,28.0,136.0,32.0,3.0,45.0,4,3,4,6,3,0,0,0,0,0,0,3.0,11.0,0,13,405.0,28,,6,4,3,3,433
2350,1972,Graduation,Married,59666.0,1,1,,87,623.0,53.0,178.0,23.0,17.0,133.0,7,3,2,8,8,0,1,0,0,0,0,3.0,11.0,0,13,1027.0,87,,6,1,3,4,134
9145,1972,Graduation,Single,72504.0,0,1,2013-06-04,43,604.0,26.0,470.0,123.0,161.0,94.0,2,5,9,6,2,0,0,0,0,0,0,3.0,11.0,0,20,1478.0,43,4517.0,6,3,5,5,355
2964,1981,Graduation,Married,26872.0,0,0,,0,3.0,10.0,8.0,3.0,16.0,32.0,1,1,1,2,6,0,0,0,0,0,0,3.0,11.0,0,4,72.0,0,,6,5,1,2,512
5585,1972,Graduation,Single,21359.0,1,0,,1,12.0,2.0,17.0,6.0,1.0,10.0,2,2,0,3,8,0,0,0,0,0,0,3.0,11.0,1,5,48.0,1,,6,5,1,1,511
9687,1975,Graduation,Single,73170.0,0,0,,1,184.0,174.0,256.0,50.0,30.0,32.0,1,5,4,6,2,0,0,0,0,0,0,3.0,11.0,0,15,726.0,1,,6,5,3,4,534
3732,1955,Master,Married,52750.0,0,1,2013-04-02,72,393.0,0.0,239.0,90.0,69.0,69.0,6,5,7,9,4,0,0,0,0,0,0,3.0,11.0,0,21,860.0,72,4580.0,5,2,5,4,254
6303,1986,PhD,Together,91820.0,0,0,,72,410.0,73.0,747.0,76.0,161.0,30.0,0,5,5,12,1,0,0,0,0,0,0,3.0,11.0,0,22,1497.0,72,,6,2,5,5,255
11176,1970,PhD,Together,65968.0,0,1,2014-12-05,12,376.0,9.0,83.0,19.0,4.0,4.0,2,5,4,7,3,0,0,0,0,0,0,3.0,11.0,0,16,495.0,12,3968.0,6,5,4,3,543
2986,1976,Graduation,Married,30772.0,1,1,2014-12-03,89,7.0,2.0,4.0,2.0,1.0,4.0,1,1,0,2,6,0,0,0,0,0,0,3.0,11.0,0,3,20.0,89,3970.0,6,1,1,1,111
7462,1954,Graduation,Single,22507.0,0,0,,67,68.0,0.0,226.0,51.0,157.0,68.0,3,10,2,4,9,0,0,0,0,0,0,3.0,11.0,0,16,570.0,67,,5,2,4,3,243
3900,1972,Graduation,Married,65685.0,0,1,,54,642.0,14.0,49.0,0.0,7.0,57.0,1,9,2,9,5,0,0,0,0,0,0,3.0,11.0,0,20,769.0,54,,5,3,5,4,354
7034,1978,2n Cycle,Married,25804.0,1,0,2013-01-09,34,8.0,7.0,9.0,13.0,6.0,12.0,2,2,0,3,8,0,0,0,0,0,0,3.0,11.0,0,5,55.0,34,4663.0,6,4,1,1,411
9493,1980,PhD,Single,76412.0,0,0,2013-05-05,15,840.0,53.0,804.0,23.0,71.0,17.0,1,5,4,8,3,0,0,1,1,0,0,3.0,11.0,1,17,1808.0,15,4547.0,6,5,4,5,545
1143,1972,Graduation,Married,22063.0,1,0,2013-08-08,43,7.0,10.0,13.0,3.0,11.0,11.0,2,2,0,3,7,0,0,0,0,0,0,3.0,11.0,0,5,55.0,43,4452.0,6,3,1,1,311
1,1961,Graduation,Single,57091.0,0,0,,0,464.0,5.0,64.0,7.0,0.0,37.0,1,7,3,7,5,0,0,0,0,1,0,3.0,11.0,1,17,577.0,0,,5,5,4,3,543
3855,1963,Graduation,Married,22419.0,0,0,,74,30.0,3.0,47.0,19.0,21.0,42.0,1,3,2,2,8,0,0,0,0,0,0,3.0,11.0,0,7,162.0,74,,6,2,2,2,222
5536,1959,Graduation,Together,87771.0,0,1,,61,1492.0,38.0,287.0,50.0,57.0,33.0,1,5,10,4,6,0,1,1,1,1,0,3.0,11.0,1,19,1957.0,61,,6,2,4,5,245
5989,1959,2n Cycle,Divorced,78353.0,0,1,,51,752.0,122.0,476.0,39.0,153.0,34.0,1,10,2,11,8,0,0,0,0,0,0,3.0,11.0,0,23,1576.0,51,,6,3,5,5,355
9499,1954,Graduation,Married,93404.0,1,2,2013-07-05,97,1279.0,15.0,287.0,20.0,0.0,15.0,3,3,4,7,5,0,1,1,0,0,0,3.0,11.0,0,14,1616.0,97,4486.0,5,1,3,5,135
6768,1962,Graduation,Divorced,37859.0,1,2,2013-12-01,75,22.0,1.0,8.0,2.0,1.0,2.0,2,1,0,3,8,0,0,0,0,0,0,3.0,11.0,0,4,36.0,75,4337.0,6,2,1,1,211
2150,1958,PhD,Widow,80995.0,0,1,2013-11-05,83,860.0,28.0,409.0,73.0,56.0,56.0,1,8,9,4,4,0,0,0,0,0,0,3.0,11.0,0,21,1482.0,83,4363.0,6,1,5,5,155
6646,1984,Graduation,Together,16529.0,1,0,2014-01-03,23,3.0,0.0,5.0,13.0,0.0,1.0,1,1,0,3,6,0,0,0,0,0,0,3.0,11.0,0,4,22.0,23,4304.0,4,4,1,1,411
4887,1976,PhD,Divorced,55412.0,1,1,,65,10.0,5.0,28.0,11.0,1.0,8.0,1,2,0,3,5,0,0,0,0,0,0,3.0,11.0,0,5,63.0,65,,6,2,1,2,212
8560,1992,Graduation,Single,48789.0,0,0,2012-10-09,94,351.0,16.0,156.0,7.0,5.0,145.0,1,6,4,7,6,0,0,0,0,0,0,3.0,11.0,0,17,680.0,94,4755.0,6,1,4,4,144
3321,1967,PhD,Together,56575.0,0,2,2013-05-05,42,421.0,5.0,90.0,0.0,16.0,10.0,3,7,3,7,5,0,0,0,0,0,0,3.0,11.0,0,17,542.0,42,4547.0,5,3,4,3,343
11003,1980,2n Cycle,Together,25130.0,1,0,2013-02-10,10,2.0,5.0,7.0,0.0,18.0,18.0,2,2,0,3,7,0,0,0,0,0,0,3.0,11.0,0,5,50.0,10,4631.0,5,5,1,1,511
10402,1967,Graduation,Married,35441.0,1,1,,94,25.0,1.0,9.0,2.0,1.0,1.0,2,1,0,3,8,0,0,0,0,0,0,3.0,11.0,0,4,39.0,94,,6,1,1,1,111
9904,1956,Graduation,Married,71391.0,0,1,,50,336.0,123.0,274.0,46.0,123.0,141.0,5,6,5,12,3,0,0,0,0,0,0,3.0,11.0,0,23,1043.0,50,,6,3,5,4,354
6141,1972,Master,Single,49494.0,1,0,,46,191.0,9.0,97.0,0.0,6.0,82.0,2,6,1,5,7,0,0,0,0,0,0,3.0,11.0,0,12,385.0,46,,5,3,3,3,333
5687,1980,Graduation,Divorced,81702.0,0,0,,98,563.0,50.0,774.0,28.0,31.0,187.0,1,7,7,12,3,0,0,0,0,0,0,3.0,11.0,0,26,1633.0,98,,6,1,5,5,155
10856,1980,2n Cycle,Single,45889.0,0,1,2013-02-07,42,31.0,0.0,6.0,0.0,1.0,8.0,1,1,0,3,6,0,0,0,0,0,0,3.0,11.0,0,4,46.0,42,4634.0,4,3,1,1,311
5121,1977,Graduation,Single,56628.0,0,1,,30,479.0,5.0,82.0,7.0,17.0,171.0,2,7,6,5,5,1,0,0,0,0,0,3.0,11.0,0,18,761.0,30,,6,4,4,4,444
4186,1950,Graduation,Together,34026.0,1,1,2013-05-08,11,18.0,6.0,15.0,12.0,8.0,17.0,3,2,1,3,5,0,0,0,0,0,0,3.0,11.0,0,6,76.0,11,4544.0,6,5,2,2,522
368,1974,Graduation,Married,40049.0,0,1,,61,91.0,65.0,52.0,10.0,44.0,28.0,3,3,2,6,5,0,0,0,0,0,0,3.0,11.0,0,11,290.0,61,,6,2,3,3,233
3312,1988,Graduation,Single,34176.0,1,0,2014-12-05,12,5.0,7.0,24.0,19.0,14.0,20.0,4,3,0,4,6,0,0,0,0,0,0,3.0,11.0,0,7,89.0,12,3968.0,6,5,2,2,522
11121,1981,Graduation,Married,19419.0,1,0,2012-10-11,76,2.0,14.0,28.0,16.0,3.0,7.0,4,4,0,3,9,0,0,0,0,0,0,3.0,11.0,0,7,70.0,76,4753.0,6,2,2,2,222
5332,1960,2n Cycle,Married,82504.0,0,0,,2,362.0,50.0,431.0,134.0,35.0,54.0,1,3,6,7,1,0,0,0,0,0,0,3.0,11.0,0,16,1066.0,2,,6,5,4,4,544
5848,1970,Graduation,Together,81205.0,0,0,,43,724.0,74.0,929.0,97.0,55.0,130.0,1,5,6,7,2,1,0,1,0,1,0,3.0,11.0,1,18,2009.0,43,,6,3,4,5,345
10343,1991,2n Cycle,Single,61618.0,0,0,,27,605.0,91.0,399.0,0.0,45.0,205.0,2,3,6,8,3,0,0,0,0,0,0,3.0,11.0,0,17,1345.0,27,,5,4,4,5,445
5935,1956,Master,Single,55284.0,0,1,,60,547.0,7.0,140.0,0.0,7.0,63.0,3,7,5,8,5,0,0,0,0,0,0,3.0,11.0,0,20,764.0,60,,5,2,5,4,254
2895,1963,Graduation,Single,49980.0,0,1,,79,104.0,1.0,54.0,13.0,9.0,14.0,2,3,1,5,5,0,0,0,0,0,0,3.0,11.0,0,9,195.0,79,,6,2,3,3,233
10262,1980,Graduation,Married,15072.0,2,0,2013-10-05,96,8.0,2.0,15.0,0.0,10.0,18.0,4,3,1,3,5,0,0,0,0,0,0,3.0,11.0,0,7,53.0,96,4394.0,5,1,2,1,121
7848,1974,Graduation,Single,49166.0,0,1,,17,224.0,2.0,25.0,7.0,0.0,110.0,2,5,3,3,6,0,0,0,0,0,0,3.0,11.0,0,11,368.0,17,,5,5,3,3,533
9477,1954,PhD,Married,65324.0,0,1,2014-11-01,0,384.0,0.0,102.0,21.0,32.0,5.0,3,6,2,9,4,0,0,0,0,0,0,3.0,11.0,0,17,544.0,0,4002.0,5,5,4,3,543
4856,1957,2n Cycle,Married,82347.0,0,0,2012-06-11,38,556.0,54.0,845.0,202.0,133.0,63.0,1,7,7,10,3,1,0,0,1,0,0,3.0,11.0,0,24,1853.0,38,4875.0,6,4,5,5,455
7186,1966,PhD,Together,30843.0,1,1,,43,24.0,0.0,2.0,0.0,0.0,9.0,2,1,1,2,5,1,0,0,0,0,0,3.0,11.0,0,4,35.0,43,,3,3,1,1,311
5794,1974,PhD,Married,46374.0,0,1,,1,408.0,0.0,21.0,0.0,0.0,17.0,3,7,1,7,8,0,1,0,1,0,0,3.0,11.0,1,15,446.0,1,,3,5,3,3,533
1456,1979,Graduation,Single,60474.0,0,1,2013-01-04,25,265.0,199.0,303.0,234.0,9.0,170.0,7,10,2,12,7,0,0,0,0,0,0,3.0,11.0,0,24,1180.0,25,4668.0,6,4,5,5,455
4877,1973,Master,Married,38576.0,0,1,2014-04-03,2,34.0,0.0,7.0,0.0,0.0,0.0,1,1,0,3,7,0,0,0,0,0,0,3.0,11.0,0,4,41.0,2,4214.0,2,5,1,1,511
425,1985,Graduation,Married,55357.0,2,0,,66,374.0,64.0,116.0,84.0,25.0,64.0,3,6,2,11,5,0,0,0,0,0,0,3.0,11.0,0,19,727.0,66,,6,2,4,4,244
3007,1966,Graduation,Together,37758.0,1,1,2012-04-10,49,27.0,2.0,10.0,0.0,0.0,1.0,2,1,0,3,8,0,0,0,0,0,0,3.0,11.0,0,4,40.0,49,4937.0,4,3,1,1,311
1031,1989,2n Cycle,Married,85710.0,0,0,2013-05-05,5,600.0,20.0,350.0,29.0,30.0,33.0,1,6,9,10,2,0,0,1,0,0,0,3.0,11.0,0,25,1062.0,5,4547.0,6,5,5,4,554
4297,1969,Graduation,Together,23228.0,1,0,,71,13.0,2.0,18.0,6.0,1.0,0.0,2,2,0,3,8,0,0,0,0,0,0,3.0,11.0,0,5,40.0,71,,5,2,1,1,211
807,1969,Master,Together,44602.0,1,1,,35,167.0,2.0,89.0,0.0,0.0,34.0,6,6,1,4,8,0,0,0,0,0,0,3.0,11.0,0,11,292.0,35,,4,4,3,3,433
9553,1987,Graduation,Married,7500.0,0,0,2013-09-01,94,0.0,2.0,3.0,4.0,1.0,5.0,1,0,0,3,6,0,0,0,0,0,0,3.0,11.0,0,3,15.0,94,4428.0,5,1,1,1,111
4271,1989,2n Cycle,Together,38683.0,1,0,2012-04-10,80,46.0,35.0,69.0,84.0,41.0,66.0,6,4,1,6,7,0,0,0,0,0,0,3.0,11.0,0,11,341.0,80,4937.0,6,1,3,3,133
4120,1975,2n Cycle,Single,49514.0,1,0,,61,88.0,39.0,78.0,58.0,13.0,93.0,2,6,1,4,7,0,0,0,0,0,0,3.0,11.0,0,11,369.0,61,,6,2,3,3,233
2036,1973,PhD,Together,57906.0,0,1,2013-11-06,29,243.0,11.0,119.0,10.0,3.0,15.0,3,4,2,8,4,0,0,0,0,0,0,3.0,11.0,0,14,401.0,29,4362.0,6,4,3,3,433
115,1966,Master,Single,43456.0,0,1,,0,275.0,11.0,68.0,25.0,7.0,7.0,3,5,1,8,5,0,0,0,0,0,0,3.0,11.0,0,14,393.0,0,,6,5,3,3,533
4259,1986,Master,Single,19485.0,2,0,,80,6.0,0.0,4.0,0.0,0.0,0.0,1,1,0,2,7,0,0,0,0,0,0,3.0,11.0,0,3,10.0,80,,2,1,1,1,111
8687,1978,Graduation,Together,53172.0,0,1,2013-06-05,54,121.0,62.0,90.0,68.0,20.0,125.0,3,2,3,8,3,0,0,0,0,0,0,3.0,11.0,0,13,486.0,54,4516.0,6,3,3,3,333
2447,1979,Graduation,Together,30545.0,1,0,,71,4.0,12.0,15.0,19.0,7.0,12.0,2,2,0,3,7,0,0,0,0,0,0,3.0,11.0,0,5,69.0,71,,6,2,1,2,212
10140,1983,PhD,Together,70123.0,0,0,,27,1308.0,0.0,396.0,23.0,0.0,0.0,1,5,7,4,3,0,1,0,0,1,0,3.0,11.0,0,16,1727.0,27,,3,4,4,5,445
9353,1959,Graduation,Single,62450.0,0,1,2014-06-01,61,515.0,47.0,267.0,62.0,66.0,38.0,2,5,5,4,3,0,1,0,0,0,0,3.0,11.0,0,14,995.0,61,4155.0,6,2,3,4,234
3623,1976,Graduation,Together,21675.0,1,0,2014-11-06,55,4.0,0.0,16.0,17.0,4.0,4.0,3,4,0,3,7,0,0,0,0,0,0,3.0,11.0,0,7,45.0,55,3997.0,5,3,2,1,321
738,1981,2n Cycle,Single,42395.0,1,1,2014-04-04,35,48.0,13.0,57.0,24.0,15.0,25.0,4,3,1,4,7,0,0,0,0,0,0,3.0,11.0,0,8,182.0,35,4213.0,6,4,2,2,422
7631,1978,Master,Together,61346.0,1,0,2013-06-10,34,562.0,58.0,168.0,43.0,16.0,142.0,1,5,7,10,3,0,0,0,0,0,0,3.0,11.0,0,22,989.0,34,4511.0,6,4,5,4,454
4789,1953,Graduation,Together,80812.0,0,0,,95,769.0,22.0,500.0,210.0,143.0,33.0,1,4,8,5,2,1,0,1,1,0,0,3.0,11.0,0,17,1677.0,95,,6,1,4,5,145
773,1971,Master,Divorced,42835.0,1,1,,64,379.0,4.0,93.0,12.0,9.0,98.0,7,6,6,4,6,0,0,0,0,0,0,3.0,11.0,0,16,595.0,64,,6,2,4,3,243
10602,1983,Graduation,Married,39922.0,1,0,,30,29.0,12.0,59.0,19.0,1.0,36.0,2,3,0,4,8,0,0,0,0,0,0,3.0,11.0,0,7,156.0,30,,6,4,2,2,422
1446,1956,Master,Single,86424.0,0,0,2014-05-04,12,387.0,68.0,569.0,89.0,45.0,68.0,1,6,9,12,1,0,0,0,0,0,0,3.0,11.0,0,27,1226.0,12,4183.0,6,5,5,5,555
3270,1978,2n Cycle,Together,17117.0,1,0,,96,12.0,23.0,38.0,30.0,18.0,7.0,4,3,1,3,9,0,0,0,0,0,0,3.0,11.0,0,7,128.0,96,,6,1,2,2,122
8443,1972,Graduation,Single,24762.0,1,0,2014-10-02,16,6.0,10.0,12.0,3.0,15.0,40.0,3,3,1,2,8,1,0,0,0,0,0,3.0,11.0,1,6,86.0,16,4032.0,6,5,2,2,522
9653,1975,Graduation,Married,35797.0,0,1,,16,27.0,1.0,14.0,4.0,1.0,21.0,2,2,0,3,8,0,0,0,0,0,0,3.0,11.0,0,5,68.0,16,,6,5,1,2,512
8916,1975,Graduation,Divorced,36627.0,2,0,,78,9.0,1.0,5.0,0.0,0.0,1.0,1,0,0,3,5,0,0,0,0,0,0,3.0,11.0,0,3,16.0,78,,4,2,1,1,211
8017,1981,2n Cycle,Married,51111.0,1,1,,83,22.0,0.0,19.0,6.0,5.0,3.0,2,2,0,3,6,0,0,0,0,0,0,3.0,11.0,0,5,55.0,83,,5,1,1,1,111
5830,1972,PhD,Single,86857.0,0,0,2012-12-09,96,899.0,102.0,838.0,133.0,102.0,40.0,1,5,6,10,2,0,0,0,0,0,0,3.0,11.0,1,21,2114.0,96,4694.0,6,1,5,5,155
4597,1970,PhD,Together,82072.0,0,0,2013-02-07,67,889.0,55.0,685.0,168.0,92.0,129.0,1,3,2,13,1,0,0,0,0,0,0,3.0,11.0,0,18,2018.0,67,4634.0,6,2,4,5,245
7023,1953,PhD,Single,46231.0,2,1,,87,189.0,2.0,55.0,0.0,5.0,12.0,4,6,1,4,9,0,0,0,0,0,0,3.0,11.0,0,11,263.0,87,,5,1,3,3,133
8086,1959,Graduation,Married,42243.0,1,1,2013-11-12,34,48.0,0.0,2.0,0.0,0.0,5.0,2,2,0,3,7,0,0,0,0,0,0,3.0,11.0,0,5,55.0,34,4356.0,3,4,1,1,411
8825,1962,Graduation,Together,51195.0,1,1,2013-01-04,46,230.0,14.0,156.0,82.0,24.0,58.0,8,9,2,5,8,0,0,0,0,0,0,3.0,11.0,0,16,564.0,46,4668.0,6,3,4,3,343
2930,1978,Master,Single,68092.0,0,0,,7,852.0,60.0,207.0,78.0,36.0,48.0,2,2,6,10,5,0,0,0,0,0,0,3.0,11.0,0,18,1281.0,7,,6,5,4,5,545
1928,1973,Graduation,Married,31814.0,1,0,2013-09-02,73,35.0,3.0,20.0,4.0,1.0,20.0,2,2,0,3,9,1,0,0,0,0,0,3.0,11.0,0,5,83.0,73,4427.0,6,2,1,2,212
7108,1965,Master,Widow,51390.0,1,1,2012-08-09,54,205.0,20.0,47.0,23.0,2.0,56.0,6,5,2,5,5,0,0,0,0,0,0,3.0,11.0,0,12,353.0,54,4816.0,6,3,3,3,333
10925,1983,Graduation,Married,76630.0,0,0,,93,255.0,31.0,446.0,40.0,56.0,175.0,1,3,10,11,1,0,0,0,0,0,0,3.0,11.0,0,24,1003.0,93,,6,1,5,4,154
9960,1991,Basic,Single,26868.0,1,0,,52,0.0,0.0,1.0,8.0,3.0,2.0,1,1,0,2,7,0,0,0,0,0,0,3.0,11.0,0,3,14.0,52,,4,3,1,1,311
8800,1943,PhD,Divorced,48948.0,0,0,2013-01-02,53,437.0,8.0,206.0,160.0,49.0,42.0,2,7,10,5,6,1,0,0,0,0,0,3.0,11.0,1,22,902.0,53,4670.0,6,3,5,4,354
9224,1972,PhD,Single,55260.0,0,1,2012-12-12,81,825.0,8.0,53.0,11.0,0.0,242.0,2,8,10,5,6,0,0,0,0,0,0,3.0,11.0,0,23,1139.0,81,4691.0,5,1,5,4,154
5519,1956,Graduation,Together,64090.0,0,1,2013-07-08,8,316.0,58.0,161.0,76.0,51.0,135.0,1,6,9,4,5,0,0,0,0,0,0,3.0,11.0,1,19,797.0,8,4483.0,6,5,4,4,544
5046,1958,Graduation,Divorced,78331.0,0,1,,97,756.0,138.0,354.0,160.0,169.0,61.0,2,10,6,7,4,0,0,0,0,0,0,3.0,11.0,0,23,1638.0,97,,6,1,5,5,155
7037,1974,PhD,Married,37087.0,1,0,2013-11-08,50,194.0,55.0,134.0,15.0,0.0,3.0,3,4,2,8,6,0,0,0,0,0,0,3.0,11.0,0,14,401.0,50,4360.0,5,3,3,3,333
905,1986,Graduation,Divorced,21846.0,1,0,,38,7.0,17.0,18.0,6.0,10.0,26.0,4,4,0,3,8,0,0,0,0,0,0,3.0,11.0,0,7,84.0,38,,6,4,2,2,422
8624,1958,Graduation,Married,81320.0,0,0,2013-06-02,61,183.0,33.0,493.0,59.0,103.0,57.0,1,4,3,10,2,0,0,0,0,0,0,3.0,11.0,0,17,928.0,61,4519.0,6,2,4,4,244
8945,1970,Graduation,Divorced,54137.0,0,1,,46,171.0,0.0,11.0,0.0,1.0,20.0,2,4,1,4,6,0,0,0,0,0,0,3.0,11.0,0,9,203.0,46,,4,3,3,3,333
6445,1967,Graduation,Together,66825.0,0,0,,73,243.0,101.0,405.0,29.0,40.0,40.0,1,4,5,6,2,0,0,0,0,0,0,3.0,11.0,0,15,858.0,73,,6,2,4,4,244
2727,1973,Graduation,Together,57100.0,0,0,2013-04-12,19,181.0,21.0,69.0,39.0,3.0,96.0,1,3,3,6,3,0,0,0,0,0,0,3.0,11.0,0,12,409.0,19,4570.0,6,5,3,3,533
6404,1969,Graduation,Together,58917.0,1,2,,10,151.0,7.0,89.0,0.0,7.0,28.0,5,4,1,6,5,0,0,0,0,0,0,3.0,11.0,0,11,282.0,10,,5,5,3,3,533
11074,1977,Graduation,Single,85072.0,0,0,2014-09-04,94,494.0,92.0,391.0,194.0,11.0,241.0,1,3,4,10,0,0,0,0,0,0,0,3.0,11.0,0,17,1423.0,94,4060.0,6,1,4,5,145
10150,1961,Graduation,Single,86429.0,0,0,,10,464.0,28.0,873.0,29.0,18.0,37.0,0,7,4,7,2,0,0,0,1,0,0,3.0,11.0,1,18,1449.0,10,,6,5,4,5,545
1968,1971,Graduation,Widow,45684.0,1,0,2013-02-12,37,5.0,1.0,5.0,10.0,0.0,7.0,1,1,0,2,7,0,0,0,0,0,0,3.0,11.0,0,3,28.0,37,4629.0,5,4,1,1,411
6534,1974,Graduation,Together,47889.0,1,0,2014-04-01,94,29.0,0.0,29.0,0.0,5.0,4.0,1,2,0,3,5,0,0,0,0,0,0,3.0,11.0,0,5,67.0,94,4216.0,4,1,1,2,112
9485,1986,PhD,Married,45921.0,0,0,2014-10-03,23,102.0,9.0,49.0,24.0,3.0,12.0,1,2,1,6,4,0,0,0,0,0,0,3.0,11.0,0,9,199.0,23,4031.0,6,4,3,3,433
7053,1966,PhD,Single,78420.0,0,0,,75,604.0,28.0,674.0,91.0,28.0,28.0,1,3,10,8,1,0,0,0,0,0,0,3.0,11.0,0,21,1453.0,75,,6,2,5,5,255
4654,1992,Graduation,Together,75114.0,0,0,2013-07-11,40,571.0,12.0,523.0,63.0,60.0,24.0,1,3,10,5,2,0,0,0,0,0,0,3.0,11.0,0,18,1253.0,40,4480.0,6,3,4,5,345
9760,1963,PhD,Widow,52278.0,0,1,,24,953.0,0.0,71.0,0.0,0.0,174.0,6,10,5,10,8,0,0,0,0,0,0,3.0,11.0,1,25,1198.0,24,,3,4,5,5,455
1048,1972,Master,Married,35641.0,1,0,,11,63.0,3.0,67.0,8.0,9.0,28.0,2,3,1,4,7,0,0,0,0,0,0,3.0,11.0,1,8,178.0,11,,6,5,2,2,522
10619,1994,Graduation,Single,95529.0,0,0,2012-03-12,29,770.0,29.0,890.0,250.0,27.0,24.0,1,7,3,7,3,0,0,1,0,0,0,3.0,11.0,1,17,1990.0,29,4966.0,6,4,4,5,445
9308,1954,Graduation,Married,62820.0,0,0,2013-11-05,51,398.0,61.0,265.0,138.0,61.0,53.0,1,3,4,6,1,0,0,0,0,0,0,3.0,11.0,0,13,976.0,51,4363.0,6,3,3,4,334
10505,1960,Master,Together,73113.0,0,0,,86,741.0,19.0,154.0,50.0,9.0,28.0,1,3,4,7,2,0,0,0,0,0,0,3.0,11.0,0,14,1001.0,86,,6,1,3,4,134
8362,1982,PhD,Married,84169.0,0,0,2013-07-08,9,1478.0,19.0,403.0,0.0,19.0,0.0,1,7,6,6,3,0,1,1,0,0,0,3.0,11.0,1,19,1919.0,9,4483.0,4,5,4,5,545
2625,1954,2n Cycle,Single,42607.0,0,1,,30,156.0,29.0,56.0,30.0,32.0,47.0,2,3,2,7,3,0,0,0,0,0,0,3.0,11.0,0,12,350.0,30,,6,4,3,3,433
4637,1954,PhD,Single,74637.0,0,0,,73,960.0,64.0,464.0,146.0,0.0,16.0,1,6,9,9,3,0,0,0,1,0,0,3.0,11.0,0,24,1650.0,73,,5,2,5,5,255
9972,1955,PhD,Together,46015.0,1,1,,25,38.0,0.0,2.0,0.0,0.0,6.0,1,1,0,3,7,1,0,0,0,1,0,3.0,11.0,0,4,46.0,25,,3,4,1,1,411
4483,1993,Graduation,Single,72354.0,0,0,,67,315.0,26.0,473.0,220.0,12.0,182.0,1,2,10,6,1,0,0,0,0,0,0,3.0,11.0,0,18,1228.0,67,,6,2,4,5,245
4487,1969,Master,Single,39858.0,1,0,,67,15.0,20.0,25.0,2.0,7.0,26.0,1,2,0,4,6,0,0,0,0,0,0,3.0,11.0,1,6,95.0,67,,6,2,2,2,222
4988,1948,PhD,Married,34469.0,1,1,2014-04-05,58,19.0,6.0,20.0,0.0,5.0,12.0,3,1,1,4,4,0,0,0,0,0,0,3.0,11.0,0,6,62.0,58,4212.0,5,3,2,2,322
8931,1986,Graduation,Together,83033.0,1,0,,82,812.0,99.0,431.0,237.0,149.0,33.0,1,11,4,10,5,0,0,0,1,0,0,3.0,11.0,0,25,1761.0,82,,6,1,5,5,155
5871,1979,Master,Together,24401.0,0,0,,98,73.0,28.0,217.0,10.0,24.0,115.0,3,6,1,6,8,0,0,0,0,0,0,3.0,11.0,0,13,467.0,98,,6,1,3,3,133
2008,1978,Graduation,Married,77583.0,0,0,2014-10-02,93,372.0,23.0,384.0,250.0,12.0,108.0,1,4,5,9,2,0,0,0,1,0,0,3.0,11.0,0,18,1149.0,93,4032.0,6,1,4,4,144
3139,1982,2n Cycle,Single,74116.0,0,0,,53,871.0,111.0,704.0,145.0,55.0,166.0,1,4,4,10,2,0,1,0,0,0,0,3.0,11.0,0,18,2052.0,53,,6,3,4,5,345
10037,1993,Graduation,Single,74293.0,0,0,2014-04-05,66,375.0,152.0,335.0,93.0,91.0,81.0,1,5,4,6,2,0,0,0,0,0,0,3.0,11.0,0,15,1127.0,66,4212.0,6,2,4,4,244
10673,1976,PhD,Married,68397.0,0,1,,6,760.0,80.0,466.0,17.0,13.0,80.0,1,6,9,5,3,0,0,0,0,0,0,3.0,11.0,0,20,1416.0,6,,6,5,5,5,555
5303,1974,PhD,Together,79632.0,0,0,2014-08-04,42,471.0,0.0,510.0,99.0,21.0,12.0,1,6,4,9,2,0,0,0,0,0,0,3.0,11.0,0,19,1113.0,42,4091.0,5,3,4,4,344
538,1989,Graduation,Single,46107.0,1,0,2014-10-02,78,31.0,9.0,27.0,16.0,9.0,33.0,1,1,1,4,3,0,0,0,0,0,0,3.0,11.0,0,6,125.0,78,4032.0,6,2,2,2,222
7922,1951,PhD,Single,64950.0,0,1,2012-12-08,29,819.0,0.0,72.0,12.0,0.0,63.0,2,11,2,10,7,0,1,0,0,0,0,3.0,11.0,0,23,966.0,29,4695.0,4,4,5,4,454
5692,1989,Basic,Married,25443.0,1,0,,82,1.0,4.0,3.0,8.0,9.0,7.0,1,1,0,3,8,0,0,0,0,0,0,3.0,11.0,0,4,32.0,82,,6,1,1,1,111
4843,1952,Graduation,Single,75127.0,0,0,,92,203.0,35.0,305.0,46.0,17.0,227.0,1,2,11,5,1,0,0,0,0,0,0,3.0,11.0,0,18,833.0,92,,6,1,4,4,144
6383,1971,PhD,Together,32892.0,1,0,,78,26.0,0.0,15.0,2.0,1.0,2.0,2,3,0,3,8,0,0,0,0,0,0,3.0,11.0,0,6,46.0,78,,5,2,2,1,221
1628,1971,Graduation,Together,71796.0,0,0,,54,354.0,21.0,311.0,167.0,75.0,32.0,1,9,3,4,4,0,0,0,0,0,0,3.0,11.0,0,16,960.0,54,,6,3,4,4,344
1204,1970,PhD,Married,67536.0,0,1,,45,1253.0,0.0,447.0,23.0,71.0,35.0,3,11,5,11,8,0,0,0,1,0,0,3.0,11.0,0,27,1829.0,45,,5,3,5,5,355
3673,1971,Graduation,Single,55239.0,0,1,,59,371.0,17.0,238.0,23.0,24.0,106.0,3,7,5,11,5,0,0,0,0,0,0,3.0,11.0,0,23,779.0,59,,6,2,5,4,254
760,1975,PhD,Divorced,60554.0,1,0,2013-09-08,8,588.0,7.0,76.0,110.0,15.0,15.0,2,8,4,9,6,0,0,0,0,0,0,3.0,11.0,0,21,811.0,8,4421.0,6,5,5,4,554
8957,1952,2n Cycle,Single,64831.0,1,1,2013-10-06,51,480.0,86.0,249.0,75.0,86.0,144.0,8,6,3,5,6,0,0,0,0,0,0,3.0,11.0,0,14,1120.0,51,4393.0,6,3,3,4,334
4128,1962,PhD,Together,56067.0,0,1,,51,517.0,12.0,54.0,16.0,6.0,120.0,2,7,4,7,5,0,0,0,0,0,0,3.0,11.0,0,18,725.0,51,,6,3,4,4,344
6810,1983,Graduation,Divorced,82025.0,0,0,,76,267.0,98.0,606.0,48.0,70.0,98.0,1,3,2,6,1,0,0,1,0,0,0,3.0,11.0,1,11,1187.0,76,,6,2,3,5,235
5386,1953,Graduation,Together,94384.0,0,0,2013-04-03,62,1111.0,24.0,790.0,160.0,45.0,172.0,0,5,8,5,2,0,1,1,1,0,0,3.0,11.0,1,18,2302.0,62,4579.0,6,2,4,5,245
8700,1986,Basic,Single,14906.0,0,0,,86,7.0,7.0,14.0,7.0,16.0,15.0,3,2,1,3,7,0,0,0,0,0,0,3.0,11.0,0,6,66.0,86,,6,1,2,2,122
3202,1987,PhD,Married,51563.0,0,0,2012-01-10,60,1166.0,0.0,48.0,0.0,0.0,36.0,1,4,4,10,8,0,1,1,0,0,0,3.0,11.0,0,18,1250.0,60,5028.0,3,2,4,5,245
1328,1982,2n Cycle,Married,57937.0,0,1,,56,261.0,42.0,144.0,55.0,48.0,133.0,3,4,4,9,3,0,0,0,0,0,0,3.0,11.0,0,17,683.0,56,,6,3,4,4,344
8405,1979,Graduation,Divorced,68274.0,1,1,,83,135.0,25.0,51.0,23.0,25.0,46.0,2,4,2,5,3,0,0,0,0,0,0,3.0,11.0,0,11,305.0,83,,6,1,3,3,133
6515,1977,Graduation,Together,39771.0,1,0,2013-06-12,92,6.0,2.0,18.0,2.0,8.0,14.0,1,2,0,3,4,0,0,0,0,0,0,3.0,11.0,0,5,50.0,92,4509.0,6,1,1,1,111
2882,1975,2n Cycle,Divorced,67893.0,0,1,2012-01-10,31,711.0,28.0,142.0,49.0,18.0,47.0,2,3,2,9,8,0,0,0,0,0,0,3.0,11.0,0,14,995.0,31,5028.0,6,4,3,4,434
7574,1979,PhD,Together,27922.0,1,0,2014-10-05,80,11.0,0.0,13.0,2.0,4.0,11.0,1,2,0,3,4,0,0,0,0,0,0,3.0,11.0,0,5,41.0,80,4029.0,5,1,1,1,111
6387,1976,PhD,Together,52190.0,1,1,2014-08-05,39,42.0,0.0,17.0,0.0,0.0,18.0,3,2,1,3,5,1,0,0,0,0,0,3.0,11.0,0,6,77.0,39,4090.0,3,4,2,2,422
5320,1973,Master,Divorced,44051.0,1,1,,20,79.0,7.0,58.0,6.0,3.0,18.0,4,3,1,4,6,0,0,0,0,0,0,3.0,11.0,1,8,171.0,20,,6,4,2,2,422
5048,1971,PhD,Single,42767.0,2,0,2013-11-05,53,20.0,6.0,43.0,19.0,5.0,38.0,1,3,1,2,8,0,0,0,0,0,0,3.0,11.0,0,6,131.0,53,4363.0,6,3,2,2,322
8146,1976,Master,Together,46106.0,1,1,2014-11-05,84,30.0,0.0,8.0,2.0,0.0,14.0,1,1,1,2,6,0,0,0,0,0,0,3.0,11.0,0,4,54.0,84,3998.0,4,1,1,1,111
10031,1976,PhD,Married,16927.0,1,1,2013-10-02,50,20.0,2.0,23.0,3.0,1.0,4.0,5,3,0,4,8,0,0,0,0,0,0,3.0,11.0,0,7,53.0,50,4397.0,6,3,2,1,321
5748,1965,Graduation,Married,59754.0,0,1,2012-01-12,96,115.0,27.0,44.0,4.0,146.0,139.0,3,5,2,6,5,0,0,0,0,0,0,3.0,11.0,1,13,475.0,96,5026.0,6,1,3,3,133
2134,1952,Graduation,Single,53700.0,0,1,,94,263.0,5.0,233.0,69.0,41.0,83.0,4,5,5,8,5,0,0,0,0,0,0,3.0,11.0,0,18,694.0,94,,6,1,4,4,144
1523,1973,Graduation,Married,59041.0,1,1,2014-07-05,25,69.0,2.0,15.0,2.0,2.0,6.0,2,2,0,4,5,0,0,0,0,0,0,3.0,11.0,0,6,96.0,25,4121.0,6,4,2,2,422
9665,1957,PhD,Divorced,54237.0,0,1,,48,267.0,3.0,30.0,4.0,0.0,57.0,4,5,2,5,6,0,0,0,0,0,0,3.0,11.0,0,12,361.0,48,,5,3,3,3,333
4640,1967,Graduation,Divorced,70647.0,0,1,,65,561.0,85.0,171.0,25.0,123.0,114.0,2,4,7,13,2,0,0,0,0,0,0,3.0,11.0,0,24,1079.0,65,,6,2,5,4,254
3635,1962,PhD,Single,52597.0,0,1,2014-07-05,69,492.0,0.0,37.0,7.0,0.0,42.0,3,6,3,8,5,0,0,0,0,0,0,3.0,11.0,0,17,578.0,69,4121.0,4,2,4,3,243
3547,1969,Master,Together,41021.0,1,0,,12,14.0,7.0,9.0,6.0,16.0,12.0,2,2,0,3,6,0,0,0,0,0,0,3.0,11.0,1,5,64.0,12,,6,5,1,2,512
2456,1975,PhD,Married,40233.0,0,1,,84,80.0,4.0,46.0,0.0,17.0,2.0,5,2,1,5,6,0,0,0,0,0,0,3.0,11.0,0,8,149.0,84,,5,1,2,2,122
5633,1980,Graduation,Married,50183.0,1,1,,47,97.0,12.0,84.0,13.0,10.0,15.0,7,3,1,6,5,0,0,0,0,0,0,3.0,11.0,0,10,231.0,47,,6,3,3,3,333
7801,1959,Graduation,Together,54753.0,0,1,2013-12-09,87,197.0,107.0,227.0,7.0,59.0,131.0,3,5,2,11,4,0,0,0,0,0,0,3.0,11.0,0,18,728.0,87,4329.0,6,1,4,4,144
10489,1973,Graduation,Married,92955.0,0,0,,35,693.0,21.0,925.0,31.0,24.0,84.0,1,6,7,9,2,0,0,1,1,0,0,3.0,11.0,1,22,1778.0,35,,6,4,5,5,455
7011,1973,Graduation,Married,33471.0,1,0,2012-12-10,47,43.0,2.0,27.0,0.0,9.0,12.0,3,3,0,4,7,0,0,0,0,0,0,3.0,11.0,0,7,93.0,47,4693.0,5,3,2,2,322
2620,1974,PhD,Married,34596.0,1,0,,48,14.0,0.0,2.0,0.0,0.0,7.0,1,1,0,2,8,0,0,0,0,0,0,3.0,11.0,1,3,23.0,48,,3,3,1,1,311
3933,1980,Graduation,Together,44010.0,1,0,,46,186.0,36.0,234.0,86.0,72.0,48.0,6,10,2,6,9,0,0,0,0,0,0,3.0,11.0,0,18,662.0,46,,6,3,4,4,344
10981,1988,Graduation,Married,84219.0,0,0,2014-02-02,27,434.0,137.0,400.0,45.0,137.0,45.0,1,3,4,10,1,0,0,0,0,0,0,3.0,11.0,0,17,1198.0,27,4274.0,6,4,4,5,445
1734,1968,PhD,Together,40706.0,2,1,,37,59.0,0.0,11.0,4.0,2.0,5.0,4,3,0,4,7,0,0,0,0,0,0,3.0,11.0,0,7,81.0,37,,5,4,2,2,422
10995,1988,2n Cycle,Married,15716.0,1,0,2012-12-11,8,16.0,5.0,30.0,8.0,7.0,26.0,3,3,0,4,8,0,0,0,0,0,1,3.0,11.0,0,7,92.0,8,4692.0,6,5,2,2,522
6357,1959,2n Cycle,Divorced,59052.0,0,1,,29,230.0,35.0,75.0,63.0,57.0,31.0,3,7,1,7,5,0,0,0,0,0,0,3.0,11.0,0,15,491.0,29,,6,4,4,3,443
9209,1971,Master,Together,80573.0,0,0,,85,829.0,138.0,430.0,60.0,92.0,15.0,1,4,6,13,2,0,0,0,0,0,0,3.0,11.0,0,23,1564.0,85,,6,1,5,5,155
10286,1962,Graduation,Married,83715.0,0,0,2014-03-02,2,318.0,8.0,407.0,150.0,35.0,8.0,1,2,8,13,0,0,0,0,0,0,0,3.0,11.0,0,23,926.0,2,4246.0,6,5,5,4,554
2611,1959,Master,Together,82576.0,0,0,2012-01-08,66,1206.0,55.0,445.0,168.0,18.0,18.0,1,2,4,12,1,0,0,1,0,0,0,3.0,11.0,0,18,1910.0,66,5030.0,6,2,4,5,245
1600,1965,Master,Married,56962.0,2,1,2013-11-10,60,292.0,3.0,77.0,10.0,3.0,26.0,7,6,3,5,7,0,0,0,0,0,0,3.0,11.0,0,14,411.0,60,4358.0,6,2,3,3,233
3308,1952,Graduation,Married,35704.0,1,1,2014-03-01,54,30.0,9.0,12.0,2.0,11.0,30.0,3,2,0,4,4,0,0,0,0,0,0,3.0,11.0,0,6,94.0,54,4247.0,6,3,2,2,322
5407,1954,Graduation,Together,53103.0,0,1,2013-12-09,70,729.0,17.0,133.0,11.0,0.0,195.0,5,10,6,7,7,1,0,0,0,0,0,3.0,11.0,0,23,1085.0,70,4329.0,5,2,5,4,254
2166,1960,2n Cycle,Widow,46779.0,1,1,2013-12-07,55,12.0,1.0,3.0,0.0,0.0,7.0,1,0,1,2,4,0,0,0,0,0,0,3.0,11.0,0,3,23.0,55,4331.0,4,3,1,1,311
3955,1965,Graduation,Divorced,4861.0,0,0,,20,2.0,1.0,1.0,1.0,0.0,1.0,0,0,0,0,14,0,0,0,0,0,0,3.0,11.0,0,0,6.0,20,,5,4,1,1,411
6634,1979,Master,Divorced,33462.0,1,0,2013-07-08,78,22.0,3.0,18.0,0.0,0.0,11.0,1,2,0,3,7,0,0,0,0,0,0,3.0,11.0,0,5,54.0,78,4483.0,4,2,1,1,211
3056,1978,Graduation,Divorced,63693.0,0,1,,63,587.0,43.0,337.0,42.0,87.0,54.0,3,11,6,9,6,0,0,0,0,0,0,3.0,11.0,0,26,1150.0,63,,6,2,5,4,254
5718,1950,Graduation,Married,80763.0,0,0,,17,674.0,168.0,108.0,192.0,42.0,231.0,1,5,11,6,3,0,0,1,1,0,0,3.0,11.0,1,22,1415.0,17,,6,5,5,5,555
6872,1974,PhD,Married,65352.0,0,1,,43,284.0,3.0,84.0,4.0,7.0,23.0,2,4,2,8,4,0,0,0,0,0,0,3.0,11.0,0,14,405.0,43,,6,3,3,3,333
8164,1978,PhD,Married,82170.0,0,0,,13,1023.0,93.0,651.0,49.0,55.0,37.0,1,5,6,7,2,0,0,0,0,0,0,3.0,11.0,0,18,1908.0,13,,6,5,4,5,545
4580,1969,Graduation,Married,75759.0,0,0,,46,1394.0,22.0,708.0,89.0,91.0,182.0,1,9,7,9,5,1,0,1,1,0,0,3.0,11.0,1,25,2486.0,46,,6,3,5,5,355
9305,1976,2n Cycle,Single,79689.0,0,0,2013-12-05,65,311.0,26.0,640.0,180.0,37.0,121.0,1,4,9,13,2,0,0,0,0,0,0,3.0,11.0,0,26,1315.0,65,4333.0,6,2,5,5,255
453,1956,PhD,Widow,35340.0,1,1,,1,27.0,0.0,12.0,0.0,1.0,5.0,2,2,0,3,5,0,0,0,0,0,0,3.0,11.0,0,5,45.0,1,,4,5,1,1,511
8545,1954,Graduation,Divorced,85683.0,0,0,,6,1296.0,17.0,311.0,45.0,69.0,51.0,1,2,4,10,1,0,1,1,1,1,0,3.0,11.0,1,16,1789.0,6,,6,5,4,5,545
9850,1972,2n Cycle,Married,24884.0,1,0,,32,3.0,6.0,7.0,0.0,0.0,3.0,1,0,0,3,7,0,0,0,0,0,0,3.0,11.0,0,3,19.0,32,,4,4,1,1,411
7378,1981,Master,Together,42021.0,1,0,,34,393.0,5.0,136.0,7.0,5.0,27.0,5,10,1,6,9,1,0,0,0,0,0,3.0,11.0,0,17,573.0,34,,6,4,4,3,443
7646,1989,Graduation,Single,64449.0,1,0,,70,218.0,63.0,282.0,137.0,35.0,70.0,4,5,3,12,4,0,0,0,0,0,0,3.0,11.0,0,20,805.0,70,,6,2,5,4,254
1640,1954,Graduation,Divorced,64587.0,1,1,,49,66.0,0.0,16.0,0.0,6.0,20.0,2,1,1,4,3,0,0,0,0,0,0,3.0,11.0,0,6,108.0,49,,4,3,2,2,322
5184,1995,Graduation,Single,34824.0,0,0,,65,4.0,2.0,11.0,2.0,0.0,4.0,1,1,0,2,6,0,0,0,0,0,0,3.0,11.0,0,3,23.0,65,,5,2,1,1,211
8492,1978,Graduation,Together,75437.0,0,0,2013-09-11,25,795.0,0.0,545.0,95.0,58.0,0.0,1,8,4,10,6,0,0,0,1,0,0,3.0,11.0,0,22,1493.0,25,4418.0,4,4,5,5,455
11188,1957,Graduation,Together,26091.0,1,1,,84,15.0,10.0,19.0,8.0,17.0,20.0,3,2,1,3,5,0,0,0,0,0,0,3.0,11.0,0,6,89.0,84,,6,1,2,2,122
1212,1973,Graduation,Married,52845.0,1,0,,7,384.0,25.0,292.0,130.0,41.0,64.0,3,8,8,6,6,1,0,0,0,0,0,3.0,11.0,0,22,936.0,7,,6,5,5,4,554
9097,1956,Graduation,Divorced,46086.0,0,1,2013-03-11,34,244.0,8.0,32.0,7.0,2.0,50.0,4,3,1,8,4,0,0,0,0,0,0,3.0,11.0,0,12,343.0,34,4602.0,6,4,3,3,433
10473,1956,PhD,Widow,78028.0,0,1,2012-10-09,38,158.0,19.0,288.0,25.0,0.0,38.0,1,6,4,9,7,0,1,1,0,0,0,3.0,11.0,1,19,528.0,38,4755.0,5,4,4,3,443
7962,1987,PhD,Single,95169.0,0,0,2013-09-10,1,1285.0,21.0,449.0,106.0,20.0,20.0,1,4,3,4,1,0,0,1,1,0,0,3.0,11.0,1,11,1901.0,1,4419.0,6,5,3,5,535
9984,1981,2n Cycle,Married,56337.0,1,1,,25,349.0,16.0,144.0,28.0,5.0,182.0,5,8,5,4,8,1,0,0,1,0,0,3.0,11.0,1,17,724.0,25,,6,4,4,4,444
5527,1987,Graduation,Together,22434.0,1,0,,25,4.0,12.0,11.0,3.0,13.0,15.0,2,2,0,3,8,0,0,0,0,0,0,3.0,11.0,0,5,58.0,25,,6,4,1,2,412
6374,1954,PhD,Married,36930.0,0,1,,50,223.0,2.0,31.0,0.0,2.0,39.0,5,5,2,4,8,0,0,0,0,0,0,3.0,11.0,0,11,297.0,50,,5,3,3,3,333
7453,1954,Graduation,Single,36130.0,0,1,2013-02-02,46,157.0,43.0,127.0,68.0,56.0,37.0,6,3,8,4,4,1,0,0,0,0,0,3.0,11.0,1,15,488.0,46,4639.0,6,3,4,3,343
8952,1953,Master,Married,65569.0,0,1,2012-05-11,96,397.0,46.0,288.0,20.0,38.0,70.0,2,6,5,10,3,0,0,0,0,0,0,3.0,11.0,0,21,859.0,96,4906.0,6,1,5,4,154
241,1952,Graduation,Together,83844.0,0,0,2013-12-05,57,901.0,31.0,345.0,75.0,31.0,191.0,1,4,4,11,1,0,0,1,0,0,0,3.0,11.0,0,19,1574.0,57,4333.0,6,3,4,5,345
8975,1968,Graduation,Married,19514.0,1,1,,47,14.0,3.0,21.0,2.0,1.0,28.0,4,3,1,2,8,1,0,0,0,0,0,3.0,11.0,0,6,69.0,47,,6,3,2,2,322
6119,1963,PhD,Single,36736.0,1,1,2013-10-05,52,10.0,0.0,3.0,0.0,0.0,4.0,1,1,0,2,6,0,0,0,0,0,0,3.0,11.0,0,3,17.0,52,4394.0,3,3,1,1,311
5236,1979,Graduation,Together,77568.0,0,1,,30,1230.0,0.0,396.0,232.0,178.0,158.0,1,10,2,8,5,0,1,1,1,0,0,3.0,11.0,0,20,2194.0,30,,5,4,5,5,455
5723,1976,PhD,Together,49187.0,0,1,2014-11-01,63,81.0,1.0,31.0,2.0,1.0,0.0,1,1,1,5,2,0,0,0,0,0,0,3.0,11.0,0,7,116.0,63,4002.0,5,2,2,2,222
1710,1978,Graduation,Single,30168.0,1,0,2013-07-03,51,154.0,20.0,66.0,0.0,12.0,27.0,7,6,1,4,9,0,0,0,0,0,0,3.0,11.0,0,11,279.0,51,4488.0,5,3,3,3,333
1970,1968,Master,Together,34053.0,0,1,2012-10-09,14,63.0,0.0,21.0,7.0,0.0,12.0,1,3,0,3,8,0,0,0,0,0,0,3.0,11.0,0,6,103.0,14,4755.0,4,5,2,2,522
5313,1971,Master,Married,38196.0,1,1,,20,30.0,0.0,11.0,0.0,0.0,3.0,3,2,0,4,5,0,0,0,0,0,0,3.0,11.0,0,6,44.0,20,,3,4,2,1,421
10634,1951,Master,Married,59412.0,0,0,,56,90.0,67.0,165.0,30.0,43.0,11.0,1,4,2,8,3,0,0,0,0,0,0,3.0,11.0,0,14,406.0,56,,6,3,3,3,333
7010,1965,2n Cycle,Married,70924.0,0,0,2014-07-04,41,635.0,114.0,254.0,132.0,152.0,76.0,1,6,6,7,3,0,0,1,0,0,0,3.0,11.0,0,19,1363.0,41,4122.0,6,3,4,5,345
8562,1969,Graduation,Together,54165.0,0,0,,72,127.0,4.0,73.0,15.0,6.0,11.0,1,2,1,7,2,0,0,0,0,0,0,3.0,11.0,0,10,236.0,72,,6,2,3,3,233
3158,1973,Graduation,Married,32300.0,1,0,2013-03-01,1,13.0,3.0,6.0,6.0,5.0,6.0,1,1,0,3,8,0,0,0,0,0,0,3.0,11.0,0,4,39.0,1,4612.0,6,5,1,1,511
4436,1976,Graduation,Single,20180.0,0,0,,27,18.0,42.0,24.0,15.0,20.0,18.0,1,2,1,4,7,0,0,0,0,0,0,3.0,11.0,0,7,137.0,27,,6,4,2,2,422
5287,1973,Graduation,Married,34961.0,1,0,,77,45.0,2.0,26.0,4.0,1.0,1.0,3,3,1,3,7,0,0,0,0,0,0,3.0,11.0,0,7,79.0,77,,6,2,2,2,222
2445,1974,PhD,Together,28440.0,1,0,2013-07-07,87,38.0,1.0,24.0,0.0,0.0,0.0,1,2,0,3,8,0,0,0,0,0,0,3.0,11.0,0,5,63.0,87,4484.0,3,1,1,2,112
6059,1953,PhD,Together,64504.0,1,2,2013-04-03,81,986.0,36.0,168.0,16.0,0.0,108.0,7,11,3,4,7,0,0,0,0,0,0,3.0,11.0,1,18,1314.0,81,4579.0,5,1,4,5,145
4550,1966,Master,Together,33564.0,0,1,,51,61.0,0.0,3.0,0.0,0.0,7.0,1,1,1,3,5,0,0,0,0,0,0,3.0,11.0,0,5,71.0,51,,3,3,1,2,312
4240,1978,Graduation,Married,17345.0,1,0,2012-03-11,79,4.0,9.0,16.0,17.0,0.0,12.0,2,2,1,2,8,0,0,0,0,0,0,3.0,11.0,0,5,58.0,79,4967.0,5,2,1,2,212
8911,1967,PhD,Married,56320.0,0,1,2013-08-04,11,201.0,53.0,172.0,116.0,77.0,83.0,3,5,4,9,4,0,0,0,0,0,0,3.0,11.0,0,18,702.0,11,4456.0,6,5,4,4,544
3706,1978,Graduation,Single,28647.0,1,0,,54,19.0,8.0,29.0,0.0,12.0,26.0,1,2,2,2,7,1,0,0,0,0,0,3.0,11.0,1,6,94.0,54,,5,3,2,2,322
3628,1987,Basic,Single,15038.0,1,0,,93,4.0,8.0,11.0,19.0,12.0,26.0,2,2,1,2,9,0,0,0,0,0,0,3.0,11.0,0,5,80.0,93,,6,1,1,2,112
10175,1958,PhD,Divorced,32173.0,0,1,2013-01-08,0,18.0,0.0,2.0,0.0,0.0,2.0,1,1,0,3,4,0,0,0,0,0,0,3.0,11.0,0,4,22.0,0,4664.0,3,5,1,1,511
8985,1964,2n Cycle,Together,68316.0,0,1,2012-04-11,54,806.0,80.0,161.0,120.0,11.0,33.0,5,10,7,10,6,0,0,0,0,0,0,3.0,11.0,0,27,1211.0,54,4936.0,6,3,5,5,355
5204,1971,Graduation,Together,74538.0,0,0,,21,380.0,98.0,733.0,110.0,112.0,28.0,1,8,8,5,3,0,0,1,0,0,0,3.0,11.0,1,21,1461.0,21,,6,4,5,5,455
9220,1971,Graduation,Single,91700.0,0,0,,58,576.0,172.0,961.0,125.0,115.0,19.0,1,8,6,5,3,0,0,0,0,0,0,3.0,11.0,1,19,1968.0,58,,6,3,4,5,345
9888,1969,Graduation,Together,68695.0,0,0,,3,458.0,81.0,356.0,106.0,50.0,40.0,1,4,4,7,2,0,0,0,0,0,0,3.0,11.0,0,15,1091.0,3,,6,5,4,4,544
5263,1977,2n Cycle,Married,31056.0,1,0,,99,5.0,10.0,13.0,3.0,8.0,16.0,1,1,0,3,8,0,0,0,0,0,0,3.0,11.0,0,4,55.0,99,,6,1,1,1,111
1020,1973,Graduation,Married,79593.0,0,0,2014-12-05,70,350.0,60.0,568.0,110.0,133.0,145.0,1,5,6,7,2,0,0,1,0,0,0,3.0,11.0,0,18,1366.0,70,3968.0,6,2,4,5,245
9503,1980,Graduation,Single,28071.0,0,0,,65,39.0,33.0,130.0,41.0,26.0,44.0,2,5,1,5,8,0,0,0,0,0,0,3.0,11.0,0,11,313.0,65,,6,2,3,3,233
10613,1958,PhD,Together,37334.0,1,1,,44,26.0,1.0,16.0,2.0,2.0,15.0,4,3,0,4,4,0,0,0,0,0,0,3.0,11.0,0,7,62.0,44,,6,3,2,2,322
67,1972,Master,Single,46423.0,1,1,,6,68.0,0.0,16.0,0.0,0.0,8.0,3,2,0,4,7,0,0,0,0,0,0,3.0,11.0,0,6,92.0,6,,3,5,2,2,522
6019,1971,PhD,Married,37126.0,1,0,,9,45.0,3.0,9.0,4.0,4.0,7.0,1,1,2,2,6,1,0,0,0,0,0,3.0,11.0,1,5,72.0,9,,6,5,1,2,512
5863,1953,Graduation,Married,47703.0,0,1,,95,359.0,0.0,134.0,13.0,26.0,123.0,4,6,3,8,5,0,0,0,0,0,0,3.0,11.0,0,17,655.0,95,,5,1,4,4,144
3717,1959,Graduation,Married,61180.0,0,1,,70,403.0,24.0,29.0,6.0,24.0,218.0,2,5,5,6,3,1,0,0,0,0,0,3.0,11.0,0,16,704.0,70,,6,2,4,4,244
6730,1954,Graduation,Married,38998.0,1,1,2012-03-11,92,34.0,1.0,14.0,0.0,0.0,5.0,3,2,0,3,8,0,0,0,0,0,1,3.0,11.0,0,5,54.0,92,4967.0,4,1,1,1,111
10749,1991,Graduation,Single,8028.0,0,0,,62,73.0,18.0,66.0,7.0,12.0,2.0,15,0,1,0,19,0,0,0,0,0,0,3.0,11.0,0,1,178.0,62,,6,2,1,2,212
4998,1962,Graduation,Together,76081.0,0,0,,85,292.0,30.0,415.0,63.0,33.0,200.0,1,4,5,4,2,0,0,0,1,0,0,3.0,11.0,0,13,1033.0,85,,6,1,3,4,134
6287,1986,Graduation,Together,34728.0,1,0,,2,14.0,0.0,16.0,0.0,0.0,6.0,1,1,1,2,6,0,0,0,0,0,0,3.0,11.0,1,4,36.0,2,,3,5,1,1,511
5985,1965,Master,Single,33168.0,0,1,,0,80.0,1.0,37.0,0.0,1.0,3.0,3,2,1,4,7,0,0,0,0,0,0,3.0,11.0,0,7,122.0,0,,5,5,2,2,522
4754,1966,Master,Married,33585.0,0,1,,91,30.0,11.0,33.0,13.0,6.0,29.0,1,2,0,4,4,0,0,0,0,0,0,3.0,11.0,0,6,122.0,91,,6,1,2,2,122
4002,1960,PhD,Married,77037.0,0,1,,3,463.0,96.0,333.0,168.0,53.0,10.0,1,7,7,12,3,0,0,0,0,0,0,3.0,11.0,0,26,1123.0,3,,6,5,5,4,554
8870,1984,Graduation,Together,35196.0,1,0,,68,75.0,12.0,141.0,43.0,39.0,187.0,6,6,1,5,8,0,0,0,0,0,0,3.0,11.0,1,12,497.0,68,,6,2,3,3,233
966,1966,Graduation,Married,44529.0,0,1,2013-05-07,98,538.0,13.0,91.0,17.0,6.0,26.0,6,6,2,11,5,0,1,0,0,0,0,3.0,11.0,0,19,691.0,98,4545.0,6,1,4,4,144
4767,1965,2n Cycle,Married,70924.0,0,0,2014-07-04,41,635.0,114.0,254.0,132.0,152.0,76.0,1,6,6,7,3,0,0,1,0,0,0,3.0,11.0,0,19,1363.0,41,4122.0,6,3,4,5,345
9725,1966,PhD,Together,28764.0,1,1,2014-05-06,16,8.0,0.0,3.0,0.0,0.0,1.0,1,1,0,2,8,1,0,0,0,0,0,3.0,11.0,0,3,12.0,16,4181.0,3,5,1,1,511
4475,1949,PhD,Married,69098.0,0,0,,82,1315.0,22.0,780.0,145.0,0.0,178.0,1,7,8,9,5,0,0,0,0,0,0,3.0,11.0,0,24,2440.0,82,,5,1,5,5,155
5740,1970,2n Cycle,Divorced,25959.0,1,1,,1,4.0,2.0,12.0,7.0,5.0,26.0,2,1,2,2,6,0,0,0,0,0,0,3.0,11.0,1,5,56.0,1,,6,5,1,2,512
5731,1983,Master,Married,27100.0,1,0,2013-05-04,64,12.0,0.0,13.0,2.0,0.0,10.0,1,1,0,3,7,0,0,0,0,0,0,3.0,11.0,0,4,37.0,64,4548.0,4,2,1,1,211
7290,1985,Graduation,Single,70596.0,0,0,2012-05-10,68,347.0,44.0,534.0,17.0,0.0,26.0,1,3,5,12,2,0,0,0,0,0,0,3.0,11.0,0,20,968.0,68,4907.0,5,2,5,4,254
3846,1974,Graduation,Married,42557.0,0,1,,98,192.0,5.0,53.0,0.0,5.0,15.0,4,6,1,4,8,0,0,0,0,0,0,3.0,11.0,0,11,270.0,98,,5,1,3,3,133
8104,1951,PhD,Married,53312.0,0,0,2013-09-08,32,241.0,0.0,12.0,0.0,0.0,25.0,1,5,1,5,7,0,0,0,0,0,0,3.0,11.0,0,11,278.0,32,4421.0,3,4,3,3,433
4507,1952,Graduation,Single,72228.0,0,0,,87,631.0,28.0,491.0,30.0,14.0,56.0,1,6,7,8,3,0,0,0,0,0,0,3.0,11.0,0,21,1250.0,87,,6,1,5,5,155
11013,1987,Graduation,Together,67605.0,0,0,,84,336.0,28.0,282.0,184.0,54.0,54.0,1,2,8,6,1,0,0,0,0,0,0,3.0,11.0,0,16,938.0,84,,6,1,4,4,144
4491,1949,Master,Married,62845.0,1,1,2012-01-10,3,1099.0,0.0,45.0,0.0,0.0,34.0,11,3,4,10,8,0,1,0,0,0,0,3.0,11.0,0,17,1178.0,3,5028.0,3,5,4,5,545
3759,1958,Graduation,Together,65196.0,0,2,,34,743.0,19.0,181.0,12.0,0.0,200.0,2,7,6,11,5,1,0,0,0,0,0,3.0,11.0,0,24,1155.0,34,,5,4,5,4,454
1162,1987,PhD,Single,42000.0,0,0,2013-10-01,23,124.0,83.0,267.0,85.0,59.0,35.0,2,5,2,11,5,0,0,0,0,0,0,3.0,11.0,1,18,653.0,23,4398.0,6,4,4,4,444
2055,1973,PhD,Divorced,35860.0,1,1,,37,15.0,0.0,8.0,4.0,2.0,20.0,2,1,1,2,5,1,0,0,0,0,0,3.0,11.0,0,4,49.0,37,,5,4,1,1,411
10766,1964,PhD,Married,65526.0,0,1,2014-11-04,22,397.0,19.0,69.0,12.0,0.0,9.0,1,4,4,8,2,0,0,0,0,0,0,3.0,11.0,0,16,506.0,22,3999.0,5,4,4,3,443
4415,1961,Graduation,Married,16860.0,1,1,2012-12-09,19,10.0,4.0,4.0,3.0,3.0,14.0,3,1,1,3,7,0,0,0,0,0,0,3.0,11.0,0,5,38.0,19,4694.0,6,5,1,1,511
3005,1992,Graduation,Single,83528.0,0,0,2014-01-05,7,530.0,117.0,678.0,134.0,44.0,147.0,1,4,10,8,1,1,0,0,1,0,0,3.0,11.0,1,22,1650.0,7,4302.0,6,5,5,5,555
2223,1965,2n Cycle,Divorced,64176.0,0,1,2012-03-08,52,1215.0,33.0,249.0,64.0,116.0,149.0,8,8,9,8,6,0,0,0,0,0,0,3.0,11.0,0,25,1826.0,52,4970.0,6,3,5,5,355
4817,1956,Graduation,Divorced,22304.0,0,0,2012-04-08,91,3.0,2.0,7.0,0.0,4.0,2.0,1,1,0,2,8,0,0,0,0,0,0,3.0,11.0,0,3,18.0,91,4939.0,5,1,1,1,111
2875,1978,Graduation,Married,67023.0,0,0,2014-04-03,93,444.0,44.0,382.0,11.0,8.0,17.0,1,3,7,13,2,0,0,0,0,0,1,3.0,11.0,0,23,906.0,93,4214.0,6,1,5,4,154
10536,1971,PhD,Together,32892.0,1,0,,78,26.0,0.0,15.0,2.0,1.0,2.0,2,3,0,3,8,0,0,0,0,0,0,3.0,11.0,0,6,46.0,78,,5,2,2,1,221
11112,1966,Graduation,Together,70713.0,0,1,2012-03-12,23,736.0,114.0,279.0,82.0,76.0,190.0,6,5,6,8,3,0,0,0,0,0,0,3.0,11.0,0,19,1477.0,23,4966.0,6,4,4,5,445
3807,1955,Graduation,Together,59925.0,0,1,,83,473.0,21.0,176.0,19.0,21.0,56.0,3,9,2,9,6,0,0,0,0,0,0,3.0,11.0,0,20,766.0,83,,6,1,5,4,154
9197,1953,Graduation,Married,39722.0,0,1,,92,32.0,0.0,5.0,2.0,0.0,8.0,2,2,0,3,5,0,0,0,0,0,0,3.0,11.0,0,5,47.0,92,,4,1,1,1,111
10832,1958,Graduation,Together,46610.0,0,0,,4,288.0,10.0,30.0,4.0,10.0,125.0,1,6,1,6,6,0,0,0,0,0,0,3.0,11.0,0,13,467.0,4,,6,5,3,3,533
6421,1961,Graduation,Together,88347.0,0,0,2013-03-07,32,1050.0,178.0,555.0,77.0,138.0,118.0,1,4,7,9,1,0,0,0,1,0,0,3.0,11.0,0,20,2116.0,32,4606.0,6,4,5,5,455
4207,1981,PhD,Married,87171.0,0,0,2013-01-05,27,1001.0,44.0,107.0,58.0,44.0,44.0,1,6,7,11,2,1,0,1,0,0,0,3.0,11.0,0,24,1298.0,27,4667.0,6,4,5,5,455
577,1976,2n Cycle,Together,26907.0,1,1,,10,9.0,1.0,7.0,0.0,3.0,2.0,2,1,0,3,7,0,0,0,0,0,0,3.0,11.0,0,4,22.0,10,,5,5,1,1,511
10855,1968,Master,Single,50014.0,1,0,,9,234.0,14.0,77.0,19.0,10.0,42.0,2,4,1,8,5,0,0,0,0,0,0,3.0,11.0,0,13,396.0,9,,6,5,3,3,533
3081,1978,PhD,Married,41014.0,1,0,,65,7.0,2.0,6.0,2.0,0.0,3.0,1,1,0,2,7,0,0,0,0,0,0,3.0,11.0,0,3,20.0,65,,5,2,1,1,211
3535,1965,Graduation,Single,66294.0,0,0,,68,251.0,108.0,334.0,65.0,92.0,117.0,1,4,3,5,2,0,0,0,0,0,0,3.0,11.0,0,12,967.0,68,,6,2,3,4,234
247,1971,Graduation,Married,36715.0,1,0,,16,172.0,10.0,125.0,21.0,13.0,16.0,6,7,2,4,9,0,0,0,0,0,0,3.0,11.0,1,13,357.0,16,,6,5,3,3,533
8707,1956,Graduation,Married,79456.0,0,0,,12,565.0,42.0,548.0,64.0,83.0,99.0,1,5,6,4,3,0,0,0,0,0,0,3.0,11.0,1,15,1401.0,12,,6,5,4,5,545
9523,1982,Graduation,Together,40479.0,1,0,,95,5.0,0.0,8.0,2.0,0.0,0.0,1,0,0,3,4,0,0,0,0,0,0,3.0,11.0,0,3,15.0,95,,3,1,1,1,111
6072,1970,Master,Single,75345.0,0,0,2013-02-02,16,918.0,57.0,842.0,99.0,38.0,133.0,1,5,8,6,3,0,0,0,1,0,0,3.0,11.0,1,19,2087.0,16,4639.0,6,5,4,5,545
6295,1977,Graduation,Married,54233.0,0,1,2013-04-02,46,652.0,8.0,158.0,21.0,0.0,142.0,4,11,6,5,8,0,0,0,0,0,0,3.0,11.0,0,22,981.0,46,4580.0,5,3,5,4,354
10914,1970,Graduation,Single,24163.0,1,1,2013-12-10,3,4.0,1.0,7.0,2.0,1.0,2.0,2,1,0,3,4,0,0,0,0,0,0,3.0,11.0,0,4,17.0,3,4328.0,6,5,1,1,511
1509,1958,PhD,Together,84460.0,0,0,2013-04-01,80,152.0,27.0,103.0,106.0,54.0,81.0,0,9,9,4,5,0,1,1,1,1,0,3.0,11.0,1,22,523.0,80,4581.0,6,1,5,3,153
5577,1983,Graduation,Together,43776.0,1,0,2014-03-05,77,8.0,0.0,9.0,2.0,1.0,3.0,1,1,0,2,6,0,0,0,0,0,0,3.0,11.0,0,3,23.0,77,4243.0,5,2,1,1,211
7348,1958,PhD,Single,71691.0,0,0,,0,336.0,130.0,411.0,240.0,32.0,43.0,1,4,7,5,2,0,0,0,0,0,0,3.0,11.0,1,16,1192.0,0,,6,5,4,5,545
1127,1973,PhD,Married,85844.0,0,0,,62,938.0,19.0,843.0,25.0,95.0,38.0,1,6,6,7,2,0,0,1,0,0,0,3.0,11.0,0,19,1958.0,62,,6,2,4,5,245
1833,1974,PhD,Single,39190.0,1,0,,91,68.0,8.0,18.0,19.0,8.0,12.0,2,2,1,4,5,0,0,0,0,0,0,3.0,11.0,0,7,133.0,91,,6,1,2,2,122
4944,1959,Graduation,Together,71367.0,0,0,,24,227.0,23.0,389.0,42.0,21.0,75.0,1,4,5,7,2,0,0,0,0,0,0,3.0,11.0,0,16,777.0,24,,6,4,4,4,444
9080,1972,PhD,Single,38578.0,1,1,,2,38.0,4.0,22.0,3.0,3.0,3.0,3,3,0,3,8,0,0,0,0,0,0,3.0,11.0,0,6,73.0,2,,6,5,2,2,522
6466,1965,PhD,Married,57236.0,1,1,2014-12-03,22,105.0,0.0,9.0,2.0,1.0,4.0,3,2,1,4,3,0,0,0,0,0,0,3.0,11.0,0,7,121.0,22,3970.0,5,4,2,2,422
9964,1979,Graduation,Single,61825.0,0,1,2013-07-08,56,162.0,50.0,100.0,55.0,30.0,27.0,1,4,2,8,4,0,0,0,0,0,0,3.0,11.0,0,14,424.0,56,4483.0,6,3,3,3,333
4790,1958,Graduation,Divorced,79803.0,0,1,2014-02-06,54,574.0,8.0,216.0,21.0,16.0,33.0,1,4,3,5,1,0,0,0,0,0,0,3.0,11.0,0,12,868.0,54,4270.0,6,3,3,4,334
10245,1986,2n Cycle,Single,80910.0,0,0,,71,160.0,80.0,369.0,67.0,39.0,41.0,1,3,3,8,1,0,0,0,0,0,0,3.0,11.0,0,14,756.0,71,,6,2,3,4,234
1109,1982,Master,Together,27590.0,1,0,,38,6.0,0.0,5.0,0.0,0.0,1.0,1,1,0,2,7,0,0,0,0,0,0,3.0,11.0,0,3,12.0,38,,3,4,1,1,411
6001,1979,Graduation,Married,56775.0,0,1,2013-02-01,62,614.0,35.0,160.0,58.0,35.0,35.0,2,5,8,10,5,0,0,0,0,0,0,3.0,11.0,0,23,937.0,62,4640.0,6,2,5,4,254
5538,1975,Graduation,Divorced,83829.0,0,0,2013-08-10,78,897.0,161.0,430.0,186.0,161.0,27.0,0,4,7,6,1,1,0,1,1,0,0,3.0,11.0,1,17,1862.0,78,4450.0,6,2,4,5,245
10552,1979,2n Cycle,Married,54210.0,0,1,,18,70.0,54.0,109.0,80.0,9.0,45.0,2,4,1,7,5,0,0,0,0,0,0,3.0,11.0,0,12,367.0,18,,6,5,3,3,533
1545,1986,Graduation,Married,38508.0,1,0,2013-02-08,95,120.0,19.0,206.0,25.0,19.0,54.0,6,7,2,5,8,0,0,0,0,0,0,3.0,11.0,0,14,443.0,95,4633.0,6,1,3,3,133
7409,1970,Graduation,Together,53187.0,1,0,,66,211.0,2.0,30.0,7.0,7.0,10.0,2,4,1,6,5,0,0,0,0,0,0,3.0,11.0,0,11,267.0,66,,6,2,3,3,233
4444,1972,Graduation,Married,30023.0,1,0,,28,11.0,0.0,16.0,7.0,6.0,21.0,1,2,0,3,8,0,0,0,0,0,0,3.0,11.0,0,5,61.0,28,,5,4,1,2,412
146,1960,PhD,Single,76045.0,0,0,,78,760.0,53.0,400.0,17.0,93.0,0.0,1,4,5,11,2,0,0,0,1,0,0,3.0,11.0,0,20,1323.0,78,,5,2,5,5,255
6271,1952,PhD,Married,50870.0,0,1,,13,53.0,0.0,8.0,0.0,0.0,2.0,1,2,0,3,5,0,0,0,0,0,0,3.0,11.0,0,5,63.0,13,,3,5,1,2,512
10065,1970,2n Cycle,Married,15315.0,0,0,2013-03-08,27,7.0,4.0,13.0,15.0,8.0,17.0,2,2,0,4,5,0,0,0,0,0,0,3.0,11.0,0,6,64.0,27,4605.0,6,4,2,2,422
4741,1974,2n Cycle,Married,65463.0,1,0,,17,391.0,32.0,70.0,21.0,32.0,16.0,2,6,2,9,5,0,1,0,0,0,0,3.0,11.0,0,17,562.0,17,,6,5,4,3,543
246,1965,Graduation,Married,66480.0,1,1,,71,199.0,9.0,57.0,20.0,21.0,6.0,7,4,1,7,4,0,0,0,0,0,0,3.0,11.0,0,12,312.0,71,,6,2,3,3,233
375,1954,Graduation,Divorced,76773.0,0,0,,79,516.0,56.0,449.0,86.0,33.0,16.0,1,2,2,11,1,0,0,0,0,0,0,3.0,11.0,0,15,1156.0,79,,6,2,4,4,244
1524,1983,2n Cycle,Single,81698.0,0,0,2013-01-03,1,709.0,45.0,115.0,30.0,160.0,45.0,1,8,2,5,5,0,0,0,1,0,0,3.0,11.0,1,15,1104.0,1,4669.0,6,5,4,4,544
10022,1973,PhD,Single,54466.0,1,1,2014-09-02,78,12.0,0.0,4.0,0.0,0.0,0.0,1,1,0,2,5,0,0,0,0,0,0,3.0,11.0,0,3,16.0,78,4062.0,2,2,1,1,211
7451,1960,Master,Single,98777.0,0,0,,23,1000.0,19.0,711.0,125.0,115.0,38.0,0,4,6,9,1,0,1,0,0,0,0,3.0,11.0,0,19,2008.0,23,,6,4,4,5,445
11010,1984,PhD,Single,16269.0,1,0,,75,19.0,3.0,18.0,3.0,1.0,0.0,3,3,0,3,8,0,0,0,0,0,0,3.0,11.0,0,6,44.0,75,,5,2,2,1,221
4356,1971,Graduation,Together,71819.0,0,1,,70,1224.0,28.0,140.0,0.0,14.0,168.0,3,3,3,5,6,0,1,1,0,0,0,3.0,11.0,0,11,1574.0,70,,5,2,3,5,235
3885,1983,PhD,Married,33569.0,1,0,,10,16.0,2.0,18.0,3.0,0.0,24.0,1,1,1,2,8,1,0,0,0,0,0,3.0,11.0,1,4,63.0,10,,5,5,1,2,512
1175,1983,Master,Married,36262.0,0,0,,24,88.0,39.0,54.0,64.0,28.0,153.0,1,3,5,3,6,1,0,0,0,0,0,3.0,11.0,1,11,426.0,24,,6,4,3,3,433
880,1966,Basic,Together,22634.0,0,0,,47,2.0,23.0,11.0,8.0,6.0,46.0,1,2,1,2,8,0,0,0,0,0,0,3.0,11.0,0,5,96.0,47,,6,3,1,2,312
2320,1978,2n Cycle,Married,47025.0,0,1,2013-12-09,98,508.0,11.0,59.0,23.0,5.0,29.0,5,11,1,6,9,0,0,0,0,0,0,3.0,11.0,0,18,635.0,98,4329.0,6,1,4,3,143
850,1968,Graduation,Single,70566.0,0,1,2013-06-10,4,381.0,28.0,215.0,84.0,28.0,21.0,2,6,5,9,3,0,0,0,0,0,0,3.0,11.0,0,20,757.0,4,4511.0,6,5,5,4,554
4713,1979,PhD,Married,31605.0,1,0,,15,74.0,0.0,42.0,2.0,1.0,6.0,2,2,1,4,7,0,0,0,0,0,0,3.0,11.0,0,7,125.0,15,,5,5,2,2,522
675,1973,Master,Divorced,52034.0,1,1,,67,146.0,0.0,93.0,7.0,13.0,73.0,5,4,2,5,7,0,0,0,0,0,0,3.0,11.0,0,11,332.0,67,,5,2,3,3,233
5025,1979,Graduation,Single,48526.0,1,0,,32,23.0,17.0,23.0,43.0,20.0,9.0,1,2,1,4,3,0,0,0,0,0,0,3.0,11.0,0,7,135.0,32,,6,4,2,2,422
2308,1954,Graduation,Married,46734.0,0,1,,40,110.0,5.0,137.0,26.0,23.0,29.0,2,6,1,5,7,0,0,0,0,0,0,3.0,11.0,0,12,330.0,40,,6,3,3,3,333
5995,1962,Graduation,Divorced,39552.0,1,1,,54,165.0,3.0,147.0,4.0,24.0,41.0,7,6,2,5,8,0,0,0,0,0,0,3.0,11.0,1,13,384.0,54,,6,3,3,3,333
6749,1966,Graduation,Single,86358.0,1,1,2012-08-08,78,957.0,47.0,494.0,82.0,47.0,95.0,4,5,3,6,8,0,0,0,0,0,0,3.0,11.0,0,14,1722.0,78,4817.0,6,2,3,5,235
1010,1977,Graduation,Together,46931.0,2,1,,94,41.0,0.0,17.0,3.0,1.0,16.0,2,1,1,3,3,0,0,0,0,0,0,3.0,11.0,0,5,78.0,94,,5,1,1,2,112
8977,1985,Basic,Single,16581.0,0,0,2013-12-01,51,1.0,3.0,4.0,2.0,3.0,11.0,1,0,0,3,4,0,0,0,0,0,0,3.0,11.0,0,3,24.0,51,4337.0,6,3,1,1,311
4756,1952,2n Cycle,Divorced,63998.0,0,0,,42,176.0,29.0,818.0,0.0,33.0,112.0,1,7,6,11,4,0,0,0,0,0,0,3.0,11.0,1,24,1168.0,42,,5,3,5,4,354
3412,1951,Master,Married,67381.0,0,1,,67,815.0,8.0,53.0,11.0,0.0,70.0,4,2,2,9,7,0,1,0,0,0,0,3.0,11.0,0,13,957.0,67,,5,2,3,4,234
606,1967,Graduation,Single,25930.0,1,1,2013-10-10,87,6.0,1.0,2.0,2.0,0.0,4.0,1,1,0,2,7,0,0,0,0,0,0,3.0,11.0,0,3,15.0,87,4389.0,5,1,1,1,111
5961,1978,Graduation,Married,42693.0,1,0,2014-07-06,29,8.0,4.0,20.0,6.0,3.0,16.0,1,1,0,3,5,0,0,0,0,0,0,3.0,11.0,0,4,57.0,29,4120.0,6,4,1,2,412
2975,1976,Graduation,Together,85606.0,0,1,2012-12-11,89,717.0,42.0,864.0,219.0,30.0,84.0,2,6,7,9,3,0,0,0,1,0,0,3.0,11.0,0,22,1956.0,89,4692.0,6,1,5,5,155
2894,1985,Graduation,Single,72903.0,0,0,,74,1067.0,138.0,750.0,0.0,19.0,39.0,1,7,5,8,4,0,1,1,1,0,0,3.0,11.0,1,20,2013.0,74,,5,2,5,5,255
7613,1974,2n Cycle,Together,49669.0,1,0,,97,166.0,5.0,107.0,11.0,8.0,29.0,2,5,1,6,6,0,0,0,0,0,0,3.0,11.0,0,12,326.0,97,,6,1,3,3,133
10542,1968,PhD,Married,36778.0,1,1,2012-05-08,63,29.0,4.0,34.0,2.0,4.0,4.0,3,3,0,3,9,0,0,0,0,0,0,3.0,11.0,0,6,77.0,63,4909.0,6,2,2,2,222
8015,1962,PhD,Divorced,85696.0,0,0,2013-03-05,88,714.0,76.0,395.0,116.0,0.0,12.0,1,4,6,9,1,0,0,0,0,0,0,3.0,11.0,1,19,1313.0,88,4608.0,5,1,4,5,145
10617,1989,Master,Divorced,10979.0,0,0,,34,8.0,4.0,10.0,2.0,2.0,4.0,2,3,0,3,5,0,0,0,0,0,0,3.0,11.0,0,6,30.0,34,,6,4,2,1,421
11166,1961,Graduation,Married,49678.0,0,1,2013-02-02,81,229.0,5.0,56.0,3.0,2.0,20.0,2,6,2,4,7,0,0,0,0,0,0,3.0,11.0,0,12,315.0,81,4639.0,6,1,3,3,133
849,1953,Master,Together,56129.0,0,1,,65,320.0,48.0,133.0,39.0,72.0,48.0,4,6,2,10,4,0,0,0,0,0,0,3.0,11.0,0,18,660.0,65,,6,2,4,4,244
523,1989,Graduation,Married,37155.0,1,0,,51,23.0,0.0,26.0,7.0,15.0,3.0,1,2,0,4,5,0,0,0,0,0,0,3.0,11.0,0,6,74.0,51,,5,3,2,2,322
4066,1978,2n Cycle,Divorced,21282.0,1,0,2014-11-05,76,1.0,5.0,8.0,4.0,8.0,20.0,2,2,1,2,6,0,0,0,0,0,0,3.0,11.0,0,5,46.0,76,3998.0,6,2,1,1,211
8414,1962,PhD,Single,33419.0,0,1,,76,56.0,0.0,12.0,0.0,0.0,18.0,2,2,0,4,7,0,0,0,0,0,0,3.0,11.0,0,6,86.0,76,,3,2,2,2,222
819,1945,Graduation,Widow,63285.0,0,0,2013-05-11,84,508.0,124.0,249.0,50.0,38.0,134.0,1,6,5,13,3,0,0,0,0,0,0,3.0,11.0,0,24,1103.0,84,4541.0,6,1,5,4,154
4961,1974,Master,Together,21255.0,1,0,,56,29.0,0.0,25.0,2.0,2.0,3.0,4,2,1,4,4,0,0,0,0,0,0,3.0,11.0,0,7,61.0,56,,5,3,2,2,322
749,1981,Graduation,Together,42162.0,1,0,,31,46.0,7.0,59.0,2.0,4.0,27.0,2,3,1,3,6,1,0,0,0,0,0,3.0,11.0,1,7,145.0,31,,6,4,2,2,422
5430,1956,Graduation,Together,54450.0,1,1,,0,454.0,0.0,171.0,8.0,19.0,32.0,12,9,2,8,8,0,0,0,0,0,0,3.0,11.0,0,19,684.0,0,,5,5,4,4,544
7755,1954,PhD,Married,57744.0,0,1,2013-12-11,91,350.0,3.0,39.0,0.0,0.0,19.0,2,9,1,4,8,0,0,0,0,0,0,3.0,11.0,0,14,411.0,91,4327.0,4,1,3,3,133
10525,1986,Graduation,Single,26576.0,1,0,,40,10.0,0.0,8.0,0.0,0.0,9.0,1,1,0,2,9,1,0,0,0,0,0,3.0,11.0,1,3,27.0,40,,3,3,1,1,311
1453,1943,PhD,Widow,57513.0,0,0,2013-06-07,59,735.0,40.0,183.0,52.0,20.0,30.0,2,9,3,13,6,0,0,0,0,0,0,3.0,11.0,0,25,1060.0,59,4514.0,6,2,5,4,254
8310,1964,Graduation,Together,68142.0,0,1,,96,897.0,126.0,196.0,91.0,112.0,37.0,3,10,4,7,6,0,0,0,0,0,0,3.0,11.0,0,21,1459.0,96,,6,1,5,5,155
10710,1979,Graduation,Married,7500.0,0,1,,61,5.0,2.0,3.0,3.0,0.0,5.0,1,1,0,2,8,0,0,0,0,0,0,3.0,11.0,0,3,18.0,61,,5,2,1,1,211
5031,1974,Graduation,Together,83145.0,0,0,,14,777.0,35.0,731.0,39.0,137.0,114.0,1,5,9,11,2,0,0,1,0,0,0,3.0,11.0,1,25,1833.0,14,,6,5,5,5,555
2613,1960,Master,Married,54197.0,0,1,2014-03-04,16,162.0,6.0,37.0,6.0,13.0,13.0,2,1,3,6,1,0,0,0,0,0,0,3.0,11.0,0,10,237.0,16,4244.0,6,5,3,3,533
213,1963,PhD,Single,23091.0,1,1,,98,35.0,0.0,11.0,0.0,0.0,2.0,4,2,1,3,7,0,0,0,0,0,0,3.0,11.0,0,6,48.0,98,,3,1,2,1,121
967,1976,Graduation,Married,46049.0,1,1,,11,342.0,9.0,112.0,19.0,14.0,19.0,10,5,2,9,7,0,0,0,0,0,0,3.0,11.0,1,16,515.0,11,,6,5,4,3,543
1077,1974,Graduation,Together,56715.0,0,0,2012-05-12,52,258.0,105.0,239.0,237.0,172.0,9.0,1,7,3,4,4,0,0,0,0,0,0,3.0,11.0,0,14,1020.0,52,4905.0,6,3,3,4,334
7959,1961,Graduation,Married,79410.0,0,0,,19,658.0,80.0,483.0,123.0,13.0,13.0,1,3,2,5,1,0,0,0,0,0,0,3.0,11.0,0,10,1370.0,19,,6,5,3,5,535
640,1951,Graduation,Married,57304.0,0,1,2013-11-03,61,356.0,80.0,329.0,138.0,17.0,106.0,2,7,6,10,5,0,0,0,0,0,0,3.0,11.0,0,23,1026.0,61,4365.0,6,2,5,4,254
4252,1965,Graduation,Married,44375.0,0,1,,73,213.0,5.0,28.0,7.0,7.0,41.0,1,4,1,6,5,0,0,0,0,0,0,3.0,11.0,0,11,301.0,73,,6,2,3,3,233
8432,1956,Graduation,Together,54450.0,1,1,,0,454.0,0.0,171.0,8.0,19.0,32.0,12,9,2,8,8,0,0,0,0,0,0,3.0,11.0,0,19,684.0,0,,5,5,4,4,544
6218,1965,Graduation,Married,59594.0,0,1,,74,457.0,4.0,29.0,0.0,0.0,9.0,1,8,1,7,7,0,1,0,0,0,0,3.0,11.0,0,16,499.0,74,,4,2,4,3,243
6905,1994,Graduation,Together,80685.0,0,0,,55,241.0,45.0,604.0,34.0,26.0,54.0,1,6,4,10,2,0,0,0,0,0,0,3.0,11.0,0,20,1004.0,55,,6,3,5,4,354
5922,1974,PhD,Married,40344.0,0,1,,48,210.0,0.0,6.0,0.0,0.0,2.0,2,4,1,5,7,0,0,0,0,0,0,3.0,11.0,0,10,218.0,48,,3,3,3,3,333
3598,1972,Graduation,Married,62710.0,0,1,,53,441.0,35.0,83.0,7.0,29.0,11.0,4,4,2,12,4,0,0,0,0,0,0,3.0,11.0,0,18,606.0,53,,6,3,4,3,343
6116,1968,2n Cycle,Married,48985.0,0,1,2013-05-07,13,19.0,13.0,18.0,10.0,7.0,8.0,1,1,1,3,3,0,0,0,0,0,0,3.0,11.0,0,5,75.0,13,4545.0,6,5,1,2,512
6263,1968,Graduation,Together,35322.0,1,2,,34,28.0,9.0,37.0,12.0,7.0,13.0,3,2,0,4,8,0,0,0,0,0,0,3.0,11.0,0,6,106.0,34,,6,4,2,2,422
10486,1948,Graduation,Married,77142.0,0,0,,54,476.0,75.0,162.0,29.0,151.0,97.0,1,4,4,8,2,0,0,0,0,0,0,3.0,11.0,0,16,990.0,54,,6,3,4,4,344
2410,1969,Graduation,Single,81657.0,0,0,,69,364.0,40.0,425.0,158.0,60.0,50.0,1,3,4,8,1,0,0,0,0,0,0,3.0,11.0,0,15,1097.0,69,,6,2,4,4,244
193,1996,Basic,Married,14421.0,0,0,,81,0.0,0.0,2.0,3.0,3.0,8.0,1,1,0,2,5,1,0,0,0,0,0,3.0,11.0,0,3,16.0,81,,4,1,1,1,111
3363,1974,2n Cycle,Married,20130.0,0,0,,99,0.0,6.0,3.0,7.0,6.0,12.0,1,1,0,3,8,0,0,0,0,0,0,3.0,11.0,0,4,34.0,99,,5,1,1,1,111
8278,1990,PhD,Married,74214.0,0,0,,3,863.0,83.0,547.0,86.0,99.0,33.0,1,8,2,5,5,0,0,0,0,0,0,3.0,11.0,0,15,1711.0,3,,6,5,4,5,545
10660,1957,Master,Married,66726.0,1,1,2014-12-01,61,349.0,7.0,35.0,0.0,0.0,47.0,3,8,2,4,7,0,1,0,0,0,0,3.0,11.0,0,14,438.0,61,3972.0,4,2,3,3,233
8686,1979,Basic,Together,23724.0,1,0,2013-08-01,65,5.0,23.0,15.0,0.0,18.0,14.0,2,2,0,3,8,0,0,0,0,0,0,3.0,11.0,0,5,75.0,65,4459.0,5,2,1,2,212
1604,1960,Master,Married,47353.0,0,1,,93,184.0,2.0,19.0,8.0,8.0,4.0,3,2,2,6,5,0,0,0,0,0,0,3.0,11.0,0,10,225.0,93,,6,1,3,3,133
5907,1952,Master,Married,33444.0,1,1,2012-03-11,24,8.0,0.0,8.0,0.0,0.0,2.0,1,1,0,2,8,0,0,0,0,0,0,3.0,11.0,0,3,18.0,24,4967.0,3,4,1,1,411
10669,1981,Graduation,Married,54386.0,0,1,,8,277.0,21.0,64.0,62.0,21.0,25.0,2,3,2,10,3,0,0,0,0,0,0,3.0,11.0,0,15,470.0,8,,6,5,4,3,543
2918,1981,Graduation,Divorced,28510.0,1,1,,72,44.0,5.0,19.0,0.0,4.0,19.0,3,2,0,4,5,0,0,0,0,0,0,3.0,11.0,0,6,91.0,72,,5,2,2,2,222
5735,1991,Master,Single,90638.0,0,0,,29,1156.0,120.0,915.0,94.0,144.0,96.0,1,3,4,10,1,0,0,1,0,0,0,3.0,11.0,0,17,2525.0,29,,6,4,4,5,445
359,1950,Graduation,Together,48070.0,0,1,,33,373.0,14.0,83.0,6.0,9.0,19.0,3,8,2,6,7,0,0,0,0,0,1,3.0,11.0,0,16,504.0,33,,6,4,4,3,443
8387,1957,Graduation,Married,43140.0,0,1,2013-05-01,68,134.0,8.0,76.0,6.0,0.0,11.0,1,4,1,5,6,0,0,0,0,0,0,3.0,11.0,0,10,235.0,68,4551.0,5,2,3,3,233
1829,1961,PhD,Divorced,54959.0,0,1,,55,1148.0,0.0,60.0,0.0,0.0,24.0,3,9,5,4,7,0,1,0,0,0,0,3.0,11.0,1,18,1232.0,55,,3,3,4,5,345
3839,1958,Basic,Single,15056.0,1,1,2013-03-05,76,6.0,12.0,3.0,21.0,6.0,40.0,5,2,2,3,5,0,0,0,0,0,0,3.0,11.0,0,7,88.0,76,4608.0,6,2,2,2,222
9392,1971,Graduation,Single,26954.0,1,0,2014-08-05,17,4.0,1.0,11.0,0.0,0.0,1.0,1,1,0,2,7,0,0,0,0,0,0,3.0,11.0,0,3,17.0,17,4090.0,4,5,1,1,511
2292,1985,Graduation,Single,22327.0,1,0,2013-02-08,94,5.0,4.0,8.0,2.0,0.0,5.0,1,1,0,3,5,0,0,0,0,0,0,3.0,11.0,0,4,24.0,94,4633.0,5,1,1,1,111
10466,1965,Graduation,Married,44393.0,1,1,,86,24.0,2.0,20.0,2.0,2.0,10.0,2,1,0,4,4,0,0,0,0,0,0,3.0,11.0,0,5,60.0,86,,6,1,1,2,112
9855,1952,PhD,Single,62000.0,0,1,,25,899.0,0.0,101.0,0.0,0.0,20.0,1,6,6,13,4,0,0,0,1,0,0,3.0,11.0,0,25,1020.0,25,,3,4,5,4,454
4088,1962,PhD,Together,31497.0,0,1,2012-06-12,22,108.0,1.0,28.0,13.0,1.0,4.0,2,3,1,4,8,0,0,0,0,0,0,3.0,11.0,0,8,155.0,22,4874.0,6,4,2,2,422
5231,1974,2n Cycle,Married,45894.0,0,2,,15,27.0,2.0,7.0,0.0,2.0,13.0,1,1,0,3,5,0,0,0,0,0,0,3.0,11.0,0,4,51.0,15,,5,5,1,1,511
590,1970,Master,Divorced,78579.0,0,0,,35,816.0,66.0,549.0,216.0,66.0,99.0,1,5,6,4,3,0,0,0,0,0,0,3.0,11.0,1,15,1812.0,35,,6,4,4,5,445
8732,1969,Master,Widow,67369.0,0,1,,81,1298.0,0.0,70.0,37.0,14.0,42.0,4,7,4,10,4,0,1,1,0,0,0,3.0,11.0,1,21,1461.0,81,,5,1,5,5,155
2315,1960,Graduation,Divorced,58401.0,0,1,,55,10.0,0.0,11.0,17.0,29.0,29.0,1,1,2,2,4,0,0,0,0,0,0,3.0,11.0,0,5,96.0,55,,5,3,1,2,312
3515,1952,Graduation,Single,62307.0,0,1,,94,87.0,13.0,34.0,10.0,6.0,10.0,1,4,0,4,5,0,0,0,0,0,0,3.0,11.0,0,8,160.0,94,,6,1,2,2,122
2245,1969,Master,Married,43641.0,1,1,,50,57.0,2.0,51.0,4.0,2.0,23.0,3,2,1,4,6,0,0,0,0,0,0,3.0,11.0,0,7,139.0,50,,6,3,2,2,322
6283,1968,Master,Divorced,63841.0,0,1,,64,635.0,15.0,100.0,20.0,7.0,131.0,1,9,3,9,6,0,0,0,0,0,0,3.0,11.0,0,21,908.0,64,,6,2,5,4,254
2246,1965,2n Cycle,Married,46891.0,0,1,2013-01-09,91,43.0,12.0,23.0,29.0,15.0,61.0,1,2,1,4,4,0,0,0,0,0,0,3.0,11.0,0,7,183.0,91,4663.0,6,1,2,2,122
6606,1969,Master,Married,70091.0,1,0,,11,964.0,34.0,137.0,15.0,0.0,11.0,2,5,2,10,8,0,1,0,0,0,0,3.0,11.0,0,17,1161.0,11,,5,5,4,4,544
5545,1972,PhD,Married,78075.0,0,0,2014-05-04,72,572.0,8.0,259.0,34.0,35.0,80.0,1,3,5,5,1,0,0,0,0,0,0,3.0,11.0,0,13,988.0,72,4183.0,6,2,3,4,234
7342,1961,2n Cycle,Widow,59184.0,0,1,2012-09-09,6,341.0,142.0,113.0,259.0,151.0,66.0,3,6,6,12,5,0,0,0,0,0,0,3.0,11.0,0,24,1072.0,6,4785.0,6,5,5,4,554
837,1977,Graduation,Married,54809.0,1,1,2013-11-09,0,63.0,6.0,57.0,13.0,13.0,22.0,4,2,1,5,4,0,0,0,0,0,0,3.0,11.0,0,8,174.0,0,4359.0,6,5,2,2,522
9500,1959,Graduation,Married,58113.0,0,1,,66,221.0,104.0,169.0,102.0,78.0,84.0,3,9,2,8,7,0,0,0,0,0,1,3.0,11.0,0,19,758.0,66,,6,2,4,4,244
3602,1958,Master,Married,51412.0,0,1,,42,140.0,3.0,29.0,4.0,5.0,14.0,2,3,2,4,4,0,0,0,0,0,0,3.0,11.0,0,9,195.0,42,,6,3,3,3,333
234,1979,Graduation,Divorced,15287.0,1,0,2012-10-10,60,1.0,2.0,8.0,4.0,3.0,13.0,2,1,1,2,7,1,0,0,0,0,0,3.0,11.0,1,4,31.0,60,4754.0,6,2,1,1,211
2995,1957,Master,Together,66636.0,0,0,,64,291.0,10.0,689.0,84.0,10.0,0.0,1,3,4,9,1,0,0,0,0,0,0,3.0,11.0,0,16,1084.0,64,,5,2,4,4,244
1118,1956,Master,Married,50965.0,0,1,,87,544.0,13.0,85.0,8.0,6.0,29.0,3,10,4,5,8,1,0,0,0,0,0,3.0,11.0,0,19,685.0,87,,6,1,4,4,144
7789,1965,PhD,Married,84618.0,0,0,,96,684.0,100.0,801.0,21.0,66.0,0.0,1,6,9,10,2,0,0,1,0,0,0,3.0,11.0,0,25,1672.0,96,,5,1,5,5,155
3068,1990,Graduation,Married,18351.0,0,0,,1,1.0,12.0,9.0,0.0,14.0,7.0,1,2,0,3,7,0,0,0,0,0,0,3.0,11.0,0,5,43.0,1,,5,5,1,1,511
8955,1957,PhD,Together,40451.0,0,2,,54,35.0,0.0,4.0,0.0,0.0,10.0,1,1,1,2,5,1,0,0,0,0,0,3.0,11.0,0,4,49.0,54,,3,3,1,1,311
945,1965,Graduation,Together,36317.0,0,1,,53,87.0,3.0,25.0,3.0,2.0,13.0,2,3,0,4,7,0,0,0,0,0,0,3.0,11.0,0,7,133.0,53,,6,3,2,2,322
5644,1957,Graduation,Together,42213.0,0,1,2013-12-10,96,309.0,3.0,24.0,4.0,3.0,20.0,2,5,1,7,7,0,1,0,0,0,0,3.0,11.0,0,13,363.0,96,4328.0,6,1,3,3,133
7192,1955,Graduation,Together,65748.0,0,1,,58,172.0,73.0,93.0,95.0,78.0,34.0,2,2,4,10,1,0,0,0,0,0,1,3.0,11.0,0,16,545.0,58,,6,3,4,3,343
2324,1972,Graduation,Together,77044.0,0,1,,12,625.0,38.0,242.0,50.0,34.0,76.0,2,7,11,11,4,1,0,0,0,0,0,3.0,11.0,0,29,1065.0,12,,6,5,5,4,554
697,1969,Graduation,Together,74918.0,0,0,2013-12-03,78,972.0,59.0,913.0,25.0,19.0,59.0,1,5,9,6,3,0,0,1,0,0,0,3.0,11.0,0,20,2047.0,78,4335.0,6,2,5,5,255
3439,1972,Graduation,Married,56721.0,1,1,,64,157.0,6.0,39.0,6.0,13.0,75.0,5,4,1,5,6,0,0,0,0,0,0,3.0,11.0,0,10,296.0,64,,6,2,3,3,233
1506,1975,Graduation,Single,42160.0,1,1,,26,48.0,9.0,45.0,3.0,15.0,20.0,4,2,1,4,6,0,0,0,0,0,0,3.0,11.0,1,7,140.0,26,,6,4,2,2,422
232,1965,Graduation,Single,61559.0,0,1,,8,279.0,83.0,88.0,32.0,14.0,34.0,1,4,2,10,3,0,0,0,0,0,0,3.0,11.0,0,16,530.0,8,,6,5,4,3,543
8876,1963,PhD,Together,33629.0,1,1,2012-08-08,49,132.0,0.0,16.0,0.0,0.0,4.0,5,3,1,4,9,0,0,0,0,0,0,3.0,11.0,0,8,152.0,49,4817.0,3,3,2,2,322
4500,1991,PhD,Together,68682.0,0,0,2013-06-10,56,919.0,0.0,505.0,99.0,30.0,45.0,1,4,9,10,2,0,0,0,0,0,0,3.0,11.0,0,23,1598.0,56,4511.0,5,3,5,5,355
9739,1963,Graduation,Single,34377.0,0,1,,55,62.0,0.0,22.0,3.0,1.0,26.0,2,2,2,2,7,0,0,0,0,0,0,3.0,11.0,0,6,114.0,55,,5,3,2,2,322
10395,1986,Basic,Single,8940.0,1,0,,25,1.0,45.0,3.0,4.0,6.0,42.0,3,3,1,3,8,0,0,0,0,0,0,3.0,11.0,0,7,101.0,25,,6,4,2,2,422
1176,1973,Graduation,Married,26228.0,1,0,,50,2.0,6.0,4.0,3.0,1.0,9.0,1,1,0,2,8,0,0,0,0,0,0,3.0,11.0,0,3,25.0,50,,6,3,1,1,311
1627,1957,2n Cycle,Divorced,77297.0,0,0,,84,408.0,61.0,109.0,48.0,122.0,41.0,1,5,7,9,4,0,0,0,1,0,0,3.0,11.0,0,21,789.0,84,,6,1,5,4,154
938,1981,Graduation,Married,40211.0,1,1,,30,51.0,1.0,7.0,2.0,1.0,25.0,2,2,1,2,8,1,0,0,0,0,0,3.0,11.0,0,5,87.0,30,,6,4,2,2,422
2740,1958,PhD,Widow,33438.0,1,1,,81,62.0,1.0,16.0,3.0,2.0,6.0,4,2,1,4,5,0,0,0,0,0,0,3.0,11.0,0,7,90.0,81,,6,1,2,2,122
257,1959,PhD,Married,75032.0,0,1,,74,952.0,12.0,180.0,47.0,12.0,12.0,2,5,4,9,3,0,0,0,0,0,0,3.0,11.0,0,18,1215.0,74,,6,2,4,5,245
4058,1955,PhD,Single,61284.0,0,0,2013-12-10,76,618.0,15.0,106.0,20.0,7.0,45.0,1,11,2,8,6,0,1,0,0,0,0,3.0,11.0,0,21,811.0,76,4328.0,6,2,5,4,254
7736,1986,Graduation,Married,22518.0,1,0,,36,11.0,7.0,12.0,2.0,2.0,27.0,2,2,1,2,5,1,0,0,0,0,0,3.0,11.0,1,5,61.0,36,,6,4,2,2,422
8210,1975,Master,Married,54730.0,0,1,,64,318.0,3.0,17.0,4.0,7.0,56.0,5,4,1,8,4,0,0,0,0,0,0,3.0,11.0,0,13,405.0,64,,6,2,3,3,233
833,1955,Master,Married,38452.0,1,1,,62,56.0,0.0,14.0,0.0,0.0,2.0,3,3,0,3,7,0,0,0,0,0,0,3.0,11.0,0,6,72.0,62,,3,2,2,2,222
6230,1971,Graduation,Divorced,44421.0,1,1,,53,110.0,5.0,59.0,7.0,1.0,7.0,5,5,0,4,8,0,0,0,0,0,0,3.0,11.0,0,9,189.0,53,,6,3,3,2,332
7325,1986,PhD,Together,38197.0,1,0,,86,23.0,0.0,11.0,2.0,1.0,3.0,1,1,0,3,5,0,0,0,0,0,0,3.0,11.0,0,4,40.0,86,,5,1,1,1,111
1307,1978,Graduation,Divorced,41986.0,0,1,2014-09-02,15,27.0,5.0,8.0,8.0,3.0,12.0,3,3,0,4,4,0,0,0,0,0,0,3.0,11.0,0,7,63.0,15,4062.0,6,5,2,2,522
1502,1983,Graduation,Together,28427.0,1,0,,67,18.0,3.0,19.0,3.0,3.0,6.0,2,2,0,3,8,0,0,0,0,0,0,3.0,11.0,0,5,52.0,67,,6,2,2,1,221
6211,1976,PhD,Together,37395.0,1,0,2014-02-05,47,18.0,0.0,9.0,0.0,1.0,11.0,1,1,0,3,6,0,0,0,0,0,0,3.0,11.0,0,4,39.0,47,4271.0,4,3,1,1,311
843,1971,Graduation,Married,64722.0,1,0,,47,303.0,0.0,280.0,60.0,147.0,15.0,4,8,2,11,6,0,0,0,0,0,0,3.0,11.0,0,21,805.0,47,,5,3,5,4,354
4174,1956,Master,Together,55249.0,0,1,,81,97.0,1.0,19.0,2.0,0.0,11.0,1,2,1,4,3,0,0,0,0,0,0,3.0,11.0,0,7,130.0,81,,5,1,2,2,122
9757,1972,Graduation,Together,84906.0,0,0,2013-04-10,98,997.0,15.0,414.0,99.0,30.0,76.0,1,5,6,12,2,0,1,1,0,1,0,3.0,11.0,0,23,1631.0,98,4572.0,6,1,5,5,155
6918,1989,Graduation,Married,28691.0,1,0,2013-04-07,56,5.0,4.0,13.0,8.0,0.0,4.0,1,1,0,3,8,0,0,0,0,0,0,3.0,11.0,0,4,34.0,56,4575.0,5,3,1,1,311
286,1952,Graduation,Single,44213.0,1,1,,48,95.0,11.0,35.0,0.0,4.0,7.0,4,2,1,5,6,0,0,0,0,0,0,3.0,11.0,0,8,152.0,48,,5,3,2,2,322
11086,1984,Basic,Single,25707.0,1,0,,18,1.0,6.0,2.0,3.0,6.0,3.0,1,1,0,3,7,0,0,0,0,0,0,3.0,11.0,0,4,21.0,18,,6,5,1,1,511
1921,1967,PhD,Married,59062.0,2,1,2013-03-10,74,46.0,1.0,12.0,3.0,0.0,9.0,2,2,0,3,4,0,0,0,0,0,0,3.0,11.0,0,5,71.0,74,4603.0,5,2,2,2,222
4138,1962,Graduation,Single,76624.0,0,1,,68,411.0,106.0,147.0,54.0,115.0,66.0,1,5,10,7,1,1,0,0,0,0,0,3.0,11.0,0,22,899.0,68,,6,2,5,4,254
7718,1947,Master,Together,66000.0,0,0,,36,244.0,51.0,270.0,101.0,0.0,45.0,1,1,3,5,1,0,0,0,0,0,0,3.0,11.0,0,9,711.0,36,,5,4,3,4,434
1291,1978,PhD,Together,27683.0,1,0,2012-04-08,90,152.0,9.0,121.0,12.0,12.0,45.0,4,6,2,4,8,0,0,0,0,0,0,3.0,11.0,0,12,351.0,90,4939.0,6,1,3,3,133
6862,1971,Graduation,Divorced,1730.0,0,0,,65,1.0,1.0,3.0,1.0,1.0,1.0,15,0,0,0,20,0,0,0,0,0,0,3.0,11.0,0,0,8.0,65,,6,2,1,1,211
4136,1992,Basic,Single,7500.0,1,0,2012-03-12,63,10.0,17.0,18.0,8.0,26.0,40.0,4,3,2,2,9,0,0,0,0,0,0,3.0,11.0,0,7,119.0,63,4966.0,6,2,2,2,222
803,1968,Graduation,Together,40521.0,1,1,2013-05-04,82,12.0,0.0,5.0,0.0,0.0,4.0,1,0,1,2,5,0,0,0,0,0,0,3.0,11.0,0,3,21.0,82,4548.0,3,1,1,1,111
4298,1973,PhD,Together,20427.0,1,0,,63,5.0,0.0,4.0,0.0,0.0,1.0,1,1,0,2,8,0,0,0,0,0,0,3.0,11.0,0,3,10.0,63,,3,2,1,1,211
10833,1975,Graduation,Married,65106.0,0,1,,55,790.0,19.0,133.0,12.0,0.0,19.0,3,8,3,13,6,0,1,0,0,0,0,3.0,11.0,0,24,973.0,55,,5,3,5,4,354
9606,1965,PhD,Married,69969.0,0,0,,64,882.0,29.0,514.0,38.0,29.0,44.0,1,4,2,6,3,0,0,1,1,0,0,3.0,11.0,1,12,1536.0,64,,6,2,3,5,235
8534,1952,Graduation,Married,67433.0,0,2,,51,615.0,28.0,259.0,12.0,48.0,30.0,4,6,5,13,4,0,1,0,0,0,0,3.0,11.0,0,24,992.0,51,,6,3,5,4,354
5153,1967,PhD,Married,77766.0,0,1,,97,1004.0,59.0,265.0,115.0,59.0,27.0,2,11,10,11,6,1,0,0,0,0,0,3.0,11.0,1,32,1529.0,97,,6,1,5,5,155
961,1972,Graduation,Married,74716.0,0,1,2013-12-09,92,133.0,27.0,421.0,13.0,195.0,71.0,2,7,3,5,4,0,0,0,0,0,0,3.0,11.0,0,15,860.0,92,4329.0,6,1,4,4,144
5011,1963,Graduation,Divorced,68118.0,0,1,,51,595.0,23.0,123.0,10.0,23.0,154.0,2,8,9,4,6,0,0,0,0,0,0,3.0,11.0,0,21,928.0,51,,6,3,5,4,354
6653,1970,PhD,Married,55158.0,1,1,,72,293.0,0.0,87.0,4.0,11.0,23.0,4,7,2,5,7,0,0,0,0,0,0,3.0,11.0,1,14,418.0,72,,5,2,3,3,233
9094,1955,2n Cycle,Married,62972.0,0,1,2012-03-08,39,313.0,15.0,47.0,20.0,0.0,192.0,2,7,4,3,6,0,0,0,0,0,0,3.0,11.0,1,14,587.0,39,4970.0,5,4,3,3,433
810,1975,Graduation,Married,74190.0,0,1,2014-12-05,49,151.0,81.0,86.0,168.0,91.0,64.0,2,4,2,11,2,0,0,0,0,0,0,3.0,11.0,0,17,641.0,49,3968.0,6,3,4,4,344
5493,1976,Graduation,Married,39356.0,1,1,,21,15.0,0.0,2.0,0.0,0.0,6.0,1,1,0,2,6,1,0,0,0,0,0,3.0,11.0,0,3,23.0,21,,3,4,1,1,411
2147,1969,Graduation,Together,76653.0,0,0,,91,736.0,63.0,946.0,219.0,189.0,126.0,1,4,7,11,2,0,0,1,1,0,0,3.0,11.0,0,22,2279.0,91,,6,1,5,5,155
5107,1973,PhD,Divorced,35860.0,1,1,,37,15.0,0.0,8.0,4.0,2.0,20.0,2,1,1,2,5,1,0,0,0,0,0,3.0,11.0,0,4,49.0,37,,5,4,1,1,411
3979,1983,PhD,Divorced,90687.0,0,0,,98,982.0,17.0,672.0,23.0,34.0,51.0,1,6,2,8,2,0,0,1,0,0,0,3.0,11.0,1,16,1779.0,98,,6,1,4,5,145
6049,1982,Master,Together,73450.0,0,0,2013-05-12,85,1142.0,51.0,415.0,90.0,69.0,37.0,1,7,8,11,3,1,0,0,1,0,0,3.0,11.0,0,26,1804.0,85,4540.0,6,1,5,5,155
8147,1960,Graduation,Married,31454.0,1,1,2013-06-07,40,28.0,0.0,11.0,0.0,0.0,9.0,3,2,0,3,8,0,0,0,0,0,0,3.0,11.0,0,5,48.0,40,4514.0,3,3,2,1,321
1857,1952,Graduation,Single,47139.0,1,1,2014-06-03,2,46.0,0.0,12.0,0.0,2.0,23.0,2,2,1,2,7,0,0,0,0,0,0,3.0,11.0,1,5,83.0,2,4153.0,4,5,2,2,522
3910,1975,Graduation,Divorced,83829.0,0,0,2013-08-10,78,897.0,161.0,430.0,186.0,161.0,27.0,0,4,7,6,1,1,0,1,1,0,0,3.0,11.0,1,17,1862.0,78,4450.0,6,2,4,5,245
5207,1963,PhD,Married,53378.0,1,1,,41,489.0,6.0,152.0,8.0,6.0,132.0,10,9,4,6,8,0,0,0,0,0,0,3.0,11.0,1,19,793.0,41,,6,3,4,4,344
11114,1970,Graduation,Together,19656.0,1,0,2013-08-02,94,25.0,4.0,9.0,6.0,8.0,32.0,3,2,1,3,7,0,0,0,0,0,0,3.0,11.0,0,6,84.0,94,4458.0,6,1,2,2,122
5429,1948,PhD,Married,45579.0,0,1,,10,145.0,1.0,33.0,2.0,1.0,1.0,1,4,1,4,6,0,0,0,0,0,0,3.0,11.0,0,9,183.0,10,,6,5,3,2,532
9400,1958,2n Cycle,Single,85485.0,0,0,,73,630.0,26.0,611.0,44.0,18.0,54.0,1,6,6,6,2,0,0,0,0,0,0,3.0,11.0,0,18,1383.0,73,,6,2,4,5,245
1740,1944,Graduation,Married,55956.0,0,0,2014-07-04,22,760.0,38.0,104.0,50.0,9.0,38.0,2,7,3,4,4,0,1,0,0,0,0,3.0,11.0,0,14,999.0,22,4122.0,6,4,3,4,434
7488,1963,Master,Single,64191.0,0,1,,30,420.0,15.0,186.0,151.0,38.0,15.0,3,5,3,13,3,0,0,0,0,0,0,3.0,11.0,0,21,825.0,30,,6,4,5,4,454
195,1972,Graduation,Single,38808.0,1,0,,21,125.0,17.0,52.0,3.0,19.0,30.0,4,5,1,4,8,1,0,0,0,0,0,3.0,11.0,1,10,246.0,21,,6,4,3,3,433
635,1966,Master,Married,57183.0,1,1,,51,464.0,5.0,64.0,7.0,0.0,70.0,8,9,1,7,8,0,0,0,0,0,0,3.0,11.0,0,17,610.0,51,,5,3,4,3,343
7527,1968,Master,Divorced,23748.0,1,0,,97,6.0,6.0,29.0,12.0,15.0,8.0,3,2,1,3,8,0,0,0,0,0,0,3.0,11.0,0,6,76.0,97,,6,1,2,2,122
10319,1971,Graduation,Married,66303.0,0,1,,56,1090.0,12.0,96.0,16.0,12.0,60.0,4,3,4,11,8,0,1,0,0,0,0,3.0,11.0,0,18,1286.0,56,,6,3,4,5,345
2296,1975,Master,Married,37368.0,1,0,,4,3.0,2.0,11.0,2.0,2.0,10.0,1,1,0,2,6,1,0,0,0,0,0,3.0,11.0,0,3,30.0,4,,6,5,1,1,511
10637,1964,Graduation,Married,40800.0,1,2,2013-01-01,77,24.0,0.0,27.0,8.0,30.0,10.0,2,3,0,3,7,0,0,0,0,0,1,3.0,11.0,0,6,99.0,77,4671.0,5,2,2,2,222
2931,1978,Graduation,Divorced,71847.0,0,0,,95,737.0,21.0,106.0,55.0,63.0,210.0,0,6,7,9,3,0,0,0,1,0,0,3.0,11.0,0,22,1192.0,95,,6,1,5,5,155
907,1975,Graduation,Married,46149.0,0,1,,36,254.0,6.0,71.0,4.0,0.0,27.0,5,5,1,7,5,0,0,0,0,0,0,3.0,11.0,0,13,362.0,36,,5,4,3,3,433
3698,1983,Graduation,Together,78687.0,0,0,2012-09-08,13,817.0,185.0,687.0,145.0,55.0,241.0,1,4,6,8,2,0,0,1,0,0,0,3.0,11.0,1,18,2130.0,13,4786.0,6,5,4,5,545
9516,1971,2n Cycle,Divorced,49118.0,0,0,,90,620.0,54.0,239.0,99.0,98.0,119.0,2,9,7,10,7,0,1,0,0,1,0,3.0,11.0,1,26,1229.0,90,,6,1,5,5,155
679,1957,PhD,Married,37633.0,1,1,,49,13.0,4.0,20.0,0.0,0.0,1.0,2,1,0,3,9,0,0,0,0,0,0,3.0,11.0,0,4,38.0,49,,4,3,1,1,311
7384,1951,Master,Together,39767.0,0,0,,18,113.0,61.0,204.0,34.0,26.0,47.0,2,7,1,7,8,0,0,0,0,0,0,3.0,11.0,0,15,485.0,18,,6,5,4,3,543
5043,1951,Basic,Married,26997.0,0,0,2012-05-11,89,7.0,23.0,78.0,133.0,49.0,144.0,2,4,2,5,7,0,0,0,0,0,0,3.0,11.0,0,11,434.0,89,4906.0,6,1,3,3,133
5267,1970,Graduation,Divorced,33986.0,1,0,,43,16.0,2.0,18.0,2.0,1.0,5.0,1,1,0,3,7,0,0,0,0,0,0,3.0,11.0,0,4,44.0,43,,6,3,1,1,311
339,1972,PhD,Married,57091.0,0,1,,82,462.0,0.0,24.0,6.0,0.0,4.0,2,9,2,5,7,0,1,0,0,0,0,3.0,11.0,1,16,496.0,82,,4,1,4,3,143
2516,1969,2n Cycle,Married,46831.0,1,1,2013-08-06,84,22.0,2.0,10.0,6.0,4.0,34.0,2,1,2,2,4,0,0,0,0,0,0,3.0,11.0,0,5,78.0,84,4454.0,6,1,2,2,122
9010,1972,Master,Married,83151.0,0,0,2013-10-02,80,968.0,147.0,842.0,137.0,42.0,210.0,1,5,7,10,2,1,0,1,1,0,0,3.0,11.0,1,22,2346.0,80,4397.0,6,1,5,5,155
378,1971,Graduation,Married,52531.0,0,0,,68,283.0,112.0,151.0,51.0,72.0,125.0,2,7,2,10,6,0,0,0,0,0,0,3.0,11.0,0,19,794.0,68,,6,2,4,4,244
4808,1956,Graduation,Married,15759.0,0,0,2013-05-09,12,1.0,2.0,5.0,6.0,0.0,3.0,1,1,0,2,7,0,0,0,0,0,0,3.0,11.0,0,3,17.0,12,4543.0,5,5,1,1,511
5068,1971,Graduation,Single,22804.0,1,0,,75,14.0,1.0,7.0,2.0,1.0,1.0,1,2,0,2,9,0,0,0,0,0,0,3.0,11.0,0,4,26.0,75,,6,2,1,1,211
7628,1973,2n Cycle,Married,43050.0,1,0,,10,30.0,5.0,24.0,6.0,3.0,8.0,2,2,0,4,5,0,0,0,0,0,0,3.0,11.0,0,6,76.0,10,,6,5,2,2,522
7128,1977,PhD,Single,42997.0,1,1,2013-07-12,91,4.0,0.0,5.0,0.0,1.0,5.0,1,1,0,2,7,0,0,0,0,0,0,3.0,11.0,0,3,15.0,91,4479.0,4,1,1,1,111
2811,1963,PhD,Single,48918.0,1,1,2014-12-04,21,52.0,0.0,9.0,0.0,0.0,1.0,2,1,0,4,4,0,0,0,0,0,0,3.0,11.0,0,5,62.0,21,3969.0,3,4,2,2,422
3551,1954,Master,Together,60033.0,0,1,,28,62.0,1.0,57.0,19.0,11.0,48.0,2,2,1,5,2,0,0,0,0,0,0,3.0,11.0,0,8,198.0,28,,6,4,2,3,423
1663,1978,PhD,Together,34043.0,1,0,,97,20.0,2.0,14.0,3.0,0.0,10.0,1,2,0,2,9,0,0,0,0,0,0,3.0,11.0,0,4,49.0,97,,5,1,1,1,111
5543,1966,Graduation,Together,57811.0,0,1,,49,545.0,7.0,114.0,37.0,21.0,78.0,5,7,2,11,5,0,1,0,0,0,0,3.0,11.0,0,20,802.0,49,,6,3,5,4,354
1577,1946,Graduation,Married,78569.0,0,0,,14,558.0,79.0,622.0,207.0,175.0,95.0,1,4,6,4,1,0,0,1,0,0,0,3.0,11.0,1,14,1736.0,14,,6,5,3,5,535
10641,1978,Graduation,Single,7500.0,1,1,,5,6.0,5.0,4.0,13.0,4.0,25.0,4,2,1,3,6,0,0,0,0,0,0,3.0,11.0,0,6,57.0,5,,6,5,2,2,522
5336,1971,Master,Together,157733.0,1,0,2013-04-06,37,39.0,1.0,9.0,2.0,0.0,8.0,0,1,0,1,1,0,0,0,0,0,0,3.0,11.0,0,2,59.0,37,4576.0,5,4,1,2,412
6024,1953,Graduation,Together,94384.0,0,0,2013-04-03,62,1111.0,24.0,790.0,160.0,45.0,172.0,0,5,8,5,2,0,1,1,1,0,0,3.0,11.0,1,18,2302.0,62,4579.0,6,2,4,5,245
1878,1985,2n Cycle,Married,23148.0,0,0,,83,4.0,6.0,8.0,6.0,3.0,10.0,1,2,0,3,7,0,0,0,0,0,0,3.0,11.0,0,5,37.0,83,,6,1,2,1,121
3099,1970,Graduation,Divorced,44267.0,1,1,,48,183.0,5.0,65.0,3.0,5.0,49.0,5,5,2,4,9,0,0,0,0,0,0,3.0,11.0,0,11,310.0,48,,6,3,3,3,333
6055,1979,Graduation,Married,71626.0,0,0,2012-01-11,94,546.0,72.0,376.0,94.0,145.0,72.0,1,5,5,8,3,0,1,0,0,0,0,3.0,11.0,0,18,1305.0,94,5027.0,6,1,4,5,145
5841,1966,Graduation,Together,60894.0,0,1,,61,606.0,7.0,155.0,10.0,0.0,54.0,5,10,3,8,7,0,0,0,0,0,0,3.0,11.0,0,21,832.0,61,,5,2,5,4,254
3972,1976,Graduation,Together,50200.0,1,1,2013-03-04,70,266.0,6.0,51.0,8.0,6.0,64.0,6,7,1,5,8,0,0,0,0,0,0,3.0,11.0,0,13,401.0,70,4609.0,6,2,3,3,233
4394,1965,PhD,Married,81051.0,0,0,,43,1142.0,29.0,249.0,38.0,29.0,14.0,1,5,5,12,2,0,1,1,0,0,0,3.0,11.0,0,22,1501.0,43,,6,3,5,5,355
5758,1982,Graduation,Married,65169.0,0,0,,23,1074.0,0.0,69.0,0.0,0.0,46.0,1,10,4,13,6,1,0,1,1,1,0,3.0,11.0,1,27,1189.0,23,,3,4,5,5,455
6658,1972,Graduation,Together,59868.0,0,1,,37,771.0,51.0,154.0,54.0,10.0,154.0,7,11,2,12,6,0,0,0,0,0,0,3.0,11.0,0,25,1194.0,37,,6,4,5,5,455
4603,1960,PhD,Married,65695.0,0,1,,50,371.0,32.0,189.0,0.0,58.0,6.0,2,5,4,10,4,0,0,0,0,0,0,3.0,11.0,0,19,656.0,50,,5,3,4,4,344
8427,1956,Master,Single,64857.0,0,0,,78,556.0,14.0,717.0,210.0,0.0,43.0,1,7,5,10,4,0,0,0,0,0,0,3.0,11.0,0,22,1540.0,78,,5,2,5,5,255
10260,1965,Master,Together,45143.0,0,1,,74,202.0,5.0,74.0,11.0,5.0,14.0,3,6,1,5,7,0,0,0,0,0,0,3.0,11.0,0,12,311.0,74,,6,2,3,3,233
7143,1955,2n Cycle,Together,74805.0,0,1,2013-06-11,14,209.0,162.0,209.0,41.0,162.0,37.0,5,4,7,10,2,0,0,0,0,0,0,3.0,11.0,0,21,820.0,14,4510.0,6,5,5,4,554
8789,1989,2n Cycle,Married,59060.0,1,0,2014-11-01,77,35.0,40.0,111.0,36.0,40.0,12.0,3,3,1,7,4,0,0,0,0,0,0,3.0,11.0,0,11,274.0,77,4002.0,6,2,3,3,233
6197,1962,PhD,Single,27238.0,1,1,,39,37.0,0.0,17.0,0.0,0.0,3.0,3,3,0,3,9,0,0,0,0,0,0,3.0,11.0,0,6,57.0,39,,3,4,2,2,422
4554,1965,Graduation,Together,47009.0,0,1,2013-01-10,89,171.0,45.0,73.0,59.0,10.0,90.0,4,3,2,8,4,0,0,0,0,0,0,3.0,11.0,0,13,448.0,89,4662.0,6,1,3,3,133
4937,1973,2n Cycle,Married,46094.0,1,1,2014-10-06,62,12.0,2.0,20.0,3.0,2.0,5.0,1,1,0,3,7,0,0,0,0,0,0,3.0,11.0,0,4,44.0,62,4028.0,6,2,1,1,211
1920,1972,Graduation,Married,40321.0,1,1,,59,44.0,4.0,21.0,6.0,0.0,27.0,2,3,0,3,7,0,0,0,0,0,0,3.0,11.0,0,6,102.0,59,,5,2,2,2,222
8749,1984,Graduation,Together,37235.0,1,0,2014-01-02,68,20.0,2.0,9.0,4.0,6.0,20.0,1,1,1,2,4,0,0,0,0,0,0,3.0,11.0,0,4,61.0,68,4305.0,6,2,1,2,212
1650,1960,Master,Married,81843.0,0,0,,13,779.0,86.0,537.0,34.0,69.0,138.0,1,5,9,12,3,0,0,0,0,0,0,3.0,11.0,0,26,1643.0,13,,6,5,5,5,555
10377,1958,Master,Together,46692.0,0,1,2013-06-06,37,170.0,6.0,97.0,24.0,12.0,88.0,3,6,1,5,6,0,0,0,0,0,0,3.0,11.0,0,12,397.0,37,4515.0,6,4,3,3,433
9206,1968,Graduation,Together,77382.0,0,1,2014-07-01,36,491.0,48.0,231.0,112.0,105.0,134.0,2,5,7,12,1,0,0,1,0,0,0,3.0,11.0,0,24,1121.0,36,4125.0,6,4,5,4,454
10971,1977,Graduation,Single,37774.0,2,0,2012-03-09,28,173.0,8.0,107.0,7.0,2.0,176.0,4,7,2,3,9,1,0,0,0,0,1,3.0,11.0,1,12,473.0,28,4969.0,6,4,3,3,433
6398,1974,Basic,Married,18393.0,1,0,,2,7.0,10.0,13.0,16.0,0.0,4.0,2,3,0,3,8,0,0,0,0,0,0,3.0,11.0,0,6,50.0,2,,5,5,2,1,521
9212,1962,Master,Married,72828.0,0,1,,17,1205.0,0.0,235.0,19.0,14.0,205.0,6,6,3,13,7,0,0,0,0,0,0,3.0,11.0,0,22,1678.0,17,,5,5,5,5,555
7937,1982,Graduation,Married,24711.0,0,0,,86,10.0,7.0,25.0,6.0,3.0,7.0,1,3,0,3,7,0,0,0,0,0,0,3.0,11.0,0,6,58.0,86,,6,1,2,2,122
839,1975,PhD,Married,45503.0,1,0,,54,97.0,4.0,44.0,6.0,1.0,18.0,1,3,1,4,5,0,0,0,0,0,0,3.0,11.0,0,8,170.0,54,,6,3,2,2,322
4246,1982,Master,Single,6560.0,0,0,2013-12-12,2,67.0,11.0,26.0,4.0,3.0,262.0,0,1,0,1,17,0,0,0,0,0,0,3.0,11.0,0,2,373.0,2,4326.0,6,5,1,3,513
158,1945,PhD,Together,71604.0,0,0,,3,345.0,53.0,528.0,98.0,75.0,97.0,1,8,3,5,4,1,0,0,0,0,0,3.0,11.0,1,16,1196.0,3,,6,5,4,5,545
4832,1979,Graduation,Married,27244.0,1,0,2014-07-03,84,6.0,5.0,17.0,3.0,24.0,46.0,2,2,2,2,7,0,0,0,0,0,0,3.0,11.0,0,6,101.0,84,4123.0,6,1,2,2,122
5621,1969,Graduation,Married,48752.0,1,1,2012-12-12,8,73.0,57.0,100.0,71.0,15.0,0.0,5,6,1,5,9,0,0,0,0,0,0,3.0,11.0,1,12,316.0,8,4691.0,5,5,3,3,533
1945,1962,Graduation,Married,71434.0,0,1,,4,711.0,36.0,217.0,172.0,96.0,168.0,3,7,4,7,4,0,1,0,1,0,0,3.0,11.0,0,18,1400.0,4,,6,5,4,5,545
5147,1948,Graduation,Single,90842.0,0,0,,57,774.0,70.0,118.0,182.0,187.0,93.0,1,4,9,13,1,0,0,0,0,0,0,3.0,11.0,0,26,1424.0,57,,6,3,5,5,355
2535,1978,Master,Married,88097.0,1,0,,24,163.0,0.0,480.0,0.0,126.0,75.0,1,6,5,8,9,0,1,1,1,0,0,3.0,11.0,1,19,844.0,24,,4,4,4,4,444
11039,1975,Graduation,Married,51948.0,0,1,,51,82.0,33.0,54.0,71.0,30.0,41.0,2,5,2,4,5,0,0,0,0,0,0,3.0,11.0,0,11,311.0,51,,6,3,3,3,333
9495,1982,Graduation,Together,71853.0,0,0,2013-08-05,29,358.0,108.0,413.0,141.0,97.0,32.0,1,2,8,6,1,0,0,0,0,0,0,3.0,11.0,0,16,1149.0,29,4455.0,6,4,4,4,444
9635,1983,Master,Married,35876.0,0,0,,13,66.0,2.0,40.0,4.0,3.0,14.0,1,3,1,3,6,0,0,0,0,0,0,3.0,11.0,0,7,129.0,13,,6,5,2,2,522
2173,1952,Graduation,Widow,40049.0,0,1,,23,13.0,6.0,7.0,0.0,3.0,3.0,1,1,0,3,6,0,0,0,0,0,0,3.0,11.0,0,4,32.0,23,,5,4,1,1,411
942,1982,Graduation,Single,39660.0,1,0,2012-08-08,36,139.0,13.0,78.0,20.0,13.0,36.0,3,7,1,3,9,0,0,0,0,0,0,3.0,11.0,1,11,299.0,36,4817.0,6,4,3,3,433
9386,1962,Graduation,Together,50127.0,0,1,,88,274.0,0.0,21.0,4.0,6.0,15.0,1,5,1,6,6,0,1,0,0,0,0,3.0,11.0,0,12,320.0,88,,5,1,3,3,133
5510,1977,Master,Married,43263.0,0,1,,2,262.0,6.0,61.0,0.0,10.0,102.0,3,5,2,6,5,0,0,0,0,0,0,3.0,11.0,0,13,441.0,2,,5,5,3,3,533
873,1949,Master,Married,62845.0,1,1,2012-01-10,3,1099.0,0.0,45.0,0.0,0.0,34.0,11,3,4,10,8,0,1,0,0,0,0,3.0,11.0,1,17,1178.0,3,5028.0,3,5,4,5,545
2253,1990,Graduation,Married,18929.0,0,0,,15,32.0,0.0,8.0,23.0,4.0,18.0,1,1,0,4,6,0,0,0,0,0,0,3.0,11.0,0,5,85.0,15,,5,5,2,2,522
5181,1982,Basic,Single,24367.0,1,0,,58,2.0,4.0,2.0,0.0,11.0,5.0,1,1,0,2,9,0,0,0,0,0,0,3.0,11.0,0,3,24.0,58,,5,3,1,1,311
979,1975,Graduation,Single,33249.0,1,0,,11,6.0,10.0,21.0,19.0,14.0,42.0,2,2,1,3,6,0,0,0,0,0,0,3.0,11.0,0,6,112.0,11,,6,5,2,2,522
10390,1959,2n Cycle,Married,26887.0,0,1,2013-10-02,27,6.0,7.0,4.0,3.0,4.0,6.0,1,1,0,3,6,0,0,0,0,0,0,3.0,11.0,0,4,30.0,27,4397.0,6,4,1,1,411
4698,1983,PhD,Married,50150.0,0,0,,32,135.0,46.0,92.0,65.0,61.0,11.0,2,5,2,7,5,0,0,0,0,0,0,3.0,11.0,0,14,410.0,32,,6,4,3,3,433
7793,1976,Graduation,Together,62061.0,0,1,,12,641.0,7.0,84.0,0.0,30.0,38.0,3,10,4,7,6,0,1,0,0,0,0,3.0,11.0,0,21,800.0,12,,5,5,5,4,554
1745,1962,PhD,Divorced,85696.0,0,0,2013-03-05,88,714.0,76.0,395.0,116.0,0.0,12.0,1,4,6,9,1,0,0,0,0,0,0,3.0,11.0,1,19,1313.0,88,4608.0,5,1,4,5,145
10590,1956,PhD,Together,76542.0,0,0,,91,794.0,73.0,573.0,0.0,29.0,14.0,1,4,8,10,2,0,0,0,0,0,0,3.0,11.0,0,22,1483.0,91,,5,1,5,5,155
5080,1993,Graduation,Single,70515.0,0,0,,12,420.0,0.0,452.0,182.0,64.0,140.0,1,6,6,4,2,0,0,0,0,0,0,3.0,11.0,1,16,1258.0,12,,5,5,4,5,545
8369,1987,Graduation,Together,18227.0,1,0,2012-08-11,21,1.0,2.0,7.0,4.0,3.0,11.0,1,0,1,2,8,0,0,0,0,0,0,3.0,11.0,0,3,28.0,21,4814.0,6,4,1,1,411
5232,1965,Graduation,Married,69139.0,0,1,,23,86.0,12.0,75.0,33.0,15.0,6.0,1,4,1,5,4,0,0,0,0,0,0,3.0,11.0,0,10,227.0,23,,6,4,3,3,433
2407,1982,Graduation,Married,69109.0,0,0,2012-09-11,10,823.0,25.0,459.0,124.0,29.0,95.0,1,6,6,7,4,0,0,1,0,0,0,3.0,11.0,1,19,1555.0,10,4783.0,6,5,4,5,545
3834,1962,Graduation,Single,69627.0,0,1,,35,231.0,161.0,215.0,171.0,30.0,53.0,2,8,2,11,5,0,0,0,0,0,0,3.0,11.0,0,21,861.0,35,,6,4,5,4,454
7912,1978,Graduation,Married,38136.0,1,0,,69,8.0,15.0,27.0,0.0,20.0,33.0,2,3,1,2,8,1,0,0,0,0,0,3.0,11.0,0,6,103.0,69,,5,2,2,2,222
7712,1946,PhD,Single,62159.0,0,0,,68,182.0,17.0,259.0,77.0,70.0,29.0,1,6,2,10,4,0,0,0,0,0,0,3.0,11.0,0,18,634.0,68,,6,2,4,3,243
1065,1963,Graduation,Single,80695.0,0,0,,85,557.0,129.0,984.0,193.0,37.0,18.0,1,5,8,5,2,0,0,0,0,0,0,3.0,11.0,0,18,1918.0,85,,6,1,4,5,145
7275,1971,Master,Single,33316.0,1,1,2013-04-10,34,79.0,1.0,31.0,4.0,4.0,12.0,3,2,1,4,6,0,0,0,0,0,0,3.0,11.0,0,7,131.0,34,4572.0,6,4,2,2,422
1343,1968,Graduation,Together,58554.0,1,1,,55,368.0,24.0,68.0,38.0,0.0,88.0,6,8,2,6,7,0,0,0,0,0,0,3.0,11.0,0,16,586.0,55,,5,3,4,3,343
1384,1992,Basic,Married,17256.0,1,0,,10,6.0,4.0,14.0,8.0,8.0,22.0,2,2,1,2,8,1,0,0,0,0,0,3.0,11.0,0,5,62.0,10,,6,5,2,2,522
9967,1974,Graduation,Divorced,53034.0,1,1,,30,160.0,15.0,196.0,15.0,11.0,50.0,8,6,1,7,8,0,0,0,0,0,0,3.0,11.0,0,14,447.0,30,,6,4,3,3,433
6181,1950,2n Cycle,Together,52203.0,0,0,,36,488.0,21.0,238.0,56.0,108.0,28.0,1,8,7,11,6,0,0,0,0,0,0,3.0,11.0,0,26,939.0,36,,6,4,5,4,454
10507,1977,2n Cycle,Divorced,59601.0,0,1,,14,691.0,7.0,69.0,0.0,7.0,23.0,4,2,2,7,8,0,1,0,0,0,0,3.0,11.0,0,11,797.0,14,,5,5,3,4,534
2674,1958,Master,Single,75154.0,0,1,2012-04-09,79,543.0,10.0,205.0,160.0,143.0,82.0,1,6,3,6,3,0,0,0,0,0,0,3.0,11.0,1,15,1143.0,79,4938.0,6,2,4,4,244
2698,1976,Graduation,Single,47025.0,0,1,2013-07-11,52,254.0,7.0,108.0,20.0,0.0,26.0,3,6,3,5,6,0,0,0,0,0,0,3.0,11.0,0,14,415.0,52,4480.0,5,3,3,3,333
3231,1973,Graduation,Married,37971.0,1,0,,97,5.0,4.0,10.0,2.0,2.0,7.0,1,1,0,3,8,0,0,0,0,0,0,3.0,11.0,0,4,30.0,97,,6,1,1,1,111
4096,1968,Master,Divorced,41335.0,1,0,,24,112.0,19.0,21.0,16.0,14.0,5.0,3,4,1,4,7,0,0,0,0,0,0,3.0,11.0,0,9,187.0,24,,6,4,3,2,432
10476,1958,Graduation,Married,67267.0,0,1,,0,134.0,11.0,59.0,15.0,2.0,30.0,1,3,2,5,2,0,0,0,0,0,0,3.0,11.0,0,10,251.0,0,,6,5,3,3,533
5948,1975,Graduation,Single,57338.0,0,1,,96,143.0,6.0,52.0,11.0,8.0,17.0,2,4,1,5,5,0,0,0,0,0,0,3.0,11.0,0,10,237.0,96,,6,1,3,3,133
9140,1960,2n Cycle,Together,50523.0,1,1,,89,51.0,4.0,24.0,4.0,7.0,1.0,2,2,0,4,6,0,0,0,0,0,0,3.0,11.0,0,6,91.0,89,,6,1,2,2,122
10258,1965,Master,Single,35791.0,2,1,2013-06-05,94,27.0,0.0,5.0,0.0,0.0,3.0,2,1,0,3,8,0,0,0,0,0,0,3.0,11.0,0,4,35.0,94,4516.0,3,1,1,1,111
5675,1960,PhD,Divorced,50611.0,0,1,2012-04-10,98,459.0,0.0,24.0,6.0,0.0,4.0,6,4,5,7,6,0,1,0,0,0,0,3.0,11.0,0,16,493.0,98,4937.0,4,1,4,3,143
4743,1969,PhD,Married,56242.0,0,1,2013-03-03,72,689.0,8.0,167.0,11.0,8.0,88.0,5,8,4,11,6,0,0,0,0,0,0,3.0,11.0,0,23,971.0,72,4610.0,6,2,5,4,254
8805,1960,Graduation,Single,48904.0,0,1,2012-02-12,1,283.0,10.0,38.0,0.0,13.0,27.0,4,7,2,4,8,0,0,0,0,0,0,3.0,11.0,0,13,371.0,1,4995.0,5,5,3,3,533
1542,1975,Graduation,Single,56243.0,1,2,,26,347.0,0.0,35.0,4.0,3.0,7.0,6,4,2,8,5,0,0,0,0,0,0,3.0,11.0,0,14,396.0,26,,5,4,3,3,433
6770,1985,Graduation,Married,21355.0,1,0,,5,5.0,13.0,14.0,0.0,5.0,31.0,2,2,1,2,6,1,0,0,0,0,0,3.0,11.0,1,5,68.0,5,,5,5,2,2,522
8773,1971,Master,Together,57420.0,0,1,,22,280.0,0.0,18.0,0.0,0.0,24.0,3,5,1,6,7,0,1,0,0,0,0,3.0,11.0,0,12,322.0,22,,3,4,3,3,433
10475,1970,Master,Together,51371.0,0,1,2013-01-04,39,187.0,5.0,65.0,26.0,20.0,14.0,2,4,2,6,5,0,0,0,0,0,0,3.0,11.0,0,12,317.0,39,4668.0,6,4,3,3,433
10420,1955,Master,Divorced,46390.0,0,1,2014-05-05,56,95.0,14.0,64.0,2.0,9.0,38.0,1,4,2,3,7,0,0,0,0,0,0,3.0,11.0,0,9,222.0,56,4182.0,6,3,3,3,333
7514,1956,2n Cycle,Together,54342.0,1,1,2013-03-07,74,84.0,10.0,34.0,11.0,10.0,28.0,4,3,1,4,6,0,0,0,0,0,0,3.0,11.0,0,8,177.0,74,4606.0,6,2,2,2,222
2902,1958,Graduation,Together,51371.0,1,1,2012-03-09,87,19.0,4.0,12.0,2.0,2.0,6.0,1,1,0,3,5,0,0,0,0,0,0,3.0,11.0,0,4,45.0,87,4969.0,6,1,1,1,111
4345,1964,2n Cycle,Single,51371.0,1,1,2014-12-01,49,5.0,1.0,9.0,2.0,0.0,4.0,1,1,0,2,7,0,0,0,0,0,0,3.0,11.0,0,3,21.0,49,3972.0,5,3,1,1,311
793,1973,Graduation,Married,20895.0,1,0,2012-06-10,24,18.0,3.0,17.0,3.0,0.0,4.0,1,2,0,3,9,0,0,0,0,0,0,3.0,11.0,0,5,45.0,24,4876.0,5,4,2,1,421
10909,1948,Graduation,Married,92344.0,0,0,,9,992.0,24.0,694.0,51.0,19.0,119.0,0,5,10,5,1,1,0,1,0,0,0,3.0,11.0,0,20,1899.0,9,,6,5,5,5,555
3769,1972,PhD,Together,51371.0,1,0,2014-02-03,17,25.0,1.0,13.0,0.0,0.0,3.0,1,1,0,3,7,0,0,0,0,0,0,3.0,11.0,0,4,42.0,17,4273.0,4,5,1,1,511
8702,1976,2n Cycle,Together,26907.0,1,1,,10,9.0,1.0,7.0,0.0,3.0,2.0,2,1,0,3,7,0,0,0,0,0,0,3.0,11.0,0,4,22.0,10,,5,5,1,1,511
4791,1980,Graduation,Together,44964.0,1,1,,35,19.0,1.0,17.0,2.0,0.0,2.0,1,1,0,3,8,0,0,0,0,0,0,3.0,11.0,0,4,41.0,35,,5,4,1,1,411
2963,1979,Graduation,Together,75507.0,0,0,2014-02-05,56,709.0,93.0,374.0,104.0,80.0,80.0,1,8,6,6,3,0,0,0,0,0,0,3.0,11.0,0,20,1440.0,56,4271.0,6,3,5,5,355
8216,1972,Master,Married,53761.0,1,1,2013-11-10,7,158.0,0.0,76.0,13.0,7.0,71.0,6,4,4,3,5,0,0,0,0,0,0,3.0,11.0,0,11,325.0,7,4358.0,5,5,3,3,533
8140,1973,Graduation,Together,22682.0,1,0,2013-03-10,51,10.0,14.0,29.0,4.0,2.0,36.0,3,2,1,4,4,0,0,0,0,0,0,3.0,11.0,0,7,95.0,51,4603.0,6,3,2,2,322
10146,1972,PhD,Together,38887.0,1,0,2014-02-03,17,25.0,1.0,13.0,0.0,0.0,3.0,1,1,0,3,7,0,0,0,0,0,0,3.0,11.0,0,4,42.0,17,4273.0,4,5,1,1,511
5289,1975,2n Cycle,Single,41658.0,1,1,2012-09-11,30,8.0,4.0,12.0,15.0,4.0,29.0,2,1,1,2,4,0,0,0,0,0,0,3.0,11.0,0,4,72.0,30,4783.0,6,4,1,2,412
2587,1972,PhD,Married,29791.0,1,0,,21,14.0,0.0,6.0,0.0,0.0,0.0,2,2,0,3,5,0,0,0,0,0,0,3.0,11.0,0,5,20.0,21,,2,4,2,1,421
4405,1956,Master,Married,63915.0,0,2,,2,622.0,7.0,115.0,30.0,0.0,15.0,2,6,3,12,5,0,0,0,0,0,0,3.0,11.0,0,21,789.0,2,,5,5,5,4,554
8663,1974,Graduation,Divorced,39996.0,1,1,,85,11.0,0.0,3.0,0.0,0.0,1.0,1,1,0,2,6,0,0,0,0,0,0,3.0,11.0,0,3,15.0,85,,3,1,1,1,111
2589,1972,Graduation,Divorced,26759.0,1,0,2014-07-02,65,25.0,3.0,16.0,8.0,5.0,2.0,2,2,1,3,6,0,0,0,0,0,0,3.0,11.0,0,6,59.0,65,4124.0,6,2,2,2,222
3421,1968,Master,Divorced,63841.0,0,1,,64,635.0,15.0,100.0,20.0,7.0,131.0,1,9,3,9,6,0,0,0,0,0,0,3.0,11.0,0,21,908.0,64,,6,2,5,4,254
10490,1969,PhD,Married,51039.0,1,1,2012-10-12,11,100.0,64.0,79.0,65.0,0.0,109.0,2,6,2,4,7,0,0,0,0,0,0,3.0,11.0,0,12,417.0,11,4752.0,5,5,3,3,533
4094,1961,Graduation,Married,60544.0,1,1,,92,201.0,2.0,43.0,3.0,5.0,35.0,4,5,1,5,6,0,0,0,0,0,0,3.0,11.0,0,11,289.0,92,,6,1,3,3,133
9958,1972,Graduation,Married,65685.0,0,1,,54,642.0,14.0,49.0,0.0,7.0,57.0,1,9,2,9,5,0,0,0,0,0,0,3.0,11.0,0,20,769.0,54,,5,3,5,4,354
2534,1953,Graduation,Married,37716.0,0,1,,4,97.0,1.0,41.0,6.0,2.0,41.0,2,4,1,3,7,0,0,0,0,0,0,3.0,11.0,0,8,188.0,4,,6,5,2,2,522
4188,1957,Graduation,Single,36864.0,0,1,,53,204.0,5.0,39.0,17.0,0.0,89.0,3,5,2,4,8,0,0,0,0,0,0,3.0,11.0,1,11,354.0,53,,5,3,3,3,333
6613,1970,Master,Married,44511.0,1,0,2012-12-10,39,513.0,7.0,133.0,46.0,14.0,14.0,6,8,4,8,8,0,0,0,0,0,0,3.0,11.0,0,20,727.0,39,4693.0,6,3,5,4,354
10827,1967,PhD,Married,36947.0,1,1,2012-07-08,49,88.0,3.0,21.0,4.0,1.0,29.0,4,3,0,4,9,0,0,0,0,0,0,3.0,11.0,0,7,146.0,49,4848.0,6,3,2,2,322
5491,1951,Master,Together,47352.0,0,1,2013-11-04,70,172.0,12.0,112.0,8.0,0.0,15.0,4,6,1,5,7,0,0,0,0,0,0,3.0,11.0,0,12,319.0,70,4364.0,5,2,3,3,233
8402,1953,Master,Married,67087.0,0,1,,40,329.0,35.0,222.0,130.0,35.0,43.0,2,7,5,8,4,0,0,0,0,0,0,3.0,11.0,0,20,794.0,40,,6,3,5,4,354
8783,1950,Graduation,Married,57045.0,0,1,2012-08-09,40,296.0,13.0,104.0,11.0,13.0,17.0,3,4,2,9,3,0,0,0,0,0,0,3.0,11.0,0,15,454.0,40,4816.0,6,3,4,3,343
10010,1953,PhD,Divorced,36957.0,1,1,2012-06-09,43,100.0,2.0,16.0,2.0,1.0,31.0,4,3,2,2,9,0,0,0,0,0,0,3.0,11.0,1,7,152.0,43,4877.0,6,3,2,2,322
618,1977,PhD,Married,69389.0,0,1,,17,422.0,7.0,238.0,69.0,46.0,15.0,1,7,2,12,4,0,0,0,0,0,0,3.0,11.0,0,21,797.0,17,,6,5,5,4,554
9121,1972,Graduation,Married,80134.0,1,0,,40,1218.0,16.0,272.0,104.0,0.0,80.0,2,5,3,6,6,0,1,1,1,0,0,3.0,11.0,1,14,1690.0,40,,5,3,3,5,335
361,1969,Master,Married,43142.0,1,1,,84,5.0,1.0,7.0,2.0,1.0,4.0,1,1,0,2,7,0,0,0,0,0,0,3.0,11.0,0,3,20.0,84,,6,1,1,1,111
4310,1944,Graduation,Married,80589.0,0,0,,25,507.0,93.0,520.0,242.0,40.0,26.0,1,5,10,5,1,0,0,0,1,0,0,3.0,11.0,1,20,1428.0,25,,6,4,5,5,455
2678,1990,Graduation,Single,34412.0,1,0,,62,52.0,12.0,50.0,4.0,36.0,55.0,3,5,0,3,9,0,0,0,0,0,0,3.0,11.0,0,8,209.0,62,,6,2,2,3,223
6376,1979,Graduation,Single,57537.0,1,0,2013-10-06,83,191.0,56.0,139.0,51.0,8.0,100.0,4,4,3,8,4,0,0,0,0,0,0,3.0,11.0,0,15,545.0,83,4393.0,6,1,4,3,143
524,1966,Basic,Together,22634.0,0,0,,47,2.0,23.0,11.0,8.0,6.0,46.0,1,2,1,2,8,0,0,0,0,0,0,3.0,11.0,0,5,96.0,47,,6,3,2,2,322
10341,1948,Graduation,Together,51315.0,0,0,,45,68.0,28.0,39.0,16.0,30.0,41.0,1,2,2,5,2,0,0,0,0,0,0,3.0,11.0,0,9,222.0,45,,6,3,3,3,333
5654,1972,Graduation,Married,36026.0,2,1,,34,20.0,4.0,10.0,6.0,4.0,17.0,2,2,0,3,6,0,0,0,0,0,0,3.0,11.0,0,5,61.0,34,,6,4,2,2,422
4098,1973,Graduation,Married,24639.0,1,1,,3,20.0,3.0,16.0,0.0,4.0,1.0,3,2,0,4,6,0,0,0,0,0,0,3.0,11.0,0,6,44.0,3,,5,5,2,1,521
5824,1972,PhD,Together,34578.0,2,1,2014-11-04,1,7.0,0.0,1.0,0.0,0.0,0.0,1,1,0,2,6,0,0,0,0,0,0,3.0,11.0,0,3,8.0,1,3999.0,2,5,1,1,511
7000,1972,2n Cycle,Single,65704.0,0,0,,18,279.0,172.0,74.0,38.0,8.0,246.0,1,2,10,10,1,0,0,0,0,0,0,3.0,11.0,0,22,817.0,18,,6,5,5,4,554
2561,1966,Graduation,Single,63810.0,0,1,2012-11-11,45,977.0,12.0,253.0,16.0,12.0,101.0,4,4,3,12,8,0,1,0,0,0,0,3.0,11.0,0,19,1371.0,45,4722.0,6,3,4,5,345
5229,1969,PhD,Together,54132.0,0,1,,81,30.0,1.0,8.0,0.0,0.0,3.0,1,1,0,3,7,0,0,0,0,0,0,3.0,11.0,0,4,42.0,81,,4,1,1,1,111
4086,1959,Graduation,Married,18690.0,0,0,,77,6.0,1.0,7.0,23.0,4.0,19.0,1,1,1,2,8,0,0,0,0,0,0,3.0,11.0,0,4,60.0,77,,6,2,1,2,212
2428,1970,Graduation,Married,28164.0,1,0,2013-04-05,23,3.0,18.0,26.0,11.0,8.0,12.0,3,2,0,4,7,0,0,0,0,0,0,3.0,11.0,0,6,78.0,23,4577.0,6,4,2,2,422
8254,1974,PhD,Married,34596.0,1,0,,48,14.0,0.0,2.0,0.0,0.0,7.0,1,1,0,2,8,0,0,0,0,0,0,3.0,11.0,0,3,23.0,48,,3,3,1,1,311
2836,1972,PhD,Married,43269.0,1,0,,61,10.0,1.0,7.0,0.0,0.0,1.0,1,1,0,2,8,0,0,0,0,0,0,3.0,11.0,0,3,19.0,61,,4,2,1,1,211
8418,1958,2n Cycle,Single,38741.0,1,1,,60,7.0,10.0,17.0,8.0,6.0,13.0,2,2,0,3,7,0,0,0,0,0,0,3.0,11.0,0,5,61.0,60,,6,2,2,2,222
1362,1972,Graduation,Single,31907.0,0,0,2013-04-03,75,33.0,87.0,64.0,175.0,16.0,74.0,1,6,1,6,7,0,0,0,0,0,0,3.0,11.0,0,13,449.0,75,4579.0,6,2,3,3,233
7152,1983,Master,Married,27100.0,1,0,2013-05-04,64,12.0,0.0,13.0,2.0,0.0,10.0,1,1,0,3,7,0,0,0,0,0,0,3.0,11.0,0,4,37.0,64,4548.0,4,2,1,1,211
10033,1973,2n Cycle,Divorced,31163.0,1,0,,54,2.0,3.0,10.0,11.0,2.0,10.0,1,1,0,3,6,0,0,0,0,0,0,3.0,11.0,0,4,38.0,54,,6,3,1,1,311
9349,1985,Graduation,Married,92533.0,0,0,,84,693.0,21.0,118.0,110.0,147.0,42.0,1,6,5,11,2,0,0,1,1,0,0,3.0,11.0,0,22,1131.0,84,,6,1,5,4,154
274,1973,Graduation,Single,34853.0,1,1,,75,9.0,3.0,15.0,2.0,3.0,2.0,2,2,0,3,6,0,0,0,0,0,0,3.0,11.0,0,5,34.0,75,,6,2,2,1,221
3388,1967,Graduation,Divorced,70844.0,1,1,,16,129.0,26.0,67.0,3.0,67.0,2.0,5,6,1,5,7,0,0,0,0,0,0,3.0,11.0,0,12,294.0,16,,6,5,3,3,533
922,1979,2n Cycle,Married,31086.0,1,1,2013-04-05,79,16.0,2.0,11.0,3.0,0.0,16.0,2,1,1,2,8,1,0,0,0,0,0,3.0,11.0,0,4,48.0,79,4577.0,5,2,1,1,211
8588,1961,Graduation,Married,60544.0,1,1,,92,201.0,2.0,43.0,3.0,5.0,35.0,4,5,1,5,6,0,0,0,0,0,0,3.0,11.0,0,11,289.0,92,,6,1,3,3,133
2518,1986,2n Cycle,Together,20491.0,0,0,,16,5.0,4.0,5.0,4.0,2.0,10.0,1,0,1,2,7,0,0,0,0,0,0,3.0,11.0,0,3,30.0,16,,6,5,1,1,511
574,1964,Graduation,Married,42523.0,0,0,,96,14.0,36.0,11.0,3.0,26.0,35.0,1,1,1,4,2,0,0,0,0,0,0,3.0,11.0,0,6,125.0,96,,6,1,2,2,122
3220,1983,Graduation,Married,39922.0,1,0,,30,29.0,12.0,59.0,19.0,1.0,36.0,2,3,0,4,8,0,0,0,0,0,0,3.0,11.0,0,7,156.0,30,,6,4,2,2,422
5967,1952,Graduation,Together,33402.0,1,1,,60,26.0,2.0,19.0,10.0,5.0,8.0,3,2,1,3,8,0,0,0,0,0,0,3.0,11.0,0,6,70.0,60,,6,2,2,2,222
1183,1949,Master,Married,36408.0,1,1,,11,9.0,1.0,4.0,3.0,2.0,3.0,1,1,0,2,6,0,0,0,0,0,0,3.0,11.0,0,3,22.0,11,,6,5,1,1,511
6856,1979,Graduation,Together,21645.0,1,0,2012-03-09,75,14.0,0.0,23.0,4.0,5.0,19.0,3,3,0,3,9,0,0,0,0,0,0,3.0,11.0,1,6,65.0,75,4969.0,5,2,2,2,222
4530,1948,Master,Widow,78427.0,0,0,,36,972.0,19.0,595.0,180.0,26.0,138.0,3,3,7,10,3,0,0,0,1,0,0,3.0,11.0,1,20,1930.0,36,,6,4,5,5,455
1553,1946,Graduation,Together,82657.0,0,0,,71,966.0,168.0,672.0,246.0,105.0,126.0,1,7,5,10,4,0,1,0,1,0,0,3.0,11.0,0,22,2283.0,71,,6,2,5,5,255
4682,1958,Graduation,Married,51876.0,0,0,,88,99.0,27.0,102.0,28.0,48.0,6.0,1,2,2,8,1,0,0,0,0,0,0,3.0,11.0,0,12,310.0,88,,6,1,3,3,133
8204,1971,2n Cycle,Married,78041.0,0,0,,93,482.0,35.0,553.0,72.0,160.0,17.0,1,4,4,9,2,0,0,0,0,0,0,3.0,11.0,0,17,1319.0,93,,6,1,4,5,145
5221,1957,Graduation,Married,52852.0,0,1,2012-01-12,93,714.0,8.0,99.0,11.0,0.0,47.0,4,10,7,5,8,1,0,0,0,0,0,3.0,11.0,0,22,879.0,93,5026.0,5,1,5,4,154
1232,1982,PhD,Together,70038.0,0,0,,54,587.0,54.0,348.0,71.0,54.0,130.0,1,4,4,8,2,0,0,0,0,0,0,3.0,11.0,0,16,1244.0,54,,6,3,4,5,345
1927,1973,2n Cycle,Together,69401.0,0,1,,41,399.0,27.0,159.0,58.0,8.0,39.0,4,4,4,5,2,0,0,0,0,0,0,3.0,11.0,0,13,690.0,41,,6,3,3,4,334
5788,1972,Graduation,Together,46053.0,1,0,,46,56.0,10.0,92.0,19.0,7.0,25.0,3,3,2,4,5,0,0,0,0,0,0,3.0,11.0,0,9,209.0,46,,6,3,3,3,333
6652,1965,Graduation,Married,77343.0,0,0,2014-09-06,28,227.0,151.0,573.0,98.0,54.0,31.0,1,3,4,9,1,0,0,0,0,0,0,3.0,11.0,0,16,1134.0,28,4058.0,6,4,4,4,444
6246,1953,Graduation,Single,73892.0,0,0,,40,703.0,102.0,601.0,0.0,58.0,43.0,1,3,11,8,1,0,0,0,0,0,0,3.0,11.0,1,22,1507.0,40,,5,3,5,5,355
5975,1967,PhD,Single,40304.0,1,0,,82,37.0,0.0,17.0,0.0,0.0,3.0,1,2,0,3,7,0,0,0,0,0,0,3.0,11.0,0,5,57.0,82,,3,1,2,2,122
6875,1965,PhD,Together,32727.0,0,0,,38,167.0,13.0,180.0,86.0,13.0,70.0,2,7,3,5,8,0,0,0,0,0,0,3.0,11.0,0,15,529.0,38,,6,4,4,3,443
4399,1969,Graduation,Together,68695.0,0,0,,3,458.0,81.0,356.0,106.0,50.0,40.0,1,4,4,7,2,0,0,0,0,0,0,3.0,11.0,0,15,1091.0,3,,6,5,4,4,544
4042,1971,Graduation,Divorced,43300.0,0,1,,87,91.0,3.0,52.0,2.0,1.0,31.0,3,4,0,4,8,0,0,0,0,0,0,3.0,11.0,1,8,180.0,87,,6,1,2,2,122
2157,1972,Graduation,Together,26290.0,1,1,2013-12-01,49,15.0,8.0,16.0,11.0,5.0,22.0,4,2,0,4,6,0,0,0,0,0,0,3.0,11.0,0,6,77.0,49,4337.0,6,3,2,2,322
10133,1970,Graduation,Single,93790.0,0,0,2014-12-02,16,1302.0,68.0,731.0,89.0,114.0,45.0,0,6,7,12,2,0,1,1,1,0,0,3.0,11.0,1,25,2349.0,16,3971.0,6,5,5,5,555
2525,1974,PhD,Married,38410.0,0,0,,65,153.0,64.0,123.0,116.0,64.0,14.0,2,5,2,9,6,0,0,0,0,0,0,3.0,11.0,1,16,534.0,65,,6,2,4,3,243
8233,1950,Master,Widow,64866.0,0,1,,9,508.0,5.0,21.0,7.0,5.0,10.0,4,7,3,7,5,0,1,0,0,0,0,3.0,11.0,0,17,556.0,9,,6,5,4,3,543
9483,1959,Graduation,Together,57957.0,0,1,,24,290.0,59.0,177.0,77.0,5.0,29.0,7,4,6,8,3,0,0,0,0,0,1,3.0,11.0,0,18,637.0,24,,6,4,4,4,444
2945,1955,PhD,Together,46015.0,1,1,,25,38.0,0.0,2.0,0.0,0.0,6.0,1,1,0,3,7,1,0,0,0,1,0,3.0,11.0,0,4,46.0,25,,3,4,1,1,411
10403,1978,Graduation,Together,16531.0,1,0,,43,2.0,13.0,6.0,7.0,5.0,11.0,3,3,0,3,7,0,0,0,0,0,0,3.0,11.0,0,6,44.0,43,,6,3,2,1,321
5074,1986,Master,Married,28072.0,1,0,2013-08-07,10,30.0,0.0,10.0,2.0,0.0,5.0,1,1,0,3,7,0,0,0,0,0,0,3.0,11.0,0,4,47.0,10,4453.0,4,5,1,1,511
10524,1963,Master,Divorced,49476.0,0,1,,29,386.0,23.0,95.0,54.0,41.0,196.0,4,2,11,5,2,0,0,0,0,0,0,3.0,11.0,0,18,795.0,29,,6,4,4,4,444
4690,1953,Graduation,Married,50725.0,0,1,,45,443.0,10.0,75.0,0.0,10.0,48.0,4,8,1,8,8,0,0,0,0,0,0,3.0,11.0,0,17,586.0,45,,5,3,4,3,343
7521,1952,Graduation,Together,83844.0,0,0,2013-12-05,57,901.0,31.0,345.0,75.0,31.0,191.0,1,4,4,11,1,0,0,1,0,0,0,3.0,11.0,0,19,1574.0,57,4333.0,6,3,4,5,345
7196,1950,PhD,Married,41145.0,1,1,2014-08-02,20,9.0,0.0,3.0,0.0,0.0,1.0,1,0,0,3,3,0,0,0,0,0,0,3.0,11.0,0,3,13.0,20,4093.0,3,4,1,1,411
4406,1970,Graduation,Together,67419.0,0,1,,29,846.0,84.0,352.0,91.0,56.0,42.0,4,9,4,8,5,0,0,0,0,0,0,3.0,11.0,0,21,1471.0,29,,6,4,5,5,455
9672,1970,2n Cycle,Married,23162.0,1,1,,82,8.0,3.0,9.0,19.0,4.0,22.0,3,1,1,3,6,0,0,0,0,0,0,3.0,11.0,0,5,65.0,82,,6,1,2,2,122
4864,1977,Graduation,Married,34380.0,1,0,2013-02-05,68,72.0,7.0,58.0,13.0,1.0,24.0,4,4,1,3,8,0,0,0,0,0,0,3.0,11.0,0,8,175.0,68,4636.0,6,2,2,2,222
4706,1966,Graduation,Single,34704.0,0,1,,65,29.0,0.0,5.0,0.0,1.0,5.0,1,1,0,3,5,0,0,0,0,0,0,3.0,11.0,0,4,40.0,65,,4,2,1,1,211
4070,1969,PhD,Married,94871.0,0,2,2012-01-09,99,169.0,24.0,553.0,188.0,0.0,144.0,1,8,5,4,7,0,1,1,0,0,0,3.0,11.0,1,17,1078.0,99,5029.0,5,1,4,4,144
25,1958,Graduation,Married,65148.0,0,1,,9,460.0,35.0,422.0,33.0,12.0,153.0,2,6,6,7,4,0,0,0,0,0,0,3.0,11.0,0,19,1115.0,9,,6,5,4,4,544
3697,1954,Graduation,Together,39898.0,0,1,2013-12-02,20,69.0,8.0,26.0,12.0,7.0,12.0,2,3,0,4,7,0,0,0,0,0,0,3.0,11.0,0,7,134.0,20,4336.0,6,4,2,2,422
217,1956,Master,Single,64857.0,0,0,,78,556.0,14.0,717.0,210.0,0.0,43.0,1,7,5,10,4,0,0,0,0,0,0,3.0,11.0,0,22,1540.0,78,,5,2,5,5,255
4220,1970,PhD,Married,59892.0,0,1,2013-02-11,26,73.0,0.0,13.0,0.0,1.0,0.0,1,2,1,3,3,0,0,0,0,0,0,3.0,11.0,0,6,87.0,26,4630.0,3,4,2,2,422
5286,1987,Master,Single,41020.0,0,0,,68,112.0,1.0,54.0,7.0,7.0,36.0,1,3,2,4,3,0,0,0,0,0,0,3.0,11.0,0,9,217.0,68,,6,2,3,3,233
9559,1961,PhD,Married,57072.0,0,1,,79,944.0,0.0,60.0,0.0,0.0,30.0,2,7,5,13,5,1,0,0,0,0,0,3.0,11.0,0,25,1034.0,79,,3,2,5,4,254
2849,1979,Graduation,Single,60474.0,0,1,2013-01-04,25,265.0,199.0,303.0,234.0,9.0,170.0,7,10,2,12,7,0,0,0,0,0,0,3.0,11.0,0,24,1180.0,25,4668.0,6,4,5,5,455
7787,1960,Graduation,Together,62807.0,0,1,,83,526.0,28.0,135.0,10.0,21.0,99.0,3,5,3,12,5,0,0,0,0,0,0,3.0,11.0,0,20,819.0,83,,6,1,5,4,154
3102,1981,2n Cycle,Together,19414.0,1,0,,32,2.0,3.0,12.0,3.0,5.0,7.0,1,1,0,3,8,0,0,0,0,0,0,3.0,11.0,0,4,32.0,32,,6,4,1,1,411
5868,1980,Graduation,Married,19107.0,1,0,,49,2.0,4.0,9.0,10.0,5.0,16.0,2,1,0,3,7,0,0,0,0,0,0,3.0,11.0,0,4,46.0,49,,6,3,1,1,311
8370,1976,2n Cycle,Together,75484.0,0,1,2012-02-08,50,378.0,97.0,259.0,197.0,194.0,34.0,2,7,3,6,4,0,0,0,0,0,0,3.0,11.0,0,16,1159.0,50,4999.0,6,3,4,4,344
9988,1976,Master,Single,70379.0,0,1,2013-03-03,84,553.0,25.0,142.0,65.0,67.0,8.0,3,6,3,13,4,0,0,0,0,0,0,3.0,11.0,0,22,860.0,84,4610.0,6,1,5,4,154
2939,1970,Master,Together,79419.0,0,0,,96,751.0,127.0,687.0,20.0,15.0,31.0,1,4,6,4,2,0,0,0,0,0,0,3.0,11.0,0,14,1631.0,96,,6,1,3,5,135
5529,1946,PhD,Together,64014.0,2,1,2014-10-06,56,406.0,0.0,30.0,0.0,0.0,8.0,7,8,2,5,7,0,0,0,1,0,0,3.0,11.0,0,15,444.0,56,4028.0,3,3,4,3,343
9743,1955,Graduation,Married,76998.0,0,1,2013-11-01,85,1449.0,89.0,161.0,69.0,35.0,107.0,2,11,8,8,6,0,0,1,0,0,0,3.0,11.0,0,27,1910.0,85,4367.0,6,1,5,5,155
5763,1972,Master,Together,49854.0,1,0,2013-10-11,63,123.0,17.0,171.0,39.0,0.0,30.0,5,6,2,5,6,0,0,0,0,0,0,3.0,11.0,0,13,380.0,63,4388.0,5,2,3,3,233
3478,1971,PhD,Married,60585.0,1,1,,17,267.0,42.0,309.0,55.0,42.0,21.0,10,7,4,9,5,0,0,0,0,0,0,3.0,11.0,1,20,736.0,17,,6,5,5,4,554
7494,1950,PhD,Divorced,42873.0,1,1,,11,209.0,0.0,40.0,3.0,2.0,15.0,4,6,1,4,8,0,0,0,0,0,0,3.0,11.0,0,11,269.0,11,,5,5,3,3,533
1763,1988,Graduation,Together,87679.0,0,0,,62,1259.0,172.0,815.0,97.0,148.0,33.0,1,7,11,10,4,1,0,1,1,0,0,3.0,11.0,1,28,2524.0,62,,6,2,5,5,255
7250,1978,Graduation,Together,57867.0,1,0,2013-01-10,48,344.0,35.0,178.0,15.0,23.0,17.0,7,7,2,9,6,0,0,0,0,0,0,3.0,11.0,0,18,612.0,48,4662.0,6,3,4,3,343
2005,1990,Graduation,Married,35765.0,1,0,2013-11-12,86,22.0,3.0,30.0,0.0,5.0,15.0,2,2,0,4,6,0,0,0,0,0,0,3.0,11.0,0,6,75.0,86,4356.0,5,1,2,2,122
10770,1959,Graduation,Married,65492.0,0,0,,73,247.0,161.0,295.0,210.0,85.0,47.0,2,4,7,13,2,0,0,0,0,0,0,3.0,11.0,0,24,1045.0,73,,6,2,5,4,254
6885,1977,Graduation,Divorced,32952.0,1,0,2013-01-12,36,38.0,0.0,12.0,3.0,1.0,1.0,1,2,0,3,7,0,0,0,0,0,0,3.0,11.0,0,5,55.0,36,4660.0,5,4,2,1,421
2072,1969,PhD,Together,53374.0,0,1,,34,896.0,10.0,101.0,13.0,10.0,34.0,6,4,2,9,9,1,0,0,0,0,0,3.0,11.0,1,15,1064.0,34,,6,4,4,4,444
9463,1959,Graduation,Together,71706.0,0,1,,16,931.0,56.0,253.0,91.0,98.0,14.0,4,9,5,7,5,0,0,0,0,0,0,3.0,11.0,0,21,1443.0,16,,6,5,5,5,555
6318,1988,Graduation,Married,68487.0,0,0,,48,758.0,12.0,385.0,33.0,89.0,89.0,1,9,7,13,4,0,0,0,0,0,0,3.0,11.0,0,29,1366.0,48,,6,3,5,5,355
4093,1975,Master,Together,53253.0,1,1,2013-11-02,61,216.0,9.0,57.0,20.0,9.0,125.0,7,4,3,5,5,0,0,0,0,0,0,3.0,11.0,0,12,436.0,61,4366.0,6,2,3,3,233
5751,1973,2n Cycle,Divorced,31163.0,1,0,,54,2.0,3.0,10.0,11.0,2.0,10.0,1,1,0,3,6,0,0,0,0,0,0,3.0,11.0,0,4,38.0,54,,6,3,1,1,311
3340,1977,Graduation,Married,42014.0,1,0,,56,244.0,15.0,108.0,4.0,15.0,50.0,6,7,1,6,8,0,0,0,0,0,0,3.0,11.0,1,14,436.0,56,,6,3,3,3,333
3594,1973,Master,Married,54108.0,1,1,2012-05-11,74,539.0,6.0,91.0,8.0,6.0,97.0,13,8,2,9,8,0,0,0,0,0,0,3.0,11.0,0,19,747.0,74,4906.0,6,2,4,4,244
3584,1955,PhD,Single,49667.0,0,0,,35,1181.0,26.0,120.0,17.0,13.0,39.0,2,5,10,5,8,1,0,0,0,0,0,3.0,11.0,1,20,1396.0,35,,6,4,5,5,455
3643,1974,Master,Married,63206.0,0,0,,65,750.0,8.0,125.0,11.0,8.0,26.0,1,4,3,6,2,0,0,1,0,0,0,3.0,11.0,0,13,928.0,65,,6,2,3,4,234
851,1972,Master,Married,57136.0,1,1,2013-09-07,48,306.0,5.0,109.0,21.0,109.0,92.0,9,5,2,10,6,0,0,0,0,0,0,3.0,11.0,0,17,642.0,48,4422.0,6,3,4,4,344
7706,1975,2n Cycle,Together,46772.0,0,1,2012-07-11,88,350.0,104.0,189.0,197.0,151.0,57.0,6,11,8,5,8,1,0,0,0,0,0,3.0,11.0,0,24,1048.0,88,4845.0,6,1,5,4,154
3967,1971,PhD,Married,78931.0,0,0,,19,331.0,197.0,170.0,58.0,152.0,35.0,1,2,8,13,1,0,0,0,0,0,0,3.0,11.0,0,23,943.0,19,,6,4,5,4,454
10128,1958,Graduation,Together,53977.0,0,1,2013-08-06,21,620.0,16.0,165.0,0.0,24.0,82.0,5,5,5,12,5,0,0,0,0,0,0,3.0,11.0,0,22,907.0,21,4454.0,5,4,5,4,454
486,1988,Graduation,Married,84219.0,0,0,2014-02-02,27,434.0,137.0,400.0,45.0,137.0,45.0,1,3,4,10,1,0,0,0,0,0,0,3.0,11.0,0,17,1198.0,27,4274.0,6,4,4,5,445
9,1975,Master,Single,46098.0,1,1,,86,57.0,0.0,27.0,0.0,0.0,36.0,4,3,2,2,8,0,0,0,0,0,0,3.0,11.0,0,7,120.0,86,,3,1,2,2,122
9451,1965,Graduation,Married,73538.0,0,1,,92,811.0,76.0,428.0,99.0,137.0,107.0,3,10,4,9,7,0,0,0,0,0,0,3.0,11.0,0,23,1658.0,92,,6,1,5,5,155
9264,1986,Graduation,Married,79529.0,0,0,,1,423.0,42.0,706.0,73.0,197.0,197.0,1,4,8,9,2,0,0,0,0,0,0,3.0,11.0,0,21,1638.0,1,,6,5,5,5,555
3865,1977,2n Cycle,Together,20981.0,0,0,,14,2.0,12.0,10.0,6.0,13.0,30.0,1,3,1,2,8,0,0,0,0,0,0,3.0,11.0,1,6,73.0,14,,6,5,2,2,522
2853,1980,Graduation,Single,51766.0,1,0,2014-11-03,74,60.0,51.0,87.0,6.0,20.0,51.0,2,4,2,4,5,0,0,0,0,0,0,3.0,11.0,0,10,275.0,74,4000.0,6,2,3,3,233
1490,1962,Graduation,Married,55759.0,0,1,,84,675.0,0.0,85.0,10.0,7.0,77.0,5,10,3,8,8,0,0,0,0,0,0,3.0,11.0,0,21,854.0,84,,5,1,5,4,154
6310,1978,Graduation,Married,33039.0,1,0,2013-09-09,4,30.0,8.0,12.0,8.0,8.0,12.0,1,2,0,4,5,0,0,0,0,0,0,3.0,11.0,0,6,78.0,4,4420.0,6,5,2,2,522
10380,1972,Master,Married,37787.0,1,0,,50,40.0,1.0,40.0,4.0,3.0,18.0,1,3,0,3,8,0,0,0,0,0,0,3.0,11.0,0,6,106.0,50,,6,3,2,2,322
3887,1970,Graduation,Single,27242.0,1,0,2012-11-11,2,3.0,17.0,26.0,20.0,1.0,39.0,2,2,0,3,9,0,0,0,0,0,0,3.0,11.0,1,5,106.0,2,4722.0,6,5,2,2,522
4278,1983,PhD,Single,87188.0,0,0,2013-03-06,73,910.0,111.0,724.0,49.0,74.0,55.0,1,10,2,6,3,0,0,0,0,0,0,3.0,11.0,1,18,1923.0,73,4607.0,6,2,4,5,245
8643,1971,Graduation,Together,69930.0,0,0,,21,252.0,98.0,827.0,219.0,70.0,196.0,1,4,5,12,3,0,0,0,0,0,0,3.0,11.0,0,21,1662.0,21,,6,4,5,5,455
1998,1976,Graduation,Single,37697.0,1,0,2014-07-02,82,34.0,6.0,21.0,11.0,4.0,8.0,1,2,1,3,6,0,0,0,0,0,0,3.0,11.0,0,6,84.0,82,4124.0,6,1,2,2,122
10795,1973,PhD,Married,37401.0,1,0,2014-06-05,14,19.0,3.0,19.0,3.0,1.0,3.0,2,2,0,3,7,0,0,0,0,0,0,3.0,11.0,0,5,48.0,14,4151.0,6,5,2,1,521
11110,1973,Graduation,Single,3502.0,1,0,,56,2.0,1.0,1.0,0.0,0.0,1.0,0,0,0,0,14,0,0,0,0,0,0,3.0,11.0,0,0,5.0,56,,4,3,1,1,311
2408,1976,Graduation,Married,58597.0,1,1,,20,490.0,0.0,184.0,10.0,28.0,21.0,12,7,4,9,7,0,0,0,0,0,0,3.0,11.0,0,20,733.0,20,,5,4,5,4,454
202,1948,PhD,Widow,82032.0,0,0,2014-05-04,54,332.0,194.0,377.0,149.0,125.0,57.0,0,4,6,7,1,0,0,0,0,0,0,3.0,11.0,0,17,1234.0,54,4183.0,6,3,4,5,345
7998,1958,Graduation,Together,28087.0,1,1,2012-11-12,77,53.0,8.0,17.0,13.0,0.0,21.0,3,2,2,2,7,0,0,0,0,0,0,3.0,11.0,0,6,112.0,77,4721.0,5,2,2,2,222
830,1987,PhD,Single,74004.0,0,0,,5,784.0,48.0,560.0,42.0,176.0,48.0,1,4,6,4,3,0,0,1,1,0,0,3.0,11.0,1,14,1658.0,5,,6,5,3,5,535
3536,1960,Graduation,Together,19740.0,0,1,,65,7.0,11.0,3.0,10.0,4.0,20.0,2,1,1,3,5,0,0,0,0,0,0,3.0,11.0,0,5,55.0,65,,6,2,2,1,221
6050,1975,2n Cycle,Married,57036.0,0,1,2012-11-12,33,1171.0,43.0,219.0,19.0,14.0,47.0,4,6,3,13,9,1,0,0,0,0,0,3.0,11.0,0,22,1513.0,33,4721.0,6,4,5,5,455
125,1958,2n Cycle,Together,53083.0,1,1,,65,215.0,7.0,33.0,3.0,0.0,13.0,6,5,1,5,7,0,1,0,0,0,0,3.0,11.0,0,11,271.0,65,,5,2,3,3,233
3463,1975,PhD,Married,69283.0,0,1,,41,674.0,62.0,134.0,0.0,26.0,8.0,4,7,3,13,5,0,0,0,0,0,0,3.0,11.0,0,23,904.0,41,,5,3,5,4,354
2804,1975,Master,Single,46098.0,1,1,,86,57.0,0.0,27.0,0.0,0.0,36.0,4,3,2,2,8,0,0,0,0,0,0,3.0,11.0,1,7,120.0,86,,3,1,2,2,122
3745,1988,2n Cycle,Married,23331.0,1,0,2012-04-09,92,5.0,36.0,7.0,0.0,10.0,45.0,2,3,0,3,8,0,0,0,0,0,0,3.0,11.0,0,6,103.0,92,4938.0,5,1,2,2,122
9771,1988,2n Cycle,Single,23331.0,1,0,2012-05-10,97,104.0,20.0,101.0,24.0,15.0,5.0,6,5,1,5,9,0,0,0,0,0,0,3.0,11.0,0,11,269.0,97,4907.0,6,1,3,3,133
451,1989,Graduation,Single,9255.0,1,0,,91,9.0,0.0,7.0,2.0,0.0,4.0,1,1,1,2,8,0,0,0,0,0,0,3.0,11.0,0,4,22.0,91,,4,1,1,1,111
10530,1959,PhD,Widow,67786.0,0,0,2013-07-12,0,431.0,82.0,441.0,80.0,20.0,102.0,1,3,6,6,1,0,0,0,0,0,0,3.0,11.0,1,15,1156.0,0,4479.0,6,5,4,4,544
1079,1971,PhD,Married,71969.0,0,1,,59,1000.0,0.0,76.0,0.0,0.0,10.0,3,3,4,9,8,0,1,0,0,0,0,3.0,11.0,0,16,1086.0,59,,3,2,4,4,244
8920,1967,Master,Single,59235.0,1,0,2013-12-01,4,448.0,40.0,469.0,80.0,0.0,91.0,3,11,2,12,7,0,0,0,0,0,0,3.0,11.0,0,25,1128.0,4,4337.0,5,5,5,4,554
6678,1989,Graduation,Together,31928.0,1,0,,5,33.0,4.0,24.0,4.0,2.0,5.0,2,3,0,4,7,0,0,0,0,0,0,3.0,11.0,0,7,72.0,5,,6,5,2,2,522
3852,1961,Master,Together,74881.0,1,1,2013-08-03,48,505.0,72.0,270.0,36.0,27.0,54.0,4,9,2,12,5,0,0,0,0,0,0,3.0,11.0,0,23,964.0,48,4457.0,6,3,5,4,354
528,1978,Graduation,Married,65819.0,0,0,,99,267.0,38.0,701.0,149.0,165.0,63.0,1,5,4,10,3,0,0,0,0,0,0,3.0,11.0,0,19,1383.0,99,,6,1,4,5,145
73,1953,PhD,Single,51411.0,1,2,,81,14.0,0.0,3.0,0.0,0.0,1.0,1,0,0,3,5,0,0,0,0,0,0,3.0,11.0,0,3,18.0,81,,3,1,1,1,111
5589,1964,Graduation,Divorced,51983.0,0,1,,95,631.0,0.0,115.0,10.0,7.0,30.0,3,9,2,10,7,0,0,0,0,0,0,3.0,11.0,0,21,793.0,95,,5,1,5,4,154
10212,1986,Master,Together,42386.0,1,0,,43,65.0,4.0,16.0,0.0,4.0,11.0,1,3,0,3,8,0,0,0,0,0,0,3.0,11.0,0,6,100.0,43,,5,3,2,2,322
6365,1987,2n Cycle,Married,30390.0,0,0,2013-02-09,5,10.0,12.0,12.0,25.0,1.0,20.0,1,2,0,3,6,0,0,0,0,0,0,3.0,11.0,0,5,80.0,5,4632.0,6,5,2,2,522
5636,1963,Graduation,Single,30983.0,0,0,2012-09-11,50,51.0,4.0,50.0,12.0,1.0,49.0,1,4,0,3,8,0,0,0,0,0,0,3.0,11.0,1,7,167.0,50,4783.0,6,3,2,2,322
591,1957,Graduation,Widow,66033.0,0,1,,76,293.0,35.0,179.0,46.0,59.0,65.0,2,8,3,7,7,0,0,0,0,0,0,3.0,11.0,0,18,677.0,76,,6,2,4,4,244
2217,1975,2n Cycle,Married,37284.0,1,1,,46,11.0,1.0,2.0,2.0,1.0,6.0,1,0,0,3,6,0,0,0,0,0,0,3.0,11.0,0,3,23.0,46,,6,3,1,1,311
2544,1951,Master,Divorced,57530.0,0,1,2013-12-10,68,50.0,1.0,27.0,6.0,7.0,1.0,1,1,1,4,1,0,0,0,0,0,0,3.0,11.0,0,6,92.0,68,4328.0,6,2,2,2,222
7725,1965,2n Cycle,Married,76800.0,0,0,2014-08-03,33,173.0,26.0,255.0,35.0,71.0,81.0,1,4,4,7,1,0,0,0,0,0,0,3.0,11.0,0,15,641.0,33,4092.0,6,4,4,4,444
8091,1956,Graduation,Married,63943.0,0,1,2012-02-09,50,423.0,184.0,368.0,13.0,97.0,21.0,1,6,4,6,5,0,0,0,0,0,0,3.0,11.0,0,16,1106.0,50,4998.0,6,3,4,4,344
7321,1962,Graduation,Together,76081.0,0,0,,85,292.0,30.0,415.0,63.0,33.0,200.0,1,4,5,4,2,0,0,0,1,0,0,3.0,11.0,0,13,1033.0,85,,6,1,3,4,134
5462,1974,Graduation,Married,67445.0,0,1,2012-12-08,63,757.0,80.0,217.0,29.0,80.0,11.0,5,9,6,12,6,0,0,0,0,0,0,3.0,11.0,0,27,1174.0,63,4695.0,6,2,5,5,255
7791,1967,Master,Married,37054.0,1,1,,89,12.0,1.0,6.0,0.0,1.0,5.0,2,1,0,3,7,0,0,0,0,0,0,3.0,11.0,0,4,25.0,89,,5,1,1,1,111
955,1962,Master,Together,47175.0,1,1,,81,167.0,2.0,44.0,6.0,2.0,19.0,7,4,2,4,8,1,0,0,0,0,0,3.0,11.0,1,10,240.0,81,,6,1,3,3,133
4037,1976,Graduation,Divorced,31859.0,1,0,,77,3.0,1.0,3.0,8.0,0.0,5.0,1,1,0,2,7,0,0,0,0,0,0,3.0,11.0,0,3,20.0,77,,5,2,1,1,211
6642,1961,Graduation,Divorced,27215.0,2,1,,50,30.0,5.0,22.0,8.0,9.0,28.0,4,2,1,4,6,0,0,0,0,0,0,3.0,11.0,0,7,102.0,50,,6,3,2,2,322
2793,1976,PhD,Divorced,70179.0,0,1,,10,532.0,88.0,168.0,69.0,44.0,133.0,3,7,3,13,5,0,0,0,0,0,0,3.0,11.0,0,23,1034.0,10,,6,5,5,4,554
5424,1983,Graduation,Married,39922.0,1,0,,30,29.0,12.0,59.0,19.0,1.0,36.0,2,3,0,4,8,0,0,0,0,0,0,3.0,11.0,0,7,156.0,30,,6,4,2,2,422
879,1976,Master,Married,49681.0,0,2,2013-04-11,66,411.0,0.0,26.0,0.0,0.0,21.0,6,7,1,7,7,0,0,0,0,0,0,3.0,11.0,0,15,458.0,66,4571.0,3,2,4,3,243
9530,1988,Graduation,Married,24645.0,1,0,2012-01-11,16,5.0,3.0,4.0,4.0,1.0,0.0,1,1,0,2,8,0,0,0,0,0,0,3.0,11.0,0,3,17.0,16,5027.0,5,5,1,1,511
4828,1954,Graduation,Divorced,79865.0,0,1,,12,71.0,99.0,278.0,185.0,121.0,38.0,1,5,10,5,1,0,0,0,0,0,0,3.0,11.0,0,20,792.0,12,,6,5,5,4,554
10699,1985,Graduation,Married,44322.0,1,0,,30,46.0,0.0,40.0,3.0,0.0,3.0,2,3,0,3,8,0,0,0,0,0,0,3.0,11.0,0,6,92.0,30,,4,4,2,2,422
1497,1952,Graduation,Single,47958.0,0,1,,8,268.0,11.0,88.0,15.0,3.0,22.0,2,6,3,5,5,0,0,0,0,0,0,3.0,11.0,0,14,407.0,8,,6,5,3,3,533
7476,1964,Master,Single,63972.0,0,1,2012-02-12,93,928.0,63.0,254.0,0.0,12.0,12.0,4,5,4,10,4,0,1,0,0,0,0,3.0,11.0,0,19,1269.0,93,4995.0,5,1,4,5,145
4390,1954,Graduation,Together,75315.0,0,1,,14,459.0,15.0,171.0,142.0,23.0,31.0,2,5,4,12,2,0,0,0,0,0,0,3.0,11.0,0,21,841.0,14,,6,5,5,4,554
10478,1950,PhD,Married,55517.0,1,1,,53,483.0,0.0,108.0,0.0,6.0,36.0,5,11,1,6,9,0,0,0,0,0,0,3.0,11.0,1,18,633.0,53,,4,3,4,3,343
1081,1957,PhD,Married,75283.0,1,2,,26,733.0,9.0,180.0,12.0,19.0,66.0,11,6,3,5,4,0,0,0,0,0,0,3.0,11.0,0,14,1019.0,26,,6,4,3,4,434
4261,1946,PhD,Single,82800.0,0,0,,23,1006.0,22.0,115.0,59.0,68.0,45.0,1,7,6,12,3,0,0,1,1,0,0,3.0,11.0,1,25,1315.0,23,,6,4,5,5,455
9916,1954,Graduation,Married,38998.0,1,1,2012-03-11,92,34.0,1.0,14.0,0.0,0.0,5.0,3,2,0,3,8,0,0,0,0,0,1,3.0,11.0,0,5,54.0,92,4967.0,4,1,2,1,121
5350,1991,Master,Single,90638.0,0,0,,29,1156.0,120.0,915.0,94.0,144.0,96.0,1,3,4,10,1,0,0,1,0,0,0,3.0,11.0,1,17,2525.0,29,,6,4,4,5,445
8135,1986,Master,Married,27161.0,1,0,,41,7.0,4.0,23.0,7.0,0.0,11.0,1,1,0,3,7,0,0,0,0,0,0,3.0,11.0,0,4,52.0,41,,5,3,1,1,311
8685,1977,Graduation,Married,42014.0,1,0,,56,244.0,15.0,108.0,4.0,15.0,50.0,6,7,1,6,8,0,0,0,0,0,0,3.0,11.0,1,14,436.0,56,,6,3,3,3,333
4967,1960,PhD,Together,38201.0,0,1,,19,233.0,0.0,23.0,0.0,0.0,12.0,4,5,1,5,8,0,0,0,0,0,0,3.0,11.0,0,11,268.0,19,,3,4,3,3,433
2130,1982,Graduation,Together,45203.0,2,0,,4,35.0,3.0,67.0,10.0,8.0,24.0,1,3,1,3,6,0,0,0,0,0,0,3.0,11.0,1,7,147.0,4,,6,5,2,2,522
9298,1947,PhD,Together,81574.0,0,0,,89,1252.0,0.0,465.0,46.0,35.0,0.0,1,4,5,8,1,0,1,1,0,0,0,3.0,11.0,0,17,1798.0,89,,4,1,4,5,145
8175,1992,Graduation,Married,34935.0,0,0,,71,34.0,4.0,66.0,3.0,10.0,20.0,1,2,1,4,7,0,0,0,0,0,0,3.0,11.0,0,7,137.0,71,,6,2,2,2,222
6257,1976,Master,Single,60482.0,0,1,,81,255.0,43.0,134.0,37.0,14.0,24.0,1,7,2,7,7,0,0,0,0,0,0,3.0,11.0,0,16,507.0,81,,6,1,4,3,143
3790,1956,Graduation,Together,34633.0,2,1,,31,8.0,1.0,5.0,0.0,0.0,1.0,1,1,0,2,6,0,0,0,0,0,0,3.0,11.0,0,3,15.0,31,,4,4,1,1,411
9952,1947,Master,Together,78093.0,0,0,2013-11-12,53,368.0,32.0,639.0,13.0,43.0,10.0,1,4,7,5,1,0,0,0,0,0,0,3.0,11.0,0,16,1105.0,53,4356.0,6,3,4,4,344
3503,1950,Graduation,Divorced,82460.0,0,0,2013-02-12,78,255.0,47.0,573.0,52.0,32.0,15.0,1,5,3,6,1,0,0,0,0,0,0,3.0,11.0,0,14,974.0,78,4629.0,6,2,3,4,234
5223,1966,Master,Together,45903.0,0,1,,80,33.0,8.0,10.0,2.0,10.0,3.0,2,2,1,3,4,0,0,0,0,0,0,3.0,11.0,0,6,66.0,80,,6,1,2,2,122
4608,1987,Graduation,Divorced,81361.0,0,0,,18,163.0,23.0,424.0,27.0,65.0,76.0,1,3,10,13,1,0,0,0,0,0,0,3.0,11.0,1,26,778.0,18,,6,5,5,4,554
1626,1973,PhD,Divorced,35860.0,1,1,,37,15.0,0.0,8.0,4.0,2.0,20.0,2,1,1,2,5,1,0,0,0,0,0,3.0,11.0,1,4,49.0,37,,5,4,1,1,411
4764,1952,Master,Together,40442.0,1,1,,52,45.0,12.0,52.0,25.0,22.0,13.0,4,3,1,4,7,0,0,0,0,0,0,3.0,11.0,1,8,169.0,52,,6,3,2,2,322
2471,1965,Graduation,Married,61482.0,0,0,,39,48.0,58.0,68.0,16.0,66.0,43.0,1,3,2,6,2,0,0,0,0,0,0,3.0,11.0,0,11,299.0,39,,6,3,3,3,333
5892,1980,Graduation,Married,34968.0,1,0,2013-10-04,11,158.0,6.0,45.0,8.0,2.0,2.0,7,3,2,5,7,0,0,0,0,0,0,3.0,11.0,0,10,221.0,11,4395.0,6,5,3,3,533
2612,1987,Graduation,Married,75794.0,0,0,,33,754.0,160.0,625.0,63.0,32.0,48.0,1,7,5,12,3,0,0,0,1,0,0,3.0,11.0,0,24,1682.0,33,,6,4,5,5,455
4971,1962,PhD,Together,31497.0,0,1,2012-06-12,22,108.0,1.0,28.0,13.0,1.0,4.0,2,3,1,4,8,0,0,0,0,0,0,3.0,11.0,0,8,155.0,22,4874.0,6,4,2,2,422
5185,1955,Graduation,Married,74268.0,0,0,,83,199.0,66.0,315.0,97.0,174.0,41.0,1,4,3,5,2,0,0,0,0,0,0,3.0,11.0,0,12,892.0,83,,6,1,3,4,134
10069,1988,Basic,Together,13724.0,1,0,,43,2.0,7.0,5.0,2.0,15.0,27.0,1,2,0,2,9,1,0,0,0,0,0,3.0,11.0,0,4,58.0,43,,6,3,1,2,312
2262,1965,Master,Together,45143.0,0,1,,74,202.0,5.0,74.0,11.0,5.0,14.0,3,6,1,5,7,0,0,0,0,0,0,3.0,11.0,0,12,311.0,74,,6,2,3,3,233
1131,1967,PhD,Single,52569.0,0,1,2014-05-04,54,85.0,0.0,3.0,0.0,0.0,7.0,1,2,0,4,3,0,0,0,0,0,0,3.0,11.0,0,6,95.0,54,4183.0,3,3,2,2,322
1041,1973,PhD,Single,48432.0,0,1,,3,322.0,3.0,50.0,4.0,3.0,42.0,5,7,1,6,8,0,0,0,0,0,0,3.0,11.0,1,14,424.0,3,,6,5,3,3,533
24,1960,Master,Together,17144.0,1,1,,96,18.0,2.0,19.0,0.0,2.0,6.0,5,3,0,4,7,0,0,0,0,0,0,3.0,11.0,0,7,47.0,96,,5,1,2,1,121
3409,1984,Graduation,Single,36108.0,1,0,,68,141.0,8.0,129.0,3.0,11.0,47.0,3,7,1,4,9,1,0,0,0,0,0,3.0,11.0,0,12,339.0,68,,6,2,3,3,233
7022,1971,Graduation,Married,76445.0,1,0,,2,739.0,107.0,309.0,140.0,80.0,35.0,1,2,5,13,6,0,0,0,0,0,0,3.0,11.0,0,20,1410.0,2,,6,5,5,5,555
7943,1975,PhD,Married,36663.0,1,0,,40,18.0,0.0,6.0,3.0,3.0,5.0,1,1,1,3,2,0,0,0,0,0,0,3.0,11.0,0,5,35.0,40,,5,3,2,1,321
5272,1965,Master,Married,53843.0,0,1,,64,378.0,0.0,88.0,19.0,4.0,73.0,4,8,5,3,7,0,0,0,0,0,0,3.0,11.0,0,16,562.0,64,,5,2,4,3,243
5453,1956,Master,Married,90226.0,0,0,,26,1083.0,108.0,649.0,253.0,151.0,108.0,1,4,7,12,2,0,0,0,1,0,0,3.0,11.0,0,23,2352.0,26,,6,4,5,5,455
2565,1955,Master,Divorced,70638.0,0,0,2013-01-06,69,1016.0,12.0,215.0,16.0,12.0,63.0,1,4,5,10,3,0,1,0,0,0,0,3.0,11.0,0,19,1334.0,69,4666.0,6,2,4,5,245
800,1960,Graduation,Together,44512.0,1,1,,57,23.0,1.0,6.0,0.0,0.0,2.0,2,1,0,3,4,0,0,0,0,0,0,3.0,11.0,0,4,32.0,57,,4,3,1,1,311
11092,1961,Graduation,Married,27116.0,1,1,2014-02-03,78,12.0,1.0,21.0,2.0,2.0,3.0,2,2,0,3,7,0,0,0,0,0,0,3.0,11.0,0,5,41.0,78,4273.0,6,2,2,1,221
5062,1963,PhD,Married,54072.0,1,1,,71,35.0,0.0,4.0,0.0,0.0,0.0,1,2,0,2,8,0,0,0,0,0,0,3.0,11.0,0,4,39.0,71,,2,2,1,1,211
8969,1977,Graduation,Married,71855.0,0,1,,59,548.0,31.0,422.0,0.0,112.0,28.0,4,5,5,11,3,0,0,0,0,0,0,3.0,11.0,0,21,1141.0,59,,5,2,5,4,254
4656,1990,2n Cycle,Single,51250.0,1,0,,28,342.0,32.0,230.0,34.0,32.0,40.0,5,10,5,4,9,1,0,0,0,0,0,3.0,11.0,0,19,710.0,28,,6,4,4,4,444
4480,1973,Master,Married,60432.0,0,1,2014-09-03,61,365.0,3.0,15.0,4.0,3.0,11.0,5,7,2,5,6,0,0,0,0,0,0,3.0,11.0,0,14,401.0,61,4061.0,6,2,3,3,233
9971,1964,PhD,Married,65526.0,0,1,2014-11-04,22,397.0,19.0,69.0,12.0,0.0,9.0,1,4,4,8,2,0,0,0,0,0,0,3.0,11.0,0,16,506.0,22,3999.0,5,4,4,3,443
6729,1988,Graduation,Single,68655.0,0,0,2012-10-08,95,456.0,19.0,832.0,75.0,118.0,38.0,1,4,5,11,3,0,0,0,0,0,0,3.0,11.0,0,20,1538.0,95,4756.0,6,1,5,5,155
1773,1978,2n Cycle,Married,12393.0,0,0,2012-04-12,38,5.0,6.0,15.0,11.0,7.0,13.0,1,2,0,3,9,0,0,0,0,0,0,3.0,11.0,0,5,57.0,38,4935.0,6,4,2,2,422
9242,1990,Graduation,Single,64509.0,0,0,,19,836.0,185.0,575.0,24.0,25.0,77.0,1,6,3,9,4,1,0,0,0,0,0,3.0,11.0,1,18,1722.0,19,,6,4,4,5,445
1764,1975,Graduation,Single,33955.0,1,0,2013-09-08,92,100.0,2.0,128.0,23.0,7.0,10.0,4,5,1,5,8,0,0,0,0,0,0,3.0,11.0,0,11,270.0,92,4421.0,6,1,3,3,133
6215,1977,Graduation,Married,31353.0,1,1,,24,10.0,0.0,10.0,3.0,1.0,7.0,2,1,1,2,8,0,0,0,0,0,0,3.0,11.0,1,4,31.0,24,,5,4,1,1,411
10099,1984,Graduation,Married,55434.0,1,0,2013-05-10,21,238.0,115.0,215.0,169.0,69.0,76.0,3,5,3,13,4,0,0,0,0,0,0,3.0,11.0,0,21,882.0,21,4542.0,6,4,5,4,454
5423,1983,Graduation,Together,28359.0,1,0,,35,6.0,0.0,5.0,2.0,1.0,2.0,1,1,0,2,7,0,0,0,0,0,0,3.0,11.0,0,3,16.0,35,,5,4,1,1,411
940,1987,Graduation,Single,57100.0,1,0,,9,158.0,11.0,99.0,15.0,11.0,17.0,2,3,2,7,3,0,0,0,0,0,0,3.0,11.0,0,12,311.0,9,,6,5,3,3,533
3011,1965,Graduation,Married,69139.0,0,1,,23,86.0,12.0,75.0,33.0,15.0,6.0,1,4,1,5,4,0,0,0,0,0,0,3.0,11.0,0,10,227.0,23,,6,4,3,3,433
3298,1956,Master,Married,52973.0,0,1,2012-08-11,92,856.0,0.0,76.0,12.0,9.0,199.0,7,9,6,9,8,0,0,0,0,0,0,3.0,11.0,0,24,1152.0,92,4814.0,5,1,5,4,154
8286,1965,PhD,Together,51717.0,0,1,,55,98.0,1.0,17.0,0.0,1.0,5.0,1,3,0,4,7,0,1,0,0,0,0,3.0,11.0,0,7,122.0,55,,5,3,2,2,322
9668,1971,Graduation,Married,18793.0,1,0,2013-12-01,14,4.0,16.0,20.0,0.0,17.0,20.0,3,2,0,4,8,0,0,0,0,0,0,3.0,11.0,0,6,77.0,14,4337.0,5,5,2,2,522
5120,1982,2n Cycle,Together,66664.0,0,0,,78,398.0,96.0,447.0,220.0,96.0,32.0,1,5,7,6,3,0,0,0,0,0,0,3.0,11.0,0,18,1289.0,78,,6,2,4,5,245
6097,1959,Graduation,Single,50664.0,1,1,,64,313.0,8.0,104.0,6.0,4.0,126.0,9,8,1,6,9,0,0,0,0,0,0,3.0,11.0,0,15,561.0,64,,6,2,4,3,243
7019,1963,Graduation,Together,54414.0,1,1,,49,109.0,18.0,16.0,24.0,26.0,18.0,4,3,1,5,4,0,0,0,0,0,0,3.0,11.0,0,9,211.0,49,,6,3,3,3,333
7408,1952,PhD,Married,54549.0,0,1,2014-03-03,8,216.0,2.0,6.0,0.0,0.0,9.0,2,5,1,4,7,0,0,0,0,0,0,3.0,11.0,0,10,233.0,8,4245.0,4,5,3,3,533
8041,1971,PhD,Widow,47111.0,0,1,2012-08-09,35,595.0,71.0,153.0,120.0,112.0,41.0,6,3,2,10,9,0,0,0,0,0,0,3.0,11.0,0,15,1092.0,35,4816.0,6,4,4,4,444
252,1963,PhD,Divorced,41003.0,0,0,,11,123.0,133.0,142.0,71.0,44.0,88.0,1,6,2,8,6,0,0,0,0,0,0,3.0,11.0,0,16,601.0,11,,6,5,4,3,543
9986,1982,Graduation,Together,19444.0,1,0,,8,16.0,0.0,23.0,3.0,2.0,10.0,3,4,1,2,7,0,0,0,0,0,0,3.0,11.0,1,7,54.0,8,,5,5,2,1,521
3276,1976,2n Cycle,Together,36301.0,1,0,,53,11.0,12.0,35.0,3.0,5.0,12.0,1,3,0,3,7,0,0,0,0,0,0,3.0,11.0,0,6,78.0,53,,6,3,2,2,322
3859,1947,PhD,Together,73059.0,0,1,,36,410.0,112.0,420.0,0.0,82.0,71.0,1,9,3,13,4,0,0,0,0,0,0,3.0,11.0,0,25,1095.0,36,,5,4,5,4,454
3570,1969,PhD,Together,42731.0,1,0,,64,159.0,2.0,51.0,6.0,2.0,24.0,3,4,1,5,5,0,0,0,0,0,0,3.0,11.0,0,10,244.0,64,,6,2,3,3,233
3783,1959,PhD,Married,52854.0,1,1,,43,105.0,0.0,10.0,0.0,1.0,0.0,2,2,1,4,5,0,0,0,0,0,0,3.0,11.0,0,7,116.0,43,,3,3,2,2,322
10207,1978,Graduation,Together,22775.0,1,0,,40,5.0,1.0,8.0,0.0,0.0,1.0,1,1,0,2,8,0,0,0,0,0,0,3.0,11.0,0,3,15.0,40,,4,3,1,1,311
10906,1948,PhD,Together,46681.0,0,2,2013-08-10,52,269.0,15.0,69.0,15.0,19.0,38.0,2,4,6,4,5,0,0,0,0,0,0,3.0,11.0,0,14,425.0,52,4450.0,6,3,3,3,333
3427,1955,PhD,Married,59821.0,0,1,2013-12-04,11,629.0,0.0,70.0,0.0,0.0,35.0,6,11,2,7,8,0,0,0,0,0,0,3.0,11.0,0,20,734.0,11,4334.0,3,5,5,4,554
5209,1954,Graduation,Divorced,50002.0,0,1,,21,443.0,5.0,71.0,21.0,16.0,82.0,2,8,2,7,7,0,0,0,0,0,0,3.0,11.0,0,17,638.0,21,,6,4,4,4,444
10711,1945,Graduation,Married,69755.0,0,0,2013-02-10,23,217.0,77.0,373.0,111.0,23.0,93.0,1,3,6,12,1,0,0,0,0,0,0,3.0,11.0,0,21,894.0,23,4631.0,6,4,5,4,454
10785,1969,Graduation,Married,44078.0,1,1,,17,24.0,1.0,10.0,2.0,0.0,4.0,2,2,0,3,5,0,0,0,0,0,0,3.0,11.0,0,5,41.0,17,,5,5,2,1,521
2814,1976,Master,Together,30560.0,1,0,,6,9.0,1.0,5.0,4.0,5.0,7.0,1,1,0,3,7,0,0,0,0,0,0,3.0,11.0,0,4,31.0,6,,6,5,1,1,511
6866,1969,Master,Together,35924.0,1,1,,56,8.0,0.0,14.0,2.0,3.0,7.0,1,1,0,3,5,0,0,0,0,0,0,3.0,11.0,0,4,34.0,56,,5,3,1,1,311
1665,1964,PhD,Divorced,64140.0,0,2,,71,1459.0,0.0,61.0,0.0,15.0,215.0,5,2,5,6,5,1,0,1,0,1,0,3.0,11.0,1,13,1750.0,71,,4,2,3,5,235
6575,1981,Graduation,Together,56386.0,1,1,,51,230.0,48.0,214.0,13.0,32.0,75.0,8,9,1,7,9,0,0,0,0,0,0,3.0,11.0,0,17,612.0,51,,6,3,4,3,343
3829,1979,Basic,Together,24594.0,1,0,2013-10-12,94,1.0,3.0,6.0,10.0,0.0,9.0,1,1,0,3,5,0,0,0,0,0,0,3.0,11.0,0,4,29.0,94,4387.0,5,1,1,1,111
3091,1981,2n Cycle,Together,75774.0,1,0,2014-02-05,27,340.0,21.0,134.0,258.0,14.0,56.0,1,7,5,8,4,0,0,0,0,0,0,3.0,11.0,0,20,823.0,27,4271.0,6,4,5,4,454
10141,1960,Master,Divorced,39228.0,0,0,2013-10-05,1,7.0,1.0,6.0,0.0,3.0,3.0,1,0,0,3,4,0,0,0,0,0,0,3.0,11.0,0,3,20.0,1,4394.0,5,5,1,1,511
5177,1974,Master,Married,58494.0,0,1,2013-12-12,56,298.0,7.0,68.0,4.0,0.0,19.0,2,6,2,6,6,0,0,0,0,0,0,3.0,11.0,0,14,396.0,56,4326.0,5,3,3,3,333
7005,1981,Graduation,Single,58684.0,0,0,,71,479.0,35.0,179.0,28.0,7.0,85.0,1,5,3,12,2,0,1,0,0,0,0,3.0,11.0,0,20,813.0,71,,6,2,5,4,254
6409,1967,Graduation,Divorced,57136.0,0,0,,18,267.0,140.0,599.0,34.0,12.0,127.0,1,7,5,7,6,0,0,0,0,0,0,3.0,11.0,1,19,1179.0,18,,6,5,4,5,545
7485,1950,PhD,Widow,56551.0,1,1,2014-07-05,48,67.0,4.0,32.0,17.0,2.0,16.0,3,2,1,4,4,0,0,0,0,0,0,3.0,11.0,0,7,138.0,48,4121.0,6,3,2,2,322
8079,1982,Graduation,Married,22448.0,1,0,,86,3.0,1.0,8.0,23.0,2.0,18.0,3,2,1,3,3,0,0,0,0,0,0,3.0,11.0,0,6,55.0,86,,6,1,2,2,122
8395,1961,Graduation,Single,82014.0,0,0,,48,980.0,37.0,265.0,35.0,163.0,31.0,1,3,6,12,6,0,0,0,0,0,0,3.0,11.0,1,21,1511.0,48,,6,3,5,5,355
10352,1963,Graduation,Widow,34213.0,1,1,2012-07-09,2,50.0,4.0,28.0,6.0,3.0,26.0,3,3,1,2,9,0,0,0,0,0,0,3.0,11.0,1,6,117.0,2,4847.0,6,5,2,2,522
4931,1977,Graduation,Together,157146.0,0,0,,13,1.0,0.0,1725.0,2.0,1.0,1.0,0,0,28,0,1,0,0,0,0,0,0,3.0,11.0,0,28,1730.0,13,,5,5,5,5,555
13,1947,PhD,Widow,25358.0,0,1,,57,19.0,0.0,5.0,0.0,0.0,8.0,2,1,0,3,6,0,0,0,0,0,0,3.0,11.0,0,4,32.0,57,,3,3,1,1,311
1834,1978,Master,Single,35544.0,1,0,2014-08-03,77,30.0,5.0,23.0,4.0,1.0,4.0,1,2,0,3,7,0,0,0,0,0,0,3.0,11.0,0,5,67.0,77,4092.0,6,2,2,2,222
2285,1954,Master,Together,36634.0,0,1,,0,213.0,9.0,76.0,4.0,3.0,30.0,3,5,2,5,7,0,0,0,0,0,0,3.0,11.0,0,12,335.0,0,,6,5,3,3,533
2295,1954,PhD,Married,62670.0,0,1,2014-02-02,57,539.0,30.0,92.0,80.0,46.0,38.0,1,5,3,13,3,0,0,0,0,0,0,3.0,11.0,0,21,825.0,57,4274.0,6,3,5,4,354
1378,1972,2n Cycle,Together,50334.0,0,1,,24,284.0,16.0,160.0,84.0,16.0,134.0,6,7,4,6,6,0,0,0,0,0,0,3.0,11.0,0,17,694.0,24,,6,4,4,4,444
2781,1981,Graduation,Single,72066.0,0,0,,55,1003.0,34.0,536.0,134.0,51.0,34.0,1,4,6,6,2,0,0,1,1,0,0,3.0,11.0,1,16,1792.0,55,,6,3,4,5,345
1165,1958,PhD,Single,50729.0,1,1,2013-02-05,62,239.0,13.0,143.0,45.0,4.0,52.0,9,6,2,7,6,0,0,0,0,0,0,3.0,11.0,0,15,496.0,62,4636.0,6,2,4,3,243
1404,1968,Graduation,Together,34916.0,2,0,,89,51.0,23.0,82.0,33.0,0.0,42.0,4,5,1,3,9,0,0,0,0,0,0,3.0,11.0,0,9,231.0,89,,5,1,3,3,133
6457,1976,Graduation,Divorced,64892.0,0,1,,77,527.0,24.0,230.0,32.0,24.0,65.0,2,6,4,12,4,0,0,0,0,0,0,3.0,11.0,0,22,902.0,77,,6,2,5,4,254
2639,1966,Graduation,Single,43602.0,1,1,2014-10-01,45,19.0,5.0,12.0,10.0,3.0,19.0,3,3,1,2,6,0,0,0,0,0,0,3.0,11.0,0,6,68.0,45,4033.0,6,3,2,2,322
8299,1989,PhD,Single,33996.0,0,0,2013-11-09,46,40.0,2.0,15.0,8.0,0.0,6.0,1,1,1,3,4,0,0,0,0,0,0,3.0,11.0,0,5,71.0,46,4359.0,5,3,2,2,322
6437,1985,2n Cycle,Single,41473.0,1,0,,80,21.0,8.0,20.0,15.0,3.0,9.0,1,2,0,3,7,0,0,0,0,0,0,3.0,11.0,0,5,76.0,80,,6,1,2,2,122
6912,1967,PhD,Married,63246.0,0,2,,60,593.0,30.0,91.0,29.0,22.0,7.0,1,6,3,12,4,0,0,0,0,0,0,3.0,11.0,0,21,772.0,60,,6,2,5,4,254
7327,1959,PhD,Married,36732.0,1,1,,71,21.0,5.0,3.0,10.0,1.0,7.0,3,1,1,4,2,0,0,0,0,0,0,3.0,11.0,0,6,47.0,71,,6,2,2,1,221
5299,1970,PhD,Married,69084.0,1,0,,43,1181.0,107.0,199.0,39.0,30.0,30.0,2,7,3,13,8,0,0,0,0,0,0,3.0,11.0,0,23,1586.0,43,,6,3,5,5,355
4127,1967,PhD,Married,77766.0,0,1,,97,1004.0,59.0,265.0,115.0,59.0,27.0,2,11,10,11,6,1,0,0,0,0,0,3.0,11.0,1,32,1529.0,97,,6,1,5,5,155
8143,1985,PhD,Single,37929.0,0,0,,49,202.0,2.0,46.0,3.0,2.0,10.0,2,4,2,5,7,0,1,0,1,0,0,3.0,11.0,1,11,265.0,49,,6,3,3,3,333
1964,1951,Graduation,Together,86610.0,0,0,2013-05-09,66,446.0,107.0,768.0,33.0,196.0,53.0,1,5,6,6,2,0,0,0,0,0,0,3.0,11.0,0,17,1603.0,66,4543.0,6,2,4,5,245
3690,1986,Master,Married,80141.0,0,0,2013-11-01,20,1184.0,102.0,673.0,52.0,40.0,40.0,1,7,4,10,6,0,0,1,0,0,0,3.0,11.0,1,21,2091.0,20,4367.0,6,4,5,5,455
3433,1955,2n Cycle,Married,72635.0,0,0,2013-03-06,54,390.0,22.0,323.0,104.0,35.0,107.0,1,6,8,6,3,0,0,0,1,0,0,3.0,11.0,0,20,981.0,54,4607.0,6,3,5,4,354
3389,1970,Graduation,Married,69016.0,0,1,,61,726.0,53.0,363.0,123.0,107.0,161.0,4,8,9,13,5,0,0,0,0,0,0,3.0,11.0,0,30,1533.0,61,,6,2,5,5,255
4712,1991,2n Cycle,Together,20193.0,0,0,,18,8.0,8.0,22.0,24.0,11.0,9.0,1,1,1,4,4,0,0,0,0,0,0,3.0,11.0,0,6,82.0,18,,6,5,2,2,522
1170,1975,Graduation,Married,27573.0,1,0,,45,50.0,15.0,110.0,39.0,15.0,15.0,4,5,1,4,8,0,0,0,0,0,0,3.0,11.0,0,10,244.0,45,,6,3,3,3,333
6347,1979,Basic,Single,15862.0,1,0,,26,1.0,1.0,4.0,11.0,9.0,10.0,1,1,0,3,8,0,0,0,0,0,0,3.0,11.0,0,4,36.0,26,,6,4,1,1,411
4065,1976,PhD,Married,49544.0,1,0,2013-12-02,0,308.0,0.0,73.0,0.0,0.0,23.0,2,5,1,8,7,0,0,0,0,0,0,3.0,11.0,0,14,404.0,0,4336.0,3,5,3,3,533
8230,1980,Graduation,Married,33228.0,1,0,,28,22.0,2.0,31.0,7.0,4.0,5.0,1,2,0,3,7,0,0,0,0,0,0,3.0,11.0,0,5,71.0,28,,6,4,2,2,422
1215,1978,Graduation,Together,70440.0,0,0,2013-08-10,49,690.0,117.0,499.0,76.0,102.0,88.0,1,5,10,7,3,0,0,0,1,0,0,3.0,11.0,0,22,1572.0,49,4450.0,6,3,5,5,355
5939,1971,Graduation,Together,38232.0,1,1,,84,43.0,5.0,28.0,7.0,6.0,33.0,4,3,1,3,5,0,0,0,0,0,0,3.0,11.0,0,7,122.0,84,,6,1,2,2,122
2156,1955,PhD,Married,22554.0,1,1,2012-03-11,38,27.0,0.0,10.0,0.0,0.0,4.0,4,2,0,4,5,0,0,0,0,0,0,3.0,11.0,0,6,41.0,38,4967.0,3,4,2,1,421
7788,1983,PhD,Married,23536.0,1,0,2014-04-06,53,6.0,0.0,3.0,0.0,0.0,1.0,1,0,0,3,3,0,0,0,0,0,0,3.0,11.0,0,3,10.0,53,4211.0,3,3,1,1,311
10323,1952,Graduation,Married,49413.0,0,1,,88,205.0,7.0,41.0,3.0,2.0,46.0,2,4,2,5,5,0,0,0,0,0,0,3.0,11.0,0,11,304.0,88,,6,1,3,3,133
7947,1969,Graduation,Married,42231.0,1,1,,99,24.0,0.0,8.0,0.0,1.0,4.0,1,1,0,3,5,0,0,0,0,0,0,3.0,11.0,0,4,37.0,99,,4,1,1,1,111
1891,1980,Master,Divorced,78789.0,0,0,2012-08-08,12,667.0,50.0,850.0,21.0,83.0,83.0,1,4,6,5,2,0,0,0,0,0,0,3.0,11.0,1,15,1754.0,12,4817.0,6,5,4,5,545
2570,1968,Graduation,Together,56534.0,0,1,,35,691.0,7.0,61.0,10.0,0.0,46.0,4,10,4,7,8,0,1,0,0,1,0,3.0,11.0,1,21,815.0,35,,5,4,5,4,454
9256,1971,Graduation,Single,58350.0,0,1,2013-04-01,5,493.0,26.0,206.0,116.0,80.0,80.0,4,8,3,12,6,0,0,0,0,0,0,3.0,11.0,0,23,1001.0,5,4581.0,6,5,5,4,554
295,1989,Graduation,Single,81217.0,0,0,,77,493.0,70.0,324.0,146.0,40.0,84.0,1,3,7,11,1,0,0,0,0,0,0,3.0,11.0,0,21,1157.0,77,,6,2,5,4,254
7397,1951,Graduation,Single,49090.0,0,1,,45,494.0,5.0,82.0,7.0,0.0,100.0,3,7,2,9,7,0,0,0,0,0,0,3.0,11.0,0,18,688.0,45,,5,3,4,4,344
6349,1987,Master,Divorced,61787.0,0,0,2013-06-07,71,621.0,73.0,414.0,78.0,48.0,85.0,1,8,4,6,5,0,0,0,0,0,0,3.0,11.0,0,18,1319.0,71,4514.0,6,2,4,5,245
10790,1985,PhD,Married,18169.0,1,0,,40,9.0,0.0,5.0,0.0,0.0,7.0,1,1,0,2,8,0,0,0,0,0,0,3.0,11.0,0,3,21.0,40,,3,3,1,1,311
10398,1981,2n Cycle,Single,24336.0,1,0,,82,1.0,6.0,2.0,8.0,2.0,12.0,1,1,0,2,7,0,0,0,0,0,0,3.0,11.0,0,3,31.0,82,,6,1,1,1,111
2431,1990,Graduation,Married,18222.0,0,0,,70,12.0,4.0,19.0,12.0,6.0,14.0,1,2,0,3,8,0,0,0,0,0,0,3.0,11.0,0,5,67.0,70,,6,2,2,2,222
550,1952,Graduation,Divorced,62335.0,0,1,,87,243.0,131.0,217.0,85.0,6.0,26.0,2,3,3,13,2,0,0,0,0,0,0,3.0,11.0,0,19,708.0,87,,6,1,4,4,144
1890,1971,2n Cycle,Together,42033.0,1,1,,95,11.0,1.0,4.0,2.0,0.0,7.0,1,1,0,2,7,0,0,0,0,0,0,3.0,11.0,0,3,25.0,95,,5,1,1,1,111
10742,1983,PhD,Married,86580.0,0,0,,72,532.0,21.0,127.0,26.0,20.0,20.0,0,4,2,5,1,0,0,1,0,0,0,3.0,11.0,0,11,746.0,72,,6,2,3,4,234
10356,1957,PhD,Divorced,41437.0,1,1,,5,29.0,0.0,2.0,0.0,0.0,1.0,1,1,0,3,7,0,0,0,0,0,0,3.0,11.0,0,4,32.0,5,,3,5,1,1,511
4676,1951,Master,Widow,73705.0,0,2,2014-05-03,86,612.0,91.0,520.0,258.0,107.0,107.0,2,9,6,8,5,0,0,0,0,0,0,3.0,11.0,0,23,1695.0,86,4184.0,6,1,5,5,155
8852,1976,Graduation,Married,61064.0,0,1,,80,387.0,126.0,342.0,0.0,45.0,180.0,5,8,4,11,6,0,0,0,0,0,0,3.0,11.0,0,23,1080.0,80,,5,1,5,4,154
3565,1955,Master,Married,38452.0,1,1,,62,56.0,0.0,14.0,0.0,0.0,2.0,3,3,0,3,7,0,0,0,0,0,0,3.0,11.0,0,6,72.0,62,,3,2,2,2,222
5294,1989,Graduation,Single,18358.0,1,0,,49,6.0,8.0,19.0,16.0,4.0,4.0,3,3,0,4,7,0,0,0,0,0,0,3.0,11.0,0,7,57.0,49,,6,3,2,2,322
1958,1973,PhD,Together,55012.0,0,1,,85,582.0,0.0,65.0,0.0,0.0,13.0,6,8,2,9,5,0,0,0,0,0,0,3.0,11.0,0,19,660.0,85,,3,1,4,4,144
7349,1973,Basic,Together,9722.0,1,0,2012-02-10,7,6.0,17.0,16.0,6.0,16.0,42.0,4,3,1,3,8,0,0,0,0,0,0,3.0,11.0,1,7,103.0,7,4997.0,6,5,2,2,522
8799,1984,PhD,Married,38175.0,1,0,,6,70.0,6.0,69.0,2.0,3.0,3.0,3,3,1,4,7,0,0,0,0,0,0,3.0,11.0,0,8,153.0,6,,6,5,2,2,522
1351,1956,Master,Together,58656.0,0,1,,25,962.0,12.0,194.0,16.0,24.0,12.0,4,7,8,13,6,0,0,1,0,0,0,3.0,11.0,0,28,1220.0,25,,6,4,5,5,455
1045,1965,Graduation,Together,52117.0,0,1,,55,112.0,10.0,107.0,30.0,0.0,20.0,2,5,2,4,7,0,0,0,0,0,0,3.0,11.0,0,11,279.0,55,,5,3,3,3,333
7732,1978,Graduation,Married,64813.0,1,0,2014-02-01,81,293.0,0.0,124.0,179.0,97.0,52.0,1,7,2,10,5,0,0,0,0,0,0,3.0,11.0,0,19,745.0,81,4275.0,5,1,4,4,144
8070,1973,PhD,Married,54222.0,0,1,2014-01-03,98,199.0,12.0,31.0,3.0,12.0,7.0,1,3,3,5,3,0,0,0,0,0,0,3.0,11.0,0,11,264.0,98,4304.0,6,1,3,3,133
477,1986,Graduation,Married,83512.0,0,0,,31,1060.0,61.0,835.0,80.0,20.0,101.0,1,4,7,10,1,1,0,1,1,1,0,3.0,11.0,1,21,2157.0,31,,6,4,5,5,455
7832,1959,Master,Married,77520.0,0,1,,30,940.0,44.0,396.0,0.0,88.0,58.0,1,8,7,7,4,1,0,1,1,0,0,3.0,11.0,1,22,1526.0,30,,5,4,5,5,455
2202,1978,Graduation,Together,41154.0,0,1,2013-09-04,98,44.0,2.0,11.0,2.0,3.0,7.0,1,1,0,4,5,0,0,0,0,0,0,3.0,11.0,0,5,69.0,98,4425.0,6,1,2,2,122
7396,1966,Graduation,Married,80398.0,0,0,2012-10-11,92,342.0,51.0,936.0,207.0,35.0,26.0,1,5,8,12,3,0,0,1,0,0,0,3.0,11.0,0,25,1597.0,92,4753.0,6,1,5,5,155
4055,1992,Basic,Single,18746.0,1,0,,41,2.0,10.0,11.0,12.0,9.0,20.0,2,3,0,3,6,0,0,0,0,0,0,3.0,11.0,0,6,64.0,41,,6,3,2,2,322
10340,1984,Graduation,Together,35196.0,1,0,,68,75.0,12.0,141.0,43.0,39.0,187.0,6,6,1,5,8,0,0,0,0,0,0,3.0,11.0,0,12,497.0,68,,6,2,3,3,233
10091,1956,Graduation,Single,60230.0,0,1,,78,520.0,20.0,367.0,39.0,81.0,40.0,2,6,3,6,5,0,0,0,0,0,0,3.0,11.0,0,15,1067.0,78,,6,2,4,4,244
7629,1977,Graduation,Married,22108.0,1,1,2014-08-05,46,5.0,3.0,9.0,6.0,2.0,6.0,2,2,0,3,7,0,0,0,0,0,0,3.0,11.0,0,5,31.0,46,4090.0,6,3,2,1,321
10640,1974,Graduation,Together,44392.0,1,1,2013-05-09,71,87.0,5.0,71.0,7.0,12.0,29.0,5,4,1,4,7,0,0,0,0,0,0,3.0,11.0,0,9,211.0,71,4543.0,6,2,3,3,233
3498,1976,PhD,Married,55424.0,0,1,,6,462.0,61.0,184.0,10.0,53.0,107.0,4,7,5,9,6,1,0,0,0,0,0,3.0,11.0,1,21,877.0,6,,6,5,5,4,554
6742,1979,Graduation,Married,17688.0,1,0,,82,2.0,2.0,1.0,3.0,1.0,2.0,1,1,0,2,8,0,0,0,0,0,1,3.0,11.0,0,3,11.0,82,,6,1,1,1,111
1172,1983,PhD,Married,92491.0,0,0,2013-01-05,71,979.0,44.0,935.0,29.0,25.0,22.0,1,7,5,12,3,0,1,1,1,0,0,3.0,11.0,1,24,2034.0,71,4667.0,6,2,5,5,255
569,1991,Graduation,Single,90273.0,0,0,,32,704.0,129.0,853.0,120.0,74.0,111.0,1,5,6,7,2,0,1,1,1,0,0,3.0,11.0,1,18,1991.0,32,,6,4,4,5,445
4686,1962,PhD,Widow,82571.0,0,0,2014-02-04,28,861.0,31.0,558.0,62.0,95.0,79.0,0,6,5,13,2,0,0,1,0,0,0,3.0,11.0,0,24,1686.0,28,4272.0,6,4,5,5,455
1381,1982,PhD,Single,38513.0,1,0,,20,172.0,3.0,115.0,16.0,0.0,18.0,5,6,1,5,8,0,0,0,0,0,0,3.0,11.0,1,12,324.0,20,,5,4,3,3,433
2634,1979,Master,Single,16653.0,1,0,,10,5.0,7.0,31.0,15.0,4.0,7.0,3,2,1,3,6,0,0,0,0,0,0,3.0,11.0,1,6,69.0,10,,6,5,2,2,522
10905,1955,Graduation,Together,42586.0,1,1,,7,194.0,2.0,56.0,0.0,0.0,0.0,5,4,1,6,8,0,0,0,0,0,0,3.0,11.0,1,11,252.0,7,,3,5,3,3,533
1744,1965,Basic,Single,23529.0,0,1,2013-07-01,67,9.0,7.0,13.0,3.0,2.0,20.0,1,1,1,2,6,0,0,0,0,0,0,3.0,11.0,0,4,54.0,67,4490.0,6,2,1,1,211
1000,1961,Master,Together,74881.0,1,1,2013-08-03,48,505.0,72.0,270.0,36.0,27.0,54.0,4,9,2,12,5,0,0,0,0,0,0,3.0,11.0,0,23,964.0,48,4457.0,6,3,5,4,354
3828,1951,Graduation,Married,71107.0,0,1,,61,533.0,10.0,217.0,198.0,174.0,195.0,2,7,6,13,4,0,0,0,0,0,0,3.0,11.0,0,26,1327.0,61,,6,2,5,5,255
8605,1964,PhD,Together,46910.0,1,1,,36,48.0,0.0,14.0,0.0,0.0,6.0,2,2,0,3,6,0,0,0,0,0,0,3.0,11.0,0,5,68.0,36,,3,4,2,2,422
10304,1959,Graduation,Married,18690.0,0,0,,77,6.0,1.0,7.0,23.0,4.0,19.0,1,1,1,2,8,0,0,0,0,0,0,3.0,11.0,0,4,60.0,77,,6,2,1,2,212
4351,1955,Graduation,Divorced,37244.0,1,1,,90,18.0,2.0,10.0,0.0,0.0,25.0,1,1,1,2,7,1,0,0,0,0,0,3.0,11.0,0,4,55.0,90,,4,1,1,2,112
10129,1966,Graduation,Together,82427.0,0,0,2014-12-03,35,482.0,147.0,509.0,104.0,107.0,107.0,1,3,5,12,1,0,0,1,0,0,0,3.0,11.0,0,20,1456.0,35,3970.0,6,4,5,5,455
2499,1958,2n Cycle,Single,75342.0,0,1,2013-06-05,38,204.0,97.0,97.0,21.0,118.0,26.0,1,5,2,10,4,0,0,0,0,0,0,3.0,11.0,0,17,563.0,38,4516.0,6,4,4,3,443
10092,1954,Graduation,Divorced,70044.0,0,1,,46,1073.0,0.0,250.0,153.0,14.0,14.0,4,7,10,5,5,0,0,0,0,0,0,3.0,11.0,0,22,1504.0,46,,5,3,5,5,355
7500,1967,Graduation,Single,79146.0,1,1,,33,245.0,16.0,223.0,21.0,43.0,16.0,2,8,1,8,6,0,0,0,0,0,0,3.0,11.0,0,17,564.0,33,,6,4,4,3,443
5796,1963,Graduation,Married,77437.0,0,0,,70,560.0,21.0,442.0,29.0,44.0,29.0,1,4,5,13,1,0,0,1,0,0,0,3.0,11.0,0,22,1125.0,70,,6,2,5,4,254
10556,1959,Graduation,Married,54984.0,0,1,,51,173.0,13.0,131.0,32.0,3.0,6.0,4,6,1,6,7,0,0,0,1,0,0,3.0,11.0,0,13,358.0,51,,6,3,3,3,333
1064,1971,PhD,Married,42403.0,1,0,2013-11-12,18,22.0,1.0,11.0,0.0,5.0,3.0,1,1,0,3,8,0,0,0,0,0,0,3.0,11.0,0,4,42.0,18,4356.0,5,5,1,1,511
48,1964,Graduation,Together,55761.0,0,1,,97,136.0,1.0,12.0,0.0,3.0,32.0,2,4,1,3,6,0,1,0,0,0,0,3.0,11.0,0,8,184.0,97,,5,1,2,2,122
7610,1983,Graduation,Together,37292.0,1,0,,32,275.0,0.0,86.0,10.0,23.0,66.0,5,6,3,5,8,0,0,0,0,0,0,3.0,11.0,0,14,460.0,32,,5,4,3,3,433
263,1945,PhD,Single,45576.0,0,0,,9,56.0,19.0,29.0,2.0,14.0,25.0,1,3,1,3,8,0,0,0,0,0,0,3.0,11.0,1,7,145.0,9,,6,5,2,2,522
10814,1947,Graduation,Together,70321.0,0,0,,6,303.0,23.0,751.0,82.0,26.0,191.0,1,6,5,13,4,0,0,0,0,0,0,3.0,11.0,1,24,1376.0,6,,6,5,5,5,555
9710,1969,PhD,Divorced,58086.0,0,1,,80,708.0,7.0,62.0,0.0,0.0,15.0,2,11,3,7,8,0,0,0,0,0,0,3.0,11.0,0,21,792.0,80,,4,1,5,4,154
9292,1952,Graduation,Married,81795.0,0,0,,74,324.0,132.0,693.0,27.0,118.0,88.0,1,4,11,7,2,0,0,0,0,0,0,3.0,11.0,0,22,1382.0,74,,6,2,5,5,255
10250,1947,Basic,Together,28389.0,0,0,,49,1.0,5.0,3.0,7.0,4.0,8.0,1,1,0,2,7,0,0,0,0,0,0,3.0,11.0,0,3,28.0,49,,6,3,1,1,311
7881,1946,Master,Married,66835.0,0,0,,21,620.0,26.0,195.0,34.0,17.0,141.0,1,6,4,13,2,0,0,0,0,0,0,3.0,11.0,0,23,1033.0,21,,6,4,5,4,454
5847,1969,Graduation,Divorced,69901.0,0,1,,95,312.0,21.0,206.0,102.0,92.0,149.0,3,7,3,10,5,0,0,0,0,0,0,3.0,11.0,0,20,882.0,95,,6,1,5,4,154
737,1949,PhD,Married,80360.0,0,0,2013-03-03,56,1493.0,86.0,454.0,112.0,43.0,43.0,2,4,4,5,2,0,1,1,1,0,0,3.0,11.0,0,13,2231.0,56,4610.0,6,3,3,5,335
3571,1961,PhD,Together,63342.0,0,1,,48,918.0,21.0,118.0,13.0,10.0,21.0,3,8,3,5,6,0,1,0,0,0,0,3.0,11.0,1,16,1101.0,48,,6,3,4,4,344
7807,1974,Graduation,Married,44989.0,0,1,2012-12-09,26,98.0,0.0,106.0,49.0,10.0,106.0,5,5,1,5,6,0,0,0,0,0,0,3.0,11.0,0,11,369.0,26,4694.0,5,4,3,3,433
3878,1980,2n Cycle,Single,31859.0,1,0,,3,3.0,4.0,7.0,15.0,8.0,11.0,1,1,0,3,7,0,0,0,0,0,0,3.0,11.0,0,4,48.0,3,,6,5,1,1,511
5092,1949,PhD,Widow,51569.0,0,1,2013-12-02,39,380.0,0.0,47.0,6.0,0.0,34.0,4,7,1,7,8,0,1,0,0,0,0,3.0,11.0,1,15,467.0,39,4336.0,4,3,4,3,343
2154,1971,Graduation,Widow,30372.0,1,1,,33,15.0,0.0,12.0,7.0,3.0,7.0,3,2,0,3,7,0,0,0,0,0,0,3.0,11.0,0,5,44.0,33,,5,4,2,1,421
5394,1979,Basic,Single,16014.0,1,1,,42,3.0,9.0,4.0,7.0,8.0,7.0,4,1,1,4,3,0,0,0,0,0,0,3.0,11.0,0,6,38.0,42,,6,3,2,1,321
3798,1968,Graduation,Married,41120.0,1,1,2013-06-11,80,24.0,2.0,23.0,0.0,8.0,24.0,3,2,1,3,6,0,0,0,0,0,0,3.0,11.0,0,6,81.0,80,4510.0,5,1,2,2,122
3524,1971,Master,Single,39763.0,1,0,2013-04-08,9,80.0,1.0,60.0,4.0,6.0,16.0,2,5,1,2,9,0,0,0,0,0,0,3.0,11.0,1,8,167.0,9,4574.0,6,5,2,2,522
5247,1955,PhD,Married,38725.0,1,1,2014-10-05,52,31.0,0.0,6.0,2.0,1.0,5.0,2,1,0,4,4,0,0,0,0,0,0,3.0,11.0,0,5,45.0,52,4029.0,5,3,2,1,321
5883,1972,Graduation,Married,77981.0,1,0,,78,138.0,120.0,204.0,16.0,126.0,60.0,3,7,4,7,5,0,0,0,0,0,0,3.0,11.0,0,18,664.0,78,,6,2,4,4,244
2118,1964,2n Cycle,Married,62905.0,0,1,2013-10-09,68,166.0,75.0,96.0,119.0,107.0,59.0,3,7,2,8,4,0,0,0,0,0,0,3.0,11.0,0,17,622.0,68,4390.0,6,2,4,3,243
8812,1979,2n Cycle,Divorced,13533.0,1,0,2013-10-03,45,12.0,3.0,8.0,8.0,0.0,17.0,2,2,0,3,7,0,0,0,0,0,0,3.0,11.0,0,5,48.0,45,4396.0,5,3,2,1,321
6616,1975,Graduation,Together,59481.0,0,1,,47,178.0,3.0,85.0,71.0,66.0,58.0,2,3,3,8,2,0,0,0,0,0,0,3.0,11.0,0,14,461.0,47,,6,3,3,3,333
2797,1977,Graduation,Married,72117.0,0,1,,34,707.0,20.0,171.0,65.0,60.0,50.0,1,9,7,9,5,0,0,0,0,0,0,3.0,11.0,0,25,1073.0,34,,6,4,5,4,454
4328,1986,2n Cycle,Married,21955.0,1,0,2013-07-09,81,5.0,1.0,7.0,17.0,14.0,11.0,2,2,1,3,6,0,0,0,0,0,0,3.0,11.0,0,6,55.0,81,4482.0,6,1,2,2,122
9167,1956,Graduation,Married,67131.0,0,1,,72,465.0,71.0,250.0,93.0,35.0,62.0,3,9,2,12,6,0,0,0,0,0,0,3.0,11.0,0,23,976.0,72,,6,2,5,4,254
10560,1980,PhD,Single,36802.0,1,0,,23,16.0,1.0,2.0,0.0,0.0,1.0,1,1,0,3,5,0,0,0,0,0,0,3.0,11.0,0,4,20.0,23,,4,4,1,1,411
2631,1982,Graduation,Together,71853.0,0,0,2013-08-05,29,358.0,108.0,413.0,141.0,97.0,32.0,1,2,8,6,1,0,0,0,0,0,0,3.0,11.0,0,16,1149.0,29,4455.0,6,4,4,4,444
8312,1961,Basic,Married,28249.0,0,0,,80,1.0,9.0,7.0,2.0,14.0,10.0,1,2,0,3,6,0,0,0,0,0,0,3.0,11.0,0,5,43.0,80,,6,1,2,1,121
5534,1975,Master,Married,47808.0,0,1,,30,123.0,1.0,26.0,2.0,0.0,72.0,2,3,2,3,7,1,0,0,0,0,0,3.0,11.0,0,8,224.0,30,,5,4,2,3,423
5093,1974,PhD,Divorced,25509.0,1,0,,15,40.0,3.0,30.0,10.0,7.0,11.0,3,3,0,3,9,0,0,0,0,0,0,3.0,11.0,1,6,101.0,15,,6,5,2,2,522
7592,1946,PhD,Married,51012.0,0,0,,86,102.0,9.0,63.0,2.0,9.0,24.0,1,4,1,4,6,0,0,0,0,0,0,3.0,11.0,0,9,209.0,86,,6,1,3,3,133
8895,1985,Graduation,Single,70596.0,0,0,2012-05-10,68,347.0,44.0,534.0,17.0,0.0,26.0,1,3,5,12,2,0,0,0,0,0,0,3.0,11.0,0,20,968.0,68,4907.0,5,2,5,4,254
8584,1952,PhD,Together,85431.0,0,0,2013-08-06,54,376.0,53.0,462.0,168.0,53.0,53.0,1,2,7,7,0,0,0,0,0,0,0,3.0,11.0,0,16,1165.0,54,4454.0,6,3,4,4,344
2694,1967,Graduation,Married,42664.0,0,1,,44,21.0,0.0,3.0,0.0,0.0,0.0,1,1,0,3,6,0,0,0,0,0,0,3.0,11.0,0,4,24.0,44,,2,3,1,1,311
8910,1955,Graduation,Together,42586.0,1,1,,7,194.0,2.0,56.0,0.0,0.0,0.0,5,4,1,6,8,0,0,0,0,0,0,3.0,11.0,1,11,252.0,7,,3,5,3,3,533
7433,1985,Graduation,Single,29760.0,1,0,,87,64.0,4.0,68.0,7.0,5.0,17.0,4,3,1,4,8,0,0,0,0,0,0,3.0,11.0,0,8,165.0,87,,6,1,2,2,122
164,1977,PhD,Married,28973.0,0,0,,59,206.0,0.0,46.0,3.0,2.0,12.0,2,5,1,5,8,0,0,0,0,0,0,3.0,11.0,0,11,269.0,59,,5,2,3,3,233
10477,1973,PhD,Together,39435.0,1,0,2013-06-08,16,71.0,0.0,18.0,0.0,0.0,13.0,1,3,1,2,7,0,0,0,0,0,0,3.0,11.0,0,6,102.0,16,4513.0,3,5,2,2,522
2681,1984,2n Cycle,Married,65370.0,0,0,2013-01-08,1,71.0,22.0,112.0,138.0,89.0,29.0,1,2,3,13,1,0,0,0,0,0,0,3.0,11.0,0,18,461.0,1,4664.0,6,5,4,3,543
5150,1979,Basic,Single,20194.0,1,0,,64,0.0,4.0,7.0,11.0,10.0,15.0,2,2,0,3,6,0,0,0,0,0,0,3.0,11.0,0,5,47.0,64,,5,2,2,1,221
5283,1976,PhD,Single,42473.0,1,1,,72,93.0,1.0,21.0,0.0,4.0,25.0,3,2,1,4,5,0,0,0,0,0,0,3.0,11.0,0,7,144.0,72,,5,2,2,2,222
9645,1968,Graduation,Married,64590.0,0,0,,98,920.0,138.0,168.0,36.0,46.0,30.0,1,9,4,10,6,0,0,0,0,0,0,3.0,11.0,0,23,1338.0,98,,6,1,5,5,155
10678,1959,Graduation,Together,71232.0,0,1,,91,653.0,17.0,170.0,34.0,26.0,17.0,2,11,2,10,7,0,0,0,0,0,0,3.0,11.0,0,23,917.0,91,,6,1,5,4,154
7261,1971,Graduation,Together,34600.0,1,1,2013-01-01,8,199.0,33.0,60.0,8.0,3.0,15.0,5,5,2,5,8,0,0,0,0,0,0,3.0,11.0,1,12,318.0,8,4671.0,6,5,3,3,533
9648,1967,Graduation,Single,46904.0,1,1,2012-03-11,20,153.0,4.0,56.0,0.0,9.0,31.0,4,5,1,4,8,0,0,0,0,0,0,3.0,11.0,0,10,253.0,20,4967.0,5,4,3,3,433
2870,1973,Graduation,Married,49094.0,0,1,,6,376.0,0.0,38.0,11.0,8.0,69.0,5,6,3,6,6,0,0,0,0,0,0,3.0,11.0,0,15,502.0,6,,5,5,4,3,543
8008,1983,Graduation,Together,36075.0,1,0,2013-09-12,54,46.0,0.0,30.0,12.0,1.0,30.0,1,2,0,4,6,0,0,0,0,0,0,3.0,11.0,0,6,119.0,54,4417.0,5,3,2,2,322
1513,1979,2n Cycle,Together,60839.0,1,1,,72,600.0,21.0,128.0,223.0,150.0,128.0,13,2,2,12,8,0,0,0,0,0,0,3.0,11.0,0,16,1250.0,72,,6,2,4,5,245
6173,1979,Graduation,Together,77298.0,0,1,2013-02-11,46,425.0,115.0,292.0,23.0,35.0,79.0,1,6,6,11,3,0,0,0,0,0,0,3.0,11.0,0,23,969.0,46,4630.0,6,3,5,4,354
1419,1950,Graduation,Together,34026.0,1,1,2013-05-08,11,18.0,6.0,15.0,12.0,8.0,17.0,3,2,1,3,5,0,0,0,0,0,0,3.0,11.0,0,6,76.0,11,4544.0,6,5,2,2,522
9150,1963,PhD,Single,48918.0,1,1,2014-12-04,21,52.0,0.0,9.0,0.0,0.0,1.0,2,1,0,4,4,0,0,0,0,0,0,3.0,11.0,0,5,62.0,21,3969.0,3,4,2,2,422
7960,1962,2n Cycle,Together,82122.0,0,0,,89,734.0,22.0,350.0,151.0,25.0,100.0,1,3,9,13,1,0,0,1,0,0,0,3.0,11.0,0,25,1382.0,89,,6,1,5,5,155
1250,1976,Graduation,Single,37697.0,1,0,2014-07-02,82,34.0,6.0,21.0,11.0,4.0,8.0,1,2,1,3,6,0,0,0,0,0,0,3.0,11.0,0,6,84.0,82,4124.0,6,1,2,2,122
9905,1952,Graduation,Together,34074.0,1,1,,69,135.0,1.0,41.0,10.0,1.0,67.0,5,3,3,3,6,1,0,0,0,0,0,3.0,11.0,0,9,255.0,69,,6,2,3,3,233
10691,1960,Master,Married,28520.0,1,1,,55,11.0,0.0,10.0,0.0,2.0,20.0,1,1,1,2,6,0,0,0,0,0,0,3.0,11.0,0,4,43.0,55,,4,3,1,1,311
7002,1955,Graduation,Single,62535.0,0,1,2013-03-10,13,163.0,48.0,90.0,0.0,45.0,52.0,1,3,2,8,3,0,0,0,0,0,0,3.0,11.0,0,13,398.0,13,4603.0,5,5,3,3,533
2952,1977,Master,Single,36273.0,1,0,,80,29.0,3.0,30.0,3.0,2.0,9.0,2,3,0,3,6,0,0,0,0,0,0,3.0,11.0,0,6,76.0,80,,6,1,2,2,122
8439,1964,Graduation,Together,63404.0,0,2,2014-06-06,97,734.0,26.0,70.0,11.0,44.0,17.0,2,6,3,4,4,0,0,0,1,0,0,3.0,11.0,0,13,902.0,97,4150.0,6,1,3,4,134
762,1981,2n Cycle,Together,75774.0,1,0,2014-02-05,27,340.0,21.0,134.0,258.0,14.0,56.0,1,7,5,8,4,0,0,0,0,0,0,3.0,11.0,0,20,823.0,27,4271.0,6,4,5,4,454
2831,1976,Graduation,Together,78416.0,0,1,,99,453.0,38.0,279.0,188.0,38.0,183.0,2,7,7,10,3,0,0,0,0,0,0,3.0,11.0,0,24,1179.0,99,,6,1,5,5,155
6977,1974,Graduation,Together,75702.0,0,1,,87,1073.0,0.0,629.0,145.0,37.0,37.0,1,10,5,13,6,0,0,1,0,0,0,3.0,11.0,0,28,1921.0,87,,5,1,5,5,155
6289,1951,Master,Together,59385.0,1,1,,85,135.0,0.0,10.0,0.0,4.0,36.0,2,3,1,4,5,0,0,0,0,0,0,3.0,11.0,0,8,185.0,85,,4,1,2,2,122
4168,1966,Graduation,Single,37070.0,1,1,,30,231.0,7.0,137.0,4.0,15.0,39.0,9,5,1,8,7,0,0,0,0,0,0,3.0,11.0,1,14,433.0,30,,6,4,3,3,433
8397,1951,Graduation,Married,44689.0,1,1,2014-10-01,82,18.0,0.0,5.0,0.0,0.0,11.0,2,1,1,2,7,1,0,0,0,0,0,3.0,11.0,0,4,34.0,82,4033.0,3,1,1,1,111
9284,1958,Graduation,Together,53977.0,0,1,2013-08-06,21,620.0,16.0,165.0,0.0,24.0,82.0,5,5,5,12,5,0,0,0,0,0,0,3.0,11.0,0,22,907.0,21,4454.0,5,4,5,4,454
6237,1966,PhD,Single,7144.0,0,2,2013-07-12,92,81.0,4.0,33.0,5.0,2.0,291.0,0,23,1,1,0,0,0,0,0,0,0,3.0,11.0,0,25,416.0,92,4479.0,6,1,5,3,153
3130,1964,Graduation,Single,18701.0,1,1,2013-04-06,95,12.0,4.0,2.0,10.0,6.0,10.0,4,2,0,4,5,0,0,0,0,0,0,3.0,11.0,0,6,44.0,95,4576.0,6,1,2,1,121
1619,1956,Graduation,Married,90369.0,0,0,,2,292.0,51.0,981.0,224.0,23.0,17.0,1,4,6,6,1,0,0,0,0,0,0,3.0,11.0,1,16,1588.0,2,,6,5,4,5,545
1990,1974,PhD,Single,63159.0,0,0,2012-05-11,74,965.0,34.0,586.0,89.0,86.0,37.0,1,3,5,8,3,1,0,0,0,0,0,3.0,11.0,0,16,1797.0,74,4906.0,6,2,4,5,245
5513,1966,Graduation,Together,37758.0,1,1,2012-04-10,49,27.0,2.0,10.0,0.0,0.0,1.0,2,1,0,3,8,0,0,0,0,0,0,3.0,11.0,0,4,40.0,49,4937.0,4,3,1,1,311
269,1963,PhD,Single,46757.0,0,1,,71,777.0,30.0,163.0,0.0,51.0,122.0,6,4,4,7,9,0,0,0,0,0,0,3.0,11.0,0,15,1143.0,71,,5,2,4,4,244
8093,1969,Master,Married,79734.0,0,0,,72,572.0,8.0,232.0,23.0,62.0,17.0,1,4,3,6,1,0,0,0,1,0,0,3.0,11.0,0,13,914.0,72,,6,2,3,4,234
10513,1992,Graduation,Together,63207.0,0,0,,68,438.0,169.0,565.0,91.0,169.0,70.0,1,2,3,6,7,0,0,0,1,0,0,3.0,11.0,0,11,1502.0,68,,6,2,3,5,235
10177,1954,Graduation,Divorced,72071.0,0,1,,4,531.0,69.0,300.0,150.0,138.0,150.0,3,5,4,8,2,0,0,0,0,0,0,3.0,11.0,0,17,1338.0,4,,6,5,4,5,545
2549,1983,PhD,Together,21840.0,1,0,,80,17.0,0.0,9.0,0.0,0.0,1.0,1,1,0,3,9,0,0,0,0,0,0,3.0,11.0,0,4,27.0,80,,3,1,1,1,111
5782,1982,2n Cycle,Together,58582.0,0,1,,15,402.0,35.0,106.0,101.0,77.0,42.0,2,9,2,9,5,0,1,0,0,0,0,3.0,11.0,0,20,763.0,15,,6,5,5,4,554
10057,1951,Graduation,Single,72282.0,0,0,,70,503.0,27.0,419.0,90.0,139.0,153.0,1,5,7,9,7,0,0,0,0,0,0,3.0,11.0,1,21,1331.0,70,,6,2,5,5,255
10307,1956,Graduation,Married,50387.0,0,2,,91,369.0,9.0,87.0,12.0,14.0,34.0,3,6,2,8,5,0,0,0,0,0,0,3.0,11.0,0,16,525.0,91,,6,1,4,3,143
8566,1961,PhD,Together,32583.0,1,1,,10,5.0,0.0,3.0,0.0,0.0,1.0,1,1,0,2,7,0,0,0,0,0,0,3.0,11.0,0,3,9.0,10,,3,5,1,1,511
2415,1962,Graduation,Together,62568.0,0,1,2014-07-04,99,362.0,17.0,398.0,80.0,35.0,61.0,3,5,3,5,4,0,0,0,1,0,0,3.0,11.0,0,13,953.0,99,4122.0,6,1,3,4,134
5684,1971,Master,Divorced,44635.0,1,1,2013-11-10,25,56.0,0.0,9.0,0.0,0.0,3.0,2,2,0,3,7,0,0,0,0,0,0,3.0,11.0,0,5,68.0,25,4358.0,3,4,2,2,422
8334,1971,Master,Single,33316.0,1,1,2013-04-10,34,79.0,1.0,31.0,4.0,4.0,12.0,3,2,1,4,6,0,0,0,0,0,0,3.0,11.0,0,7,131.0,34,4572.0,6,4,2,2,422
9166,1968,Graduation,Married,63967.0,0,1,2013-09-08,57,387.0,84.0,141.0,73.0,35.0,162.0,3,4,4,12,2,0,0,0,0,0,0,3.0,11.0,0,20,882.0,57,4421.0,6,3,5,4,354
1440,1978,2n Cycle,Together,52513.0,0,0,2012-04-09,84,367.0,17.0,241.0,104.0,188.0,232.0,2,9,5,9,7,0,0,0,0,0,0,3.0,11.0,0,23,1149.0,84,4938.0,6,1,5,4,154
78,1969,Graduation,Married,25293.0,1,0,,51,15.0,0.0,11.0,0.0,2.0,9.0,1,1,1,2,8,0,0,0,0,0,0,3.0,11.0,0,4,37.0,51,,4,3,1,1,311
5441,1965,PhD,Widow,54111.0,0,1,,97,267.0,6.0,54.0,8.0,3.0,50.0,2,5,2,6,5,0,0,0,0,0,0,3.0,11.0,0,13,388.0,97,,6,1,3,3,133
5302,1986,Graduation,Together,78394.0,0,0,,13,298.0,27.0,697.0,216.0,24.0,166.0,1,4,6,5,2,0,0,0,0,0,0,3.0,11.0,1,15,1428.0,13,,6,5,4,5,545
4687,1958,Master,Married,80739.0,0,0,,92,674.0,92.0,736.0,39.0,0.0,92.0,1,3,11,9,1,0,0,0,0,0,0,3.0,11.0,0,23,1633.0,92,,5,1,5,5,155
1087,1975,Master,Together,22669.0,1,0,,30,16.0,14.0,36.0,37.0,22.0,48.0,3,4,1,2,9,0,0,0,0,0,0,3.0,11.0,1,7,173.0,30,,6,4,2,2,422
6859,1987,Graduation,Single,29236.0,1,0,2013-08-10,30,37.0,4.0,24.0,16.0,9.0,9.0,2,4,0,3,9,0,0,0,0,0,0,3.0,11.0,0,7,99.0,30,4450.0,6,4,2,2,422
9860,1959,Graduation,Together,44911.0,0,1,,11,159.0,0.0,22.0,2.0,1.0,31.0,3,4,1,4,7,0,0,0,0,0,0,3.0,11.0,0,9,215.0,11,,5,5,3,3,533
7129,1962,PhD,Married,54693.0,0,1,,72,686.0,17.0,142.0,23.0,26.0,35.0,8,6,4,13,6,0,0,0,0,0,0,3.0,11.0,0,23,929.0,72,,6,2,5,4,254
5866,1974,Graduation,Together,48186.0,1,0,,39,97.0,3.0,66.0,12.0,7.0,34.0,3,4,1,4,7,0,0,0,0,0,0,3.0,11.0,0,9,219.0,39,,6,3,3,3,333
10521,1977,Graduation,Married,54809.0,1,1,2013-11-09,0,63.0,6.0,57.0,13.0,13.0,22.0,4,2,1,5,4,0,0,0,0,0,0,3.0,11.0,1,8,174.0,0,4359.0,6,5,2,2,522
7393,1978,Graduation,Together,41580.0,1,1,2012-10-12,15,56.0,5.0,24.0,4.0,0.0,3.0,3,2,1,3,5,0,0,0,0,0,0,3.0,11.0,0,6,92.0,15,4752.0,5,5,2,2,522
7849,1970,PhD,Married,80336.0,0,0,2013-09-09,12,209.0,19.0,456.0,160.0,142.0,66.0,1,2,9,13,1,0,0,0,0,0,0,3.0,11.0,0,24,1052.0,12,4420.0,6,5,5,4,554
332,1957,Graduation,Married,47743.0,0,1,,56,198.0,2.0,43.0,0.0,12.0,20.0,3,4,1,6,6,0,1,0,0,0,0,3.0,11.0,0,11,275.0,56,,5,3,3,3,333
9847,1955,2n Cycle,Married,62972.0,0,1,2012-03-08,39,313.0,15.0,47.0,20.0,0.0,192.0,2,7,4,3,6,0,0,0,0,0,0,3.0,11.0,0,14,587.0,39,4970.0,5,3,3,3,333
531,1954,PhD,Divorced,57333.0,0,1,,55,941.0,14.0,397.0,76.0,58.0,176.0,11,8,5,9,6,0,0,0,0,0,0,3.0,11.0,1,22,1662.0,55,,6,3,5,5,355
9576,1982,PhD,Together,32313.0,1,0,2013-11-02,60,86.0,4.0,56.0,2.0,4.0,7.0,3,4,0,4,9,0,0,0,0,0,0,3.0,11.0,0,8,159.0,60,4366.0,6,2,2,2,222
6906,1953,Master,Widow,84953.0,0,0,2013-03-06,73,167.0,48.0,602.0,63.0,72.0,72.0,1,3,10,4,2,0,1,1,1,0,0,3.0,11.0,1,17,1024.0,73,4607.0,6,2,4,4,244
7419,1968,Master,Divorced,27071.0,1,0,,90,8.0,3.0,19.0,0.0,2.0,3.0,2,2,0,3,6,0,0,0,0,0,0,3.0,11.0,0,5,35.0,90,,5,1,2,1,121
3170,1957,Master,Together,68148.0,0,0,,86,389.0,66.0,408.0,37.0,57.0,85.0,1,4,4,6,2,0,0,0,0,0,0,3.0,11.0,0,14,1042.0,86,,6,1,3,4,134
8527,1965,Master,Together,65735.0,1,1,2013-07-12,37,239.0,7.0,119.0,4.0,15.0,11.0,5,6,2,6,7,0,0,0,0,0,0,3.0,11.0,0,14,395.0,37,4479.0,6,4,3,3,433
7872,1975,PhD,Married,86836.0,0,0,2012-12-09,7,179.0,21.0,273.0,0.0,21.0,63.0,1,6,10,6,5,1,0,1,1,0,0,3.0,11.0,1,22,557.0,7,4694.0,5,5,5,3,553
9931,1963,PhD,Married,4023.0,1,1,,29,5.0,0.0,1.0,1.0,1.0,1.0,15,0,0,0,19,0,0,0,0,0,0,3.0,11.0,0,0,9.0,29,,5,4,1,1,411
10595,1990,Graduation,Married,30093.0,0,0,2013-08-07,19,2.0,6.0,28.0,13.0,4.0,16.0,1,2,0,3,7,0,0,0,0,0,0,3.0,11.0,0,5,69.0,19,4453.0,6,4,2,2,422
4609,1966,PhD,Married,57705.0,0,1,2014-11-01,14,383.0,0.0,53.0,6.0,4.0,40.0,3,8,1,6,6,0,0,0,0,0,0,3.0,11.0,0,15,486.0,14,4002.0,5,5,4,3,543
5010,1988,Graduation,Single,25008.0,1,0,2014-02-02,72,2.0,8.0,8.0,6.0,1.0,9.0,2,1,0,3,8,0,0,0,0,0,0,3.0,11.0,0,4,34.0,72,4274.0,6,2,1,1,211
4427,1995,2n Cycle,Single,83257.0,0,0,,56,536.0,27.0,590.0,38.0,107.0,67.0,1,5,10,12,6,1,0,1,0,0,1,3.0,11.0,1,27,1365.0,56,,6,3,5,5,355
11148,1975,Graduation,Together,22280.0,1,0,,85,2.0,1.0,4.0,3.0,1.0,2.0,1,1,0,2,8,0,0,0,0,0,0,3.0,11.0,0,3,13.0,85,,6,1,1,1,111
1168,1978,PhD,Married,72159.0,0,0,,62,322.0,53.0,899.0,34.0,40.0,53.0,1,4,6,10,2,0,0,0,0,0,0,3.0,11.0,0,20,1401.0,62,,6,2,5,5,255
9595,1961,Graduation,Together,64260.0,0,0,2013-11-01,1,539.0,169.0,816.0,20.0,0.0,30.0,1,4,5,4,3,0,0,0,0,0,0,3.0,11.0,1,13,1574.0,1,4367.0,5,5,3,5,535
10163,1984,PhD,Single,82733.0,0,0,2013-10-09,28,712.0,50.0,420.0,65.0,38.0,38.0,1,8,4,7,4,0,0,0,0,0,0,3.0,11.0,1,19,1323.0,28,4390.0,6,4,4,5,445
2886,1971,Master,Divorced,74290.0,0,1,2013-12-08,70,1121.0,0.0,72.0,0.0,12.0,12.0,4,10,8,10,6,0,1,0,1,0,0,3.0,11.0,0,28,1217.0,70,4330.0,4,2,5,5,255
6710,1951,Master,Single,58217.0,2,1,,84,68.0,1.0,13.0,3.0,5.0,13.0,1,2,0,4,6,0,0,0,0,0,0,3.0,11.0,0,6,103.0,84,,6,1,2,2,122
5316,1976,Master,Together,21024.0,0,0,2013-04-07,89,36.0,4.0,18.0,6.0,2.0,18.0,1,2,0,4,7,0,0,0,0,0,0,3.0,11.0,0,6,84.0,89,4575.0,6,1,2,2,122
9029,1972,PhD,Married,70116.0,0,0,,73,707.0,44.0,603.0,95.0,58.0,29.0,1,2,8,12,1,0,0,0,0,0,0,3.0,11.0,0,22,1536.0,73,,6,2,5,5,255
521,1985,Graduation,Together,54006.0,1,0,,42,174.0,77.0,203.0,6.0,24.0,97.0,2,8,1,7,7,0,0,0,0,0,0,3.0,11.0,0,16,581.0,42,,6,3,4,3,343
1459,1966,PhD,Married,69063.0,0,1,2012-07-11,16,666.0,35.0,124.0,69.0,8.0,26.0,1,5,3,5,3,0,0,0,0,0,0,3.0,11.0,0,13,928.0,16,4845.0,6,5,3,4,534
10241,1975,2n Cycle,Divorced,11448.0,0,0,,16,0.0,0.0,0.0,6.0,2.0,6.0,1,1,0,2,6,0,0,0,0,0,0,3.0,11.0,0,3,14.0,16,,3,5,1,1,511
1630,1979,Graduation,Single,61825.0,0,1,2013-07-08,56,162.0,50.0,100.0,55.0,30.0,27.0,1,4,2,8,4,0,0,0,0,0,0,3.0,11.0,0,14,424.0,56,4483.0,6,3,3,3,333
3254,1971,Graduation,Married,70886.0,1,0,,65,407.0,70.0,239.0,103.0,88.0,53.0,1,5,4,4,2,0,0,0,0,0,0,3.0,11.0,0,13,960.0,65,,6,2,3,4,234
9064,1982,Graduation,Married,69109.0,0,0,2012-09-11,10,823.0,25.0,459.0,124.0,29.0,95.0,1,6,6,7,4,0,0,1,0,0,0,3.0,11.0,1,19,1555.0,10,4783.0,6,5,4,5,545
3678,1973,Graduation,Widow,60208.0,1,1,2012-07-10,13,488.0,23.0,71.0,15.0,0.0,59.0,11,8,3,7,7,0,1,0,0,0,0,3.0,11.0,1,18,656.0,13,4846.0,5,5,4,4,544
4227,1968,Master,Together,32889.0,1,1,2013-06-09,78,28.0,0.0,13.0,4.0,2.0,8.0,3,2,1,3,5,0,0,0,0,0,0,3.0,11.0,0,6,55.0,78,4512.0,5,2,2,2,222
9467,1984,Graduation,Single,34738.0,1,0,2014-11-05,51,3.0,2.0,10.0,3.0,0.0,2.0,1,1,0,3,6,0,0,0,0,0,0,3.0,11.0,0,4,20.0,51,3998.0,5,3,1,1,311
8486,1971,Master,Together,30538.0,1,0,2012-01-10,27,284.0,0.0,52.0,8.0,3.0,20.0,4,9,0,4,10,0,0,0,0,0,0,3.0,11.0,0,13,367.0,27,5028.0,5,4,3,3,433
2186,1977,2n Cycle,Together,82326.0,0,0,2014-10-03,30,938.0,142.0,754.0,159.0,81.0,183.0,1,5,10,6,2,0,1,1,1,0,0,3.0,11.0,1,21,2257.0,30,4031.0,6,4,5,5,455
3286,1967,PhD,Divorced,26642.0,1,0,2014-01-03,71,13.0,2.0,15.0,2.0,2.0,8.0,2,2,0,3,6,0,0,0,0,0,0,3.0,11.0,0,5,42.0,71,4304.0,6,2,2,1,221
8602,1964,Graduation,Divorced,69932.0,0,1,2013-12-06,97,412.0,172.0,153.0,150.0,105.0,57.0,2,7,6,11,4,0,0,0,0,0,0,3.0,11.0,0,24,1049.0,97,4332.0,6,1,5,4,154
3722,1972,Graduation,Single,44503.0,1,1,,83,31.0,1.0,8.0,0.0,0.0,8.0,2,2,0,3,6,0,0,0,0,0,0,3.0,11.0,0,5,48.0,83,,4,1,2,1,121
6715,1948,PhD,Single,60200.0,0,1,2013-02-01,3,502.0,19.0,132.0,0.0,6.0,26.0,6,6,2,11,6,0,0,0,0,0,0,3.0,11.0,0,19,685.0,3,4640.0,5,5,4,4,544
4796,1952,Graduation,Divorced,49638.0,0,1,,71,18.0,10.0,3.0,3.0,5.0,0.0,1,1,0,3,2,0,0,0,0,0,0,3.0,11.0,0,4,39.0,71,,5,2,1,1,211
9612,1987,2n Cycle,Single,23830.0,0,0,2014-07-02,3,1.0,8.0,6.0,4.0,8.0,16.0,1,1,0,3,7,0,0,0,0,0,0,3.0,11.0,0,4,43.0,3,4124.0,6,5,1,1,511
3766,1959,Master,Widow,33051.0,0,0,,15,100.0,71.0,243.0,108.0,94.0,219.0,3,9,1,8,9,0,0,0,0,0,0,3.0,11.0,1,18,835.0,15,,6,5,4,4,544
1399,1958,Graduation,Married,72905.0,0,0,,52,407.0,114.0,445.0,181.0,165.0,203.0,1,3,7,9,1,0,0,0,1,0,0,3.0,11.0,0,19,1515.0,52,,6,3,4,5,345
1570,1951,PhD,Together,69702.0,0,1,,8,664.0,9.0,240.0,50.0,19.0,57.0,2,7,7,10,4,0,0,0,0,0,0,3.0,11.0,0,24,1039.0,8,,6,5,5,4,554
3426,1975,Graduation,Divorced,70300.0,1,0,,89,1045.0,61.0,338.0,60.0,46.0,46.0,3,5,5,13,8,0,0,0,0,0,0,3.0,11.0,0,23,1596.0,89,,6,1,5,5,155
3074,1984,PhD,Married,70643.0,0,0,,66,1218.0,107.0,304.0,23.0,143.0,33.0,1,5,8,4,6,0,0,0,0,0,0,3.0,11.0,1,17,1828.0,66,,6,2,4,5,245
8341,1969,PhD,Married,30396.0,1,0,,22,15.0,0.0,6.0,0.0,1.0,12.0,2,1,1,2,7,1,0,0,0,0,0,3.0,11.0,1,4,34.0,22,,4,4,1,1,411
5180,1968,PhD,Divorced,50616.0,0,1,,56,128.0,0.0,16.0,0.0,1.0,4.0,2,4,0,4,7,0,0,0,0,0,0,3.0,11.0,0,8,149.0,56,,4,3,2,2,322
6461,1969,Master,Single,62772.0,0,1,,74,581.0,49.0,157.0,43.0,8.0,108.0,1,5,6,11,2,0,1,0,0,0,0,3.0,11.0,0,22,946.0,74,,6,2,5,4,254
7679,1985,PhD,Single,30298.0,0,0,,48,6.0,3.0,12.0,6.0,1.0,0.0,1,1,1,3,3,0,0,0,0,0,0,3.0,11.0,0,5,28.0,48,,5,3,2,1,321
10702,1984,Graduation,Single,52413.0,1,0,2012-03-11,67,185.0,8.0,133.0,56.0,56.0,12.0,2,7,1,7,7,0,0,0,0,0,0,3.0,11.0,0,15,450.0,67,4967.0,6,2,4,3,243
7505,1957,PhD,Married,44155.0,1,1,,24,22.0,1.0,9.0,0.0,0.0,14.0,1,1,1,2,4,0,0,0,0,0,0,3.0,11.0,0,4,46.0,24,,4,4,1,1,411
5113,1971,PhD,Divorced,86979.0,0,0,2013-07-11,67,584.0,100.0,835.0,65.0,83.0,35.0,1,5,5,5,2,1,0,0,0,0,0,3.0,11.0,1,15,1702.0,67,4480.0,6,2,4,5,245
10858,1975,Graduation,Together,76532.0,1,1,2013-09-09,38,355.0,30.0,177.0,90.0,138.0,30.0,4,9,5,7,5,0,0,0,0,0,0,3.0,11.0,0,21,820.0,38,4420.0,6,4,5,4,454
2961,1982,Graduation,Married,42081.0,1,0,,86,175.0,10.0,110.0,54.0,6.0,27.0,2,6,3,4,6,1,0,0,0,0,0,3.0,11.0,0,13,382.0,86,,6,1,3,3,133
2747,1988,PhD,Married,67546.0,0,0,,90,864.0,134.0,768.0,150.0,38.0,172.0,1,4,10,5,3,0,0,0,0,0,0,3.0,11.0,0,19,2126.0,90,,6,1,4,5,145
3010,1989,Master,Together,88420.0,0,0,2014-02-05,87,957.0,153.0,612.0,99.0,95.0,153.0,1,4,7,8,1,1,0,1,1,0,0,3.0,11.0,0,19,2069.0,87,4271.0,6,1,4,5,145
5790,1985,Graduation,Married,31158.0,1,0,,62,25.0,6.0,16.0,20.0,0.0,5.0,2,2,0,3,8,0,0,0,0,0,0,3.0,11.0,0,5,72.0,62,,5,2,2,2,222
6892,1968,Graduation,Divorced,61671.0,0,1,2014-03-06,23,641.0,7.0,56.0,0.0,0.0,28.0,8,10,4,6,8,0,1,0,1,0,0,3.0,11.0,0,20,732.0,23,4242.0,4,4,5,4,454
1743,1974,Graduation,Single,69719.0,0,0,,99,273.0,86.0,208.0,177.0,14.0,43.0,1,2,3,5,1,0,0,0,0,0,0,3.0,11.0,0,10,801.0,99,,6,1,3,4,134
3578,1949,Graduation,Divorced,49160.0,0,1,,29,122.0,21.0,43.0,25.0,10.0,15.0,2,3,1,6,6,0,0,0,0,0,0,3.0,11.0,0,10,236.0,29,,6,4,3,3,433
8462,1978,Basic,Together,24882.0,1,0,2012-09-09,52,1.0,4.0,10.0,29.0,0.0,36.0,1,1,1,2,6,1,0,0,0,0,0,3.0,11.0,0,4,80.0,52,4785.0,5,3,1,2,312
5558,1954,PhD,Single,90933.0,0,0,,90,1020.0,31.0,430.0,62.0,63.0,79.0,1,4,6,4,1,0,0,1,0,0,0,3.0,11.0,0,14,1685.0,90,,6,1,3,5,135
4619,1945,PhD,Single,113734.0,0,0,,9,6.0,2.0,3.0,1.0,262.0,3.0,0,27,0,0,1,0,0,0,0,0,0,3.0,11.0,0,27,277.0,9,,6,5,5,3,553
8780,1950,PhD,Together,59292.0,0,1,,71,378.0,14.0,68.0,19.0,14.0,14.0,2,3,5,8,3,0,0,0,0,0,0,3.0,11.0,0,16,507.0,71,,6,2,4,3,243
10789,1964,PhD,Married,45759.0,1,1,,13,42.0,1.0,18.0,3.0,0.0,4.0,2,2,0,3,7,0,0,0,0,0,0,3.0,11.0,0,5,68.0,13,,5,5,2,2,522
10779,1983,Graduation,Single,22148.0,0,0,,16,15.0,5.0,14.0,0.0,4.0,11.0,1,1,0,3,7,0,0,0,0,0,0,3.0,11.0,0,4,49.0,16,,5,5,1,1,511
5896,1987,Master,Married,73395.0,0,0,,94,272.0,7.0,80.0,20.0,7.0,11.0,1,4,4,6,2,0,0,0,0,0,0,3.0,11.0,0,14,397.0,94,,6,1,3,3,133
2337,1971,Graduation,Divorced,29819.0,1,0,,77,9.0,1.0,24.0,2.0,1.0,2.0,3,3,0,3,6,0,0,0,0,0,0,3.0,11.0,0,6,39.0,77,,6,2,2,1,221
10951,1968,Graduation,Married,45688.0,0,1,,20,279.0,0.0,18.0,0.0,0.0,9.0,2,3,1,8,4,0,1,0,0,0,0,3.0,11.0,0,12,306.0,20,,3,4,3,3,433
544,1954,Graduation,Married,62820.0,0,0,2013-11-05,51,398.0,61.0,265.0,138.0,61.0,53.0,1,3,4,6,1,0,0,0,0,0,0,3.0,11.0,0,13,976.0,51,4363.0,6,3,3,4,334
17,1971,PhD,Married,60491.0,0,1,2013-06-09,81,637.0,47.0,237.0,12.0,19.0,76.0,4,6,11,7,5,0,0,0,0,0,0,3.0,11.0,0,24,1028.0,81,4512.0,6,1,5,4,154
10680,1986,Graduation,Together,33235.0,1,0,2014-05-02,71,45.0,0.0,16.0,2.0,1.0,6.0,1,3,0,3,7,0,0,0,0,0,0,3.0,11.0,0,6,70.0,71,4185.0,5,2,2,2,222
3265,1959,Graduation,Married,35701.0,0,0,,36,21.0,1.0,9.0,7.0,3.0,5.0,1,1,0,3,6,0,0,0,0,0,0,3.0,11.0,0,4,46.0,36,,6,4,1,1,411
5623,1980,Master,Married,31535.0,1,0,,95,15.0,4.0,13.0,0.0,0.0,19.0,1,1,1,2,7,1,0,0,0,0,0,3.0,11.0,0,4,51.0,95,,4,1,1,1,111
5832,1960,2n Cycle,Together,92556.0,0,0,,32,493.0,183.0,352.0,184.0,23.0,28.0,0,3,5,13,0,0,0,0,0,0,0,3.0,11.0,0,21,1263.0,32,,6,4,5,5,455
5544,1970,Graduation,Single,67384.0,0,1,2012-10-11,32,957.0,40.0,175.0,158.0,53.0,107.0,2,7,8,5,5,0,1,0,0,0,0,3.0,11.0,0,20,1490.0,32,4753.0,6,4,5,5,455
6417,1971,Master,Together,80573.0,0,0,,85,829.0,138.0,430.0,60.0,92.0,15.0,1,4,6,13,2,0,0,0,0,0,0,3.0,11.0,0,23,1564.0,85,,6,1,5,5,155
5831,1967,Graduation,Married,77870.0,0,1,,93,1017.0,50.0,500.0,65.0,50.0,133.0,3,5,5,5,8,0,1,0,1,0,0,3.0,11.0,1,15,1815.0,93,,6,1,4,5,145
7101,1963,PhD,Widow,52278.0,0,1,,24,953.0,0.0,71.0,0.0,0.0,174.0,6,10,5,10,8,0,0,0,0,0,0,3.0,11.0,0,25,1198.0,24,,3,4,5,5,455
10176,1968,Graduation,Single,57107.0,0,1,,44,159.0,0.0,120.0,0.0,0.0,137.0,7,4,4,8,8,0,1,0,0,1,0,3.0,11.0,1,16,416.0,44,,3,3,4,3,343
2326,1990,Graduation,Married,18929.0,0,0,,15,32.0,0.0,8.0,23.0,4.0,18.0,1,1,0,4,6,0,0,0,0,0,0,3.0,11.0,0,5,85.0,15,,5,5,2,2,522
4385,1981,PhD,Single,36038.0,1,0,,82,23.0,0.0,15.0,0.0,2.0,7.0,2,3,0,3,6,0,0,0,0,0,0,3.0,11.0,0,6,47.0,82,,4,1,2,1,121
2929,1976,Graduation,Single,20180.0,0,0,,27,18.0,42.0,24.0,15.0,20.0,18.0,1,2,1,4,7,0,0,0,0,0,0,3.0,11.0,0,7,137.0,27,,6,4,2,2,422
10686,1965,PhD,Together,34230.0,1,1,,72,15.0,0.0,4.0,0.0,0.0,2.0,1,1,0,2,7,0,0,0,0,0,0,3.0,11.0,0,3,21.0,72,,3,2,1,1,211
2546,1977,2n Cycle,Single,31878.0,0,1,,7,23.0,4.0,5.0,10.0,5.0,23.0,1,1,0,4,3,0,0,0,0,0,0,3.0,11.0,0,5,70.0,7,,6,5,2,2,522
3283,1972,2n Cycle,Married,70932.0,0,1,,57,200.0,193.0,100.0,46.0,185.0,185.0,2,6,2,12,3,0,0,0,0,0,0,3.0,11.0,0,20,909.0,57,,6,3,5,4,354
3138,1956,Graduation,Single,91249.0,0,0,,84,1324.0,27.0,119.0,71.0,108.0,27.0,0,7,9,6,4,0,1,1,1,1,0,3.0,11.0,1,22,1676.0,84,,6,1,5,5,155
4994,1943,Master,Single,77598.0,0,0,2013-01-10,53,1193.0,33.0,281.0,129.0,66.0,33.0,1,7,5,13,3,0,0,1,0,0,0,3.0,11.0,0,25,1735.0,53,4662.0,6,3,5,5,355
7966,1959,Graduation,Single,80982.0,1,1,2013-08-01,48,505.0,137.0,401.0,104.0,22.0,22.0,3,11,5,11,5,0,0,0,0,0,1,3.0,11.0,0,27,1191.0,48,4459.0,6,3,5,5,355
3112,1977,Master,Married,22701.0,1,0,2013-05-09,2,2.0,4.0,9.0,0.0,4.0,5.0,1,1,0,3,5,0,0,0,0,0,0,3.0,11.0,0,4,24.0,2,4543.0,5,5,1,1,511
10872,1969,PhD,Married,55212.0,0,1,,65,1103.0,0.0,45.0,0.0,0.0,34.0,3,4,2,11,8,0,1,0,0,1,0,3.0,11.0,0,17,1182.0,65,,3,2,4,5,245
2181,1970,Graduation,Married,70617.0,0,0,,45,353.0,61.0,753.0,40.0,46.0,27.0,1,3,3,7,2,0,0,0,0,0,0,3.0,11.0,0,13,1280.0,45,,6,3,3,5,335
1867,1957,Graduation,Single,64849.0,0,0,,42,652.0,48.0,350.0,94.0,84.0,108.0,1,9,3,6,5,0,0,0,0,0,0,3.0,11.0,1,18,1336.0,42,,6,3,4,5,345
1518,1965,Master,Married,62694.0,1,1,,29,379.0,6.0,157.0,25.0,91.0,91.0,5,9,3,7,7,0,0,0,0,0,0,3.0,11.0,0,19,749.0,29,,6,4,4,4,444
5734,1974,PhD,Married,61917.0,1,1,,83,46.0,4.0,36.0,2.0,2.0,1.0,1,2,0,4,5,0,0,0,0,0,0,3.0,11.0,0,6,91.0,83,,6,1,2,2,122
2878,1947,PhD,Married,67472.0,0,1,,93,162.0,31.0,127.0,8.0,17.0,69.0,2,4,2,7,3,0,0,0,0,0,0,3.0,11.0,0,13,414.0,93,,6,1,3,3,133
1458,1982,Master,Married,21059.0,1,0,2014-07-01,40,8.0,3.0,19.0,3.0,3.0,8.0,3,3,0,3,6,0,0,0,0,0,0,3.0,11.0,0,6,44.0,40,4125.0,6,3,2,1,321
7007,1968,Master,Married,29543.0,2,0,2014-01-04,47,17.0,3.0,18.0,3.0,4.0,18.0,2,3,1,2,7,0,0,0,0,0,0,3.0,11.0,0,6,63.0,47,4303.0,6,3,2,2,322
6200,1951,Graduation,Married,75903.0,0,1,2013-08-04,50,340.0,108.0,185.0,130.0,38.0,100.0,2,6,6,9,3,0,0,0,0,0,0,3.0,11.0,0,21,901.0,50,4456.0,6,3,5,4,354
1403,1975,2n Cycle,Together,34984.0,1,1,2012-06-09,40,8.0,4.0,15.0,3.0,5.0,3.0,2,1,0,3,7,0,0,0,0,0,0,3.0,11.0,0,4,38.0,40,4877.0,6,3,1,1,311
4827,1956,PhD,Single,54998.0,0,1,2013-10-03,3,154.0,22.0,202.0,39.0,30.0,8.0,5,4,2,9,4,0,0,0,0,0,0,3.0,11.0,1,15,455.0,3,4396.0,6,5,4,3,543
6250,1949,PhD,Widow,54356.0,0,1,,62,710.0,15.0,30.0,20.0,0.0,0.0,3,11,2,8,8,0,0,0,0,0,0,3.0,11.0,1,21,775.0,62,,4,2,5,4,254
9291,1959,Master,Married,34242.0,0,1,,25,8.0,2.0,4.0,0.0,0.0,1.0,1,0,0,3,5,0,0,0,0,0,0,3.0,11.0,0,3,15.0,25,,4,4,1,1,411
2478,1973,Graduation,Married,25410.0,1,0,,48,2.0,2.0,4.0,13.0,13.0,4.0,1,1,0,4,4,0,0,0,0,0,0,3.0,11.0,0,5,38.0,48,,6,3,2,1,321
1139,1984,PhD,Married,73356.0,0,0,2014-06-02,56,1050.0,14.0,322.0,0.0,14.0,112.0,1,5,11,5,2,1,0,1,1,0,0,3.0,11.0,1,21,1512.0,56,4154.0,5,3,5,5,355
5138,1950,Graduation,Together,28320.0,0,1,,68,19.0,1.0,14.0,3.0,2.0,4.0,1,1,0,3,8,0,0,0,0,0,0,3.0,11.0,0,4,43.0,68,,6,2,1,1,211
5393,1977,Graduation,Single,23763.0,1,0,2012-07-08,64,22.0,0.0,6.0,6.0,2.0,6.0,1,1,0,3,7,0,0,0,0,0,0,3.0,11.0,0,4,42.0,64,4848.0,5,2,1,1,211
10413,1984,Graduation,Married,72570.0,0,0,,67,274.0,83.0,216.0,151.0,141.0,224.0,1,4,6,12,1,0,0,0,0,0,0,3.0,11.0,0,22,1089.0,67,,6,2,5,4,254
5015,1976,Master,Married,34529.0,1,0,,94,68.0,6.0,38.0,3.0,6.0,41.0,2,2,2,3,7,0,0,0,0,0,0,3.0,11.0,0,7,162.0,94,,6,1,2,2,122
10868,1951,Graduation,Widow,70792.0,0,0,2013-06-02,82,344.0,45.0,654.0,104.0,11.0,114.0,2,3,4,10,3,0,0,0,0,0,0,3.0,11.0,0,17,1272.0,82,4519.0,6,1,4,5,145
10676,1982,Graduation,Married,63211.0,0,0,2012-02-11,3,145.0,193.0,459.0,205.0,26.0,145.0,2,3,8,7,2,0,0,0,0,0,0,3.0,11.0,1,18,1173.0,3,4996.0,6,5,4,4,544
2495,1974,Master,Married,83891.0,0,1,,24,217.0,38.0,350.0,111.0,85.0,15.0,1,4,7,10,1,0,0,0,0,0,0,3.0,11.0,0,21,816.0,24,,6,4,5,4,454
7842,1968,Graduation,Single,36065.0,1,1,,54,18.0,7.0,34.0,10.0,2.0,3.0,3,3,0,3,8,0,0,0,0,0,0,3.0,11.0,0,6,74.0,54,,6,3,2,2,322
9955,1954,Graduation,Together,39898.0,0,1,2013-12-02,20,69.0,8.0,26.0,12.0,7.0,12.0,2,3,0,4,7,0,0,0,0,0,0,3.0,11.0,0,7,134.0,20,4336.0,6,4,2,2,422
6663,1940,PhD,Single,51141.0,0,0,2013-08-07,96,144.0,0.0,7.0,0.0,0.0,6.0,1,3,1,4,5,0,0,0,0,0,0,3.0,11.0,0,8,157.0,96,4453.0,3,1,2,2,122
2162,1976,Graduation,Married,56939.0,0,1,,19,256.0,34.0,103.0,90.0,29.0,49.0,2,3,3,10,3,0,0,0,0,0,0,3.0,11.0,0,16,561.0,19,,6,4,4,3,443
3434,1951,Graduation,Single,80872.0,0,0,2014-12-05,60,483.0,72.0,567.0,94.0,12.0,108.0,1,4,4,10,1,0,0,0,0,0,0,3.0,11.0,0,18,1336.0,60,3968.0,6,2,4,5,245
7919,1976,PhD,Together,72335.0,0,0,,2,1285.0,105.0,653.0,28.0,21.0,0.0,1,10,4,8,8,0,0,0,0,0,0,3.0,11.0,1,22,2092.0,2,,5,5,5,5,555
5626,1964,PhD,Single,61798.0,0,0,,13,338.0,4.0,89.0,11.0,8.0,13.0,1,4,2,9,4,0,0,0,0,0,0,3.0,11.0,0,15,463.0,13,,6,5,4,3,543
6428,1950,PhD,Widow,76842.0,0,0,2014-03-05,37,605.0,10.0,345.0,84.0,54.0,32.0,1,1,8,7,0,0,0,0,0,0,0,3.0,11.0,0,16,1130.0,37,4243.0,6,4,4,4,444
8514,1976,Graduation,Together,29478.0,1,0,,59,8.0,0.0,7.0,3.0,1.0,1.0,1,1,0,3,6,0,0,0,0,0,0,3.0,11.0,0,4,20.0,59,,5,2,1,1,211
10448,1956,Graduation,Single,46998.0,0,1,,55,172.0,41.0,86.0,45.0,6.0,27.0,5,5,3,5,7,1,0,0,0,0,0,3.0,11.0,0,13,377.0,55,,6,3,3,3,333
2109,1990,Graduation,Single,96843.0,0,0,,60,448.0,71.0,951.0,40.0,17.0,17.0,1,6,11,10,2,0,0,1,0,0,0,3.0,11.0,1,27,1544.0,60,,6,2,5,5,255
7530,1950,PhD,Widow,56551.0,1,1,2014-07-05,48,67.0,4.0,32.0,17.0,2.0,16.0,3,2,1,4,4,0,0,0,0,0,0,3.0,11.0,0,7,138.0,48,4121.0,6,3,2,2,322
8925,1965,Master,Married,70053.0,0,1,2013-03-07,38,512.0,53.0,98.0,81.0,179.0,89.0,3,8,5,10,5,0,0,0,0,0,0,3.0,11.0,0,23,1012.0,38,4606.0,6,4,5,4,454
3009,1962,PhD,Widow,71670.0,0,0,2013-09-07,8,1462.0,16.0,128.0,0.0,0.0,160.0,1,5,3,6,6,0,1,1,0,1,0,3.0,11.0,1,14,1766.0,8,4422.0,4,5,3,5,535
6355,1978,Graduation,Married,44359.0,1,1,,19,20.0,0.0,14.0,7.0,3.0,1.0,3,2,0,4,3,0,0,0,0,0,0,3.0,11.0,0,6,45.0,19,,5,4,2,1,421
3517,1952,Graduation,Single,40887.0,1,1,2013-06-05,32,50.0,4.0,44.0,10.0,10.0,43.0,3,3,1,3,9,0,0,0,0,0,0,3.0,11.0,1,7,161.0,32,4516.0,6,4,2,2,422
1158,1966,Graduation,Divorced,48877.0,0,1,2014-05-01,27,102.0,1.0,15.0,2.0,0.0,24.0,1,3,0,4,7,0,0,0,0,0,0,3.0,11.0,0,7,144.0,27,4186.0,5,4,2,2,422
6203,1947,Graduation,Together,74485.0,0,0,,58,499.0,149.0,815.0,173.0,49.0,49.0,1,6,7,12,3,0,0,0,0,0,0,3.0,11.0,0,25,1734.0,58,,6,3,5,5,355
7165,1972,Graduation,Together,64474.0,0,1,,59,381.0,35.0,172.0,56.0,86.0,93.0,2,8,2,10,5,0,0,0,0,0,0,3.0,11.0,0,20,823.0,59,,6,2,5,4,254
3595,1963,Graduation,Together,77226.0,0,1,,29,631.0,43.0,239.0,128.0,76.0,21.0,2,6,8,12,3,0,0,0,0,0,0,3.0,11.0,0,26,1138.0,29,,6,4,5,4,454
8537,1949,Graduation,Widow,72643.0,0,0,,60,526.0,80.0,553.0,123.0,94.0,53.0,1,3,10,7,2,0,0,0,1,0,0,3.0,11.0,1,20,1429.0,60,,6,2,5,5,255
4331,1978,Master,Together,85738.0,0,0,,41,913.0,26.0,376.0,17.0,26.0,13.0,1,3,6,11,1,0,1,1,0,0,0,3.0,11.0,0,20,1371.0,41,,6,3,5,5,355
6281,1966,Graduation,Divorced,55686.0,0,1,,27,673.0,0.0,199.0,37.0,47.0,26.0,2,6,3,5,4,1,0,0,0,0,0,3.0,11.0,0,14,982.0,27,,5,4,3,4,434
4338,1983,Graduation,Single,39062.0,1,0,,28,23.0,0.0,9.0,0.0,0.0,12.0,1,1,0,3,4,1,0,0,0,0,0,3.0,11.0,0,4,44.0,28,,3,4,1,1,411
2452,1971,Graduation,Together,34600.0,1,1,2013-01-01,8,199.0,33.0,60.0,8.0,3.0,15.0,5,5,2,5,8,0,0,0,0,0,0,3.0,11.0,1,12,318.0,8,4671.0,6,5,3,3,533
9507,1975,Graduation,Married,40794.0,0,1,2013-07-04,18,261.0,23.0,73.0,4.0,23.0,50.0,2,6,3,5,7,0,0,0,0,0,0,3.0,11.0,0,14,434.0,18,4487.0,6,5,3,3,533
8360,1971,2n Cycle,Married,54690.0,1,1,2013-07-11,76,111.0,16.0,37.0,7.0,9.0,18.0,3,3,1,5,3,0,0,0,0,0,0,3.0,11.0,0,9,198.0,76,4480.0,6,2,3,3,233
10311,1969,Graduation,Married,4428.0,0,1,2013-05-10,0,16.0,4.0,12.0,2.0,4.0,321.0,0,25,0,0,1,0,0,0,0,0,0,3.0,11.0,0,25,359.0,0,4542.0,6,5,5,3,553
5117,1963,2n Cycle,Married,32632.0,0,0,2012-02-08,32,63.0,151.0,137.0,153.0,19.0,53.0,2,4,4,8,5,0,0,0,0,0,0,3.0,11.0,0,16,576.0,32,4999.0,6,4,4,3,443
4867,1968,PhD,Single,38236.0,1,1,,2,58.0,0.0,18.0,2.0,0.0,10.0,4,3,0,4,7,0,0,0,0,0,0,3.0,11.0,0,7,88.0,2,,4,5,2,2,522
9289,1979,Graduation,Married,36781.0,1,0,2014-10-04,16,29.0,1.0,17.0,0.0,3.0,13.0,1,2,1,2,8,0,0,0,0,0,0,3.0,11.0,1,5,63.0,16,4030.0,5,5,2,2,522
10913,1984,Master,Single,31385.0,1,0,2012-05-12,56,3.0,2.0,12.0,0.0,1.0,9.0,1,1,0,2,8,1,0,0,0,0,0,3.0,11.0,1,3,27.0,56,4905.0,5,3,1,1,311
3032,1984,Graduation,Married,24570.0,1,0,,97,28.0,34.0,62.0,11.0,14.0,44.0,3,4,0,4,9,0,0,0,0,0,0,3.0,11.0,0,8,193.0,97,,6,1,2,2,122
8524,1974,PhD,Divorced,25509.0,1,0,,15,40.0,3.0,30.0,10.0,7.0,11.0,3,3,0,3,9,0,0,0,0,0,0,3.0,11.0,1,6,101.0,15,,6,5,2,2,522
3334,1951,Graduation,Married,94642.0,0,0,2014-12-02,35,879.0,143.0,797.0,106.0,143.0,143.0,0,5,7,9,1,0,0,1,1,0,0,3.0,11.0,0,21,2211.0,35,3971.0,6,4,5,5,455
4470,1962,Master,Married,58646.0,0,1,2013-10-06,3,62.0,1.0,44.0,6.0,5.0,22.0,1,2,1,4,4,0,0,0,0,0,0,3.0,11.0,0,7,140.0,3,4393.0,6,5,2,2,522
1406,1975,Graduation,Single,53201.0,1,1,2013-12-02,49,280.0,7.0,81.0,20.0,0.0,27.0,8,6,3,5,7,0,0,0,0,0,0,3.0,11.0,0,14,415.0,49,4336.0,5,3,3,3,333
8619,1957,Graduation,Together,21994.0,0,1,,4,9.0,0.0,6.0,3.0,1.0,3.0,1,0,0,3,5,0,0,0,0,0,0,3.0,11.0,0,3,22.0,4,,5,5,1,1,511
10821,1978,Graduation,Married,57113.0,1,1,2013-06-02,45,182.0,4.0,33.0,0.0,2.0,42.0,6,4,1,5,7,0,0,0,0,0,0,3.0,11.0,0,10,263.0,45,4519.0,5,3,3,3,333
4552,1991,Graduation,Married,51373.0,0,0,,37,83.0,2.0,101.0,64.0,26.0,117.0,1,3,5,3,4,0,0,0,0,0,0,3.0,11.0,0,11,393.0,37,,6,4,3,3,433
898,1986,Graduation,Married,23477.0,1,0,,39,38.0,15.0,54.0,3.0,8.0,29.0,3,3,0,4,8,0,0,0,0,0,0,3.0,11.0,0,7,147.0,39,,6,3,2,2,322
9797,1956,Graduation,Married,58116.0,0,1,,38,228.0,19.0,130.0,4.0,11.0,51.0,2,3,3,8,2,0,0,0,0,0,0,3.0,11.0,0,14,443.0,38,,6,4,3,3,433
10949,1963,PhD,Divorced,72968.0,0,0,,8,1092.0,37.0,592.0,145.0,37.0,55.0,1,5,5,8,3,0,0,0,1,0,0,3.0,11.0,1,18,1958.0,8,,6,5,4,5,545
8212,1971,Master,Married,39791.0,0,1,,89,85.0,15.0,27.0,13.0,13.0,21.0,2,3,1,4,7,0,0,0,0,0,0,3.0,11.0,0,8,174.0,89,,6,1,2,2,122
6248,1947,Master,Single,91712.0,0,0,,47,1276.0,24.0,746.0,94.0,29.0,48.0,0,9,7,11,3,0,0,1,0,0,0,3.0,11.0,1,27,2217.0,47,,6,3,5,5,355
10164,1958,Graduation,Single,94472.0,0,1,2014-03-04,75,1017.0,33.0,417.0,108.0,100.0,16.0,1,5,5,5,5,0,1,1,0,0,0,3.0,11.0,0,15,1691.0,75,4244.0,6,2,4,5,245
4547,1960,Graduation,Together,13672.0,1,1,,86,6.0,2.0,9.0,2.0,1.0,5.0,2,1,0,3,8,0,0,0,0,0,0,3.0,11.0,0,4,25.0,86,,6,1,1,1,111
6815,1980,2n Cycle,Married,96547.0,0,0,,4,448.0,21.0,125.0,52.0,101.0,62.0,0,7,6,8,2,1,0,1,1,0,0,3.0,11.0,1,21,809.0,4,,6,5,5,4,554
4122,1975,Graduation,Married,79205.0,0,0,,73,504.0,23.0,117.0,179.0,28.0,44.0,1,6,5,4,4,0,0,0,1,0,0,3.0,11.0,1,15,895.0,73,,6,2,4,4,244
10841,1975,PhD,Together,56559.0,0,1,,46,226.0,22.0,133.0,41.0,31.0,31.0,3,4,3,8,4,0,0,0,0,0,0,3.0,11.0,0,15,484.0,46,,6,3,4,3,343
5370,1973,PhD,Married,32644.0,1,0,,38,239.0,3.0,141.0,0.0,7.0,23.0,4,7,1,6,8,1,0,0,0,0,0,3.0,11.0,0,14,413.0,38,,5,4,3,3,433
176,1980,2n Cycle,Single,67506.0,0,1,2014-02-01,73,90.0,38.0,67.0,33.0,36.0,67.0,1,4,1,6,3,0,0,0,0,0,0,3.0,11.0,0,11,331.0,73,4275.0,6,2,3,3,233
4860,1970,Graduation,Single,24206.0,1,0,2013-08-03,66,7.0,2.0,8.0,3.0,2.0,3.0,1,1,0,3,6,0,0,0,0,0,0,3.0,11.0,0,4,25.0,66,4457.0,6,2,1,1,211
10757,1967,PhD,Divorced,28420.0,1,0,,36,4.0,2.0,5.0,2.0,0.0,0.0,1,1,0,2,6,0,0,0,0,0,0,3.0,11.0,0,3,13.0,36,,4,4,1,1,411
4023,1970,Graduation,Married,22979.0,1,0,2012-06-09,29,16.0,17.0,19.0,20.0,21.0,22.0,3,3,2,2,8,0,0,0,0,0,0,3.0,11.0,1,7,115.0,29,4877.0,6,4,2,2,422
6679,1966,Graduation,Single,33279.0,0,0,2014-12-06,29,10.0,3.0,3.0,0.0,0.0,0.0,1,0,0,3,3,0,0,0,0,0,0,3.0,11.0,0,3,16.0,29,3967.0,3,4,1,1,411
9923,1972,Master,Single,46423.0,1,1,,6,68.0,0.0,16.0,0.0,0.0,8.0,3,2,0,4,7,0,0,0,0,0,0,3.0,11.0,0,6,92.0,6,,3,5,2,2,522
7181,1977,Graduation,Married,30368.0,0,1,2013-07-11,97,35.0,0.0,13.0,2.0,0.0,2.0,2,2,0,3,8,0,0,0,0,0,0,3.0,11.0,0,5,52.0,97,4480.0,4,1,2,1,121
3599,1970,Graduation,Married,63684.0,0,1,,61,575.0,80.0,428.0,208.0,93.0,80.0,3,8,4,8,5,0,0,0,0,0,0,3.0,11.0,0,20,1464.0,61,,6,2,5,5,255
405,1964,Graduation,Divorced,41638.0,0,1,,68,315.0,0.0,31.0,4.0,0.0,91.0,4,5,5,3,8,1,0,0,0,0,0,3.0,11.0,0,13,441.0,68,,4,2,3,3,233
6870,1959,PhD,Divorced,68805.0,0,1,,73,182.0,2.0,49.0,17.0,13.0,20.0,1,3,1,7,2,0,0,0,0,0,0,3.0,11.0,0,11,283.0,73,,6,2,3,3,233
832,1966,PhD,Together,65814.0,0,1,2014-02-03,90,561.0,14.0,113.0,10.0,14.0,35.0,3,8,2,10,5,0,0,0,0,0,0,3.0,11.0,0,20,747.0,90,4273.0,6,1,5,4,154
2002,1958,Graduation,Divorced,71964.0,0,0,,81,587.0,51.0,932.0,180.0,34.0,86.0,1,5,6,5,3,0,0,0,0,0,0,3.0,11.0,0,16,1870.0,81,,6,1,4,5,145
3657,1986,Graduation,Single,39146.0,1,0,,1,94.0,1.0,33.0,13.0,12.0,12.0,3,4,0,4,8,0,0,0,0,0,0,3.0,11.0,0,8,165.0,1,,6,5,2,2,522
500,1977,Graduation,Together,96876.0,0,0,2013-06-08,79,908.0,43.0,735.0,40.0,194.0,21.0,1,7,7,9,2,0,1,1,1,0,0,3.0,11.0,1,23,1941.0,79,4513.0,6,2,5,5,255
1951,1981,Basic,Married,34445.0,0,0,,92,228.0,122.0,122.0,208.0,129.0,30.0,6,11,2,8,9,0,0,0,0,0,0,3.0,11.0,0,21,839.0,92,,6,1,5,4,154
3262,1958,Graduation,Single,68281.0,0,0,2012-07-08,31,995.0,112.0,417.0,42.0,48.0,41.0,1,2,9,13,5,0,0,0,0,0,0,3.0,11.0,1,24,1655.0,31,4848.0,6,4,5,5,455
4102,1975,2n Cycle,Married,37284.0,1,1,,46,11.0,1.0,2.0,2.0,1.0,6.0,1,0,0,3,6,0,0,0,0,0,0,3.0,11.0,0,3,23.0,46,,6,3,1,1,311
7042,1983,Graduation,Married,36790.0,0,0,2013-01-03,14,3.0,3.0,14.0,15.0,21.0,10.0,1,2,1,2,9,0,0,0,0,0,0,3.0,11.0,1,5,66.0,14,4669.0,6,5,2,2,522
10598,1967,Graduation,Together,27943.0,1,1,,89,12.0,1.0,16.0,4.0,1.0,3.0,3,2,0,3,8,0,0,0,0,0,0,3.0,11.0,0,5,37.0,89,,6,1,2,1,121
255,1951,Graduation,Divorced,22263.0,1,1,,31,17.0,0.0,2.0,0.0,0.0,2.0,2,1,0,3,6,0,0,0,0,0,1,3.0,11.0,0,4,21.0,31,,3,4,1,1,411
2375,1972,Graduation,Together,30261.0,1,2,,75,8.0,0.0,5.0,0.0,3.0,6.0,1,0,0,3,8,0,0,0,0,0,0,3.0,11.0,0,3,22.0,75,,4,2,1,1,211
9829,1978,Graduation,Together,28587.0,1,0,2014-12-02,42,22.0,4.0,17.0,12.0,10.0,13.0,3,2,0,4,6,0,0,0,0,0,0,3.0,11.0,0,6,78.0,42,3971.0,6,3,2,2,322
6214,1982,Master,Married,43815.0,1,0,2013-05-04,53,14.0,10.0,29.0,4.0,7.0,15.0,1,2,0,3,6,0,0,0,0,0,0,3.0,11.0,0,5,79.0,53,4548.0,6,3,2,2,322
4954,1956,Graduation,Married,48195.0,1,1,,53,106.0,27.0,68.0,52.0,7.0,5.0,6,4,2,5,6,0,0,0,0,0,0,3.0,11.0,0,11,265.0,53,,6,3,3,3,333
7861,1952,Master,Married,77027.0,0,1,2014-05-02,23,820.0,57.0,242.0,45.0,0.0,11.0,2,8,3,6,4,0,0,0,0,0,0,3.0,11.0,0,17,1175.0,23,4185.0,5,4,4,5,445
4837,1965,PhD,Married,71322.0,0,1,,57,753.0,43.0,226.0,69.0,10.0,204.0,2,8,5,13,4,0,0,0,0,0,0,3.0,11.0,0,26,1305.0,57,,6,3,5,5,355
9423,1979,Master,Married,32765.0,1,0,,49,13.0,3.0,17.0,7.0,3.0,3.0,2,2,0,4,5,0,0,0,0,0,0,3.0,11.0,0,6,46.0,49,,6,3,2,1,321
4198,1965,Graduation,Together,29672.0,1,1,2013-12-03,6,9.0,1.0,3.0,0.0,4.0,8.0,1,0,0,3,6,0,0,0,0,0,0,3.0,11.0,0,3,25.0,6,4335.0,5,5,1,1,511
153,1953,Graduation,Divorced,23272.0,0,0,,29,19.0,3.0,6.0,4.0,2.0,12.0,1,1,0,3,4,0,0,0,0,0,0,3.0,11.0,0,4,46.0,29,,6,4,1,1,411
9323,1949,Master,Together,49912.0,0,1,2012-07-09,5,520.0,8.0,223.0,32.0,49.0,42.0,4,10,5,7,8,1,0,0,0,0,0,3.0,11.0,1,22,874.0,5,4847.0,6,5,5,4,554
10001,1985,2n Cycle,Together,7500.0,1,0,2012-01-08,98,5.0,17.0,17.0,13.0,14.0,34.0,4,2,1,3,9,0,0,0,0,0,0,3.0,11.0,0,6,100.0,98,5030.0,6,1,2,2,122
3945,1947,PhD,Widow,68117.0,0,1,2013-10-03,80,618.0,44.0,215.0,0.0,17.0,36.0,2,11,8,4,6,1,0,0,0,0,0,3.0,11.0,1,23,930.0,80,4396.0,5,1,5,4,154
3799,1955,Graduation,Married,67225.0,0,1,,4,315.0,35.0,322.0,46.0,7.0,143.0,3,7,2,11,5,0,0,0,0,0,0,3.0,11.0,0,20,868.0,4,,6,5,5,4,554
8625,1976,Graduation,Married,17649.0,1,0,2013-12-11,70,15.0,1.0,23.0,0.0,5.0,1.0,3,3,0,3,8,0,0,0,0,0,0,3.0,11.0,0,6,45.0,70,4327.0,5,2,2,1,221
3491,1975,Graduation,Together,55914.0,0,1,,32,384.0,60.0,364.0,119.0,101.0,232.0,4,11,6,8,7,0,0,0,0,0,0,3.0,11.0,0,25,1260.0,32,,6,4,5,5,455
983,1984,Graduation,Married,40059.0,1,0,,82,110.0,29.0,92.0,28.0,10.0,145.0,1,6,2,3,8,1,0,0,0,0,0,3.0,11.0,0,11,414.0,82,,6,1,3,3,133
9119,1950,Graduation,Together,60905.0,0,1,2013-05-12,27,208.0,17.0,76.0,36.0,17.0,38.0,2,3,3,7,2,0,0,0,0,0,0,3.0,11.0,0,13,392.0,27,4540.0,6,4,3,3,433
4786,1977,Graduation,Married,75330.0,1,1,2012-04-10,94,555.0,82.0,257.0,93.0,61.0,61.0,4,10,3,12,6,0,0,0,0,0,0,3.0,11.0,0,25,1109.0,94,4937.0,6,1,5,4,154
5872,1951,Graduation,Single,60689.0,0,1,2013-01-06,23,240.0,90.0,216.0,63.0,6.0,24.0,4,4,4,10,3,0,0,0,0,0,0,3.0,11.0,0,18,639.0,23,4666.0,6,4,4,4,444
6568,1984,Graduation,Married,38680.0,1,0,,97,11.0,0.0,36.0,15.0,5.0,12.0,1,2,0,3,7,0,0,0,0,0,0,3.0,11.0,0,5,79.0,97,,5,1,2,2,122
5628,1982,Graduation,Together,61416.0,0,0,2013-08-02,25,848.0,154.0,323.0,201.0,61.0,78.0,1,10,3,10,6,1,0,0,0,0,0,3.0,11.0,0,23,1665.0,25,4458.0,6,4,5,5,455
5631,1991,Graduation,Single,49767.0,0,0,2013-02-05,92,202.0,47.0,197.0,55.0,42.0,149.0,1,5,4,8,4,0,0,0,0,0,0,3.0,11.0,0,17,692.0,92,4636.0,6,1,4,4,144
4974,1970,Graduation,Single,83273.0,1,2,,98,433.0,89.0,650.0,16.0,102.0,102.0,10,4,6,9,7,0,0,0,0,0,0,3.0,11.0,0,19,1392.0,98,,6,1,4,5,145
8416,1981,Graduation,Married,29009.0,1,0,,19,6.0,6.0,15.0,10.0,5.0,2.0,2,2,0,3,6,0,0,0,0,0,0,3.0,11.0,0,5,44.0,19,,6,4,2,1,421
5454,1979,Master,Married,45057.0,1,0,2013-01-12,80,37.0,0.0,7.0,3.0,0.0,3.0,1,2,0,3,5,0,0,0,0,0,0,3.0,11.0,0,5,50.0,80,4660.0,4,1,2,1,121
4095,1971,Graduation,Married,37150.0,1,0,2012-11-09,80,167.0,37.0,64.0,49.0,34.0,116.0,8,4,3,6,7,0,0,0,0,0,0,3.0,11.0,0,13,467.0,80,4724.0,6,1,3,3,133
5474,1970,Graduation,Single,43020.0,1,0,,79,45.0,7.0,99.0,4.0,25.0,43.0,3,4,1,4,6,0,0,0,0,0,0,3.0,11.0,0,9,223.0,79,,6,2,3,3,233
4268,1959,Graduation,Married,53154.0,0,1,2014-09-06,50,129.0,0.0,21.0,0.0,1.0,7.0,1,3,1,4,4,0,0,0,0,0,0,3.0,11.0,0,8,158.0,50,4058.0,4,3,2,2,322
10701,1973,Graduation,Married,65308.0,0,0,2013-11-09,60,713.0,0.0,264.0,120.0,80.0,34.0,1,7,8,12,4,0,0,1,1,0,0,3.0,11.0,0,27,1211.0,60,4359.0,5,2,5,5,255
3507,1970,Graduation,Single,76467.0,1,0,,44,676.0,161.0,426.0,210.0,44.0,58.0,2,2,5,5,6,0,0,0,0,0,0,3.0,11.0,1,12,1575.0,44,,6,3,3,5,335
2079,1947,2n Cycle,Married,81044.0,0,0,,0,450.0,26.0,535.0,73.0,98.0,26.0,1,5,6,10,1,0,0,0,0,0,0,3.0,11.0,0,21,1208.0,0,,6,5,5,5,555
626,1951,Graduation,Married,32871.0,1,1,2013-09-03,28,22.0,2.0,12.0,0.0,2.0,5.0,1,1,0,3,4,0,0,0,0,0,0,3.0,11.0,0,4,43.0,28,4426.0,5,4,1,1,411
4426,1975,Graduation,Single,55801.0,1,1,,35,367.0,4.0,51.0,6.0,4.0,95.0,6,7,2,6,7,0,0,0,1,0,0,3.0,11.0,0,15,527.0,35,,6,4,4,3,443
2591,1959,Graduation,Widow,76320.0,0,1,,49,526.0,35.0,214.0,69.0,53.0,35.0,2,6,3,4,2,0,0,0,0,0,0,3.0,11.0,0,13,932.0,49,,6,3,3,4,334
10509,1955,Master,Single,36927.0,1,1,2014-02-06,46,51.0,0.0,16.0,0.0,0.0,4.0,2,3,0,3,8,0,0,0,0,0,0,3.0,11.0,0,6,71.0,46,4270.0,3,3,2,2,322
6382,1953,Graduation,Together,48794.0,1,1,,97,25.0,0.0,11.0,3.0,0.0,15.0,1,1,0,3,4,0,0,0,0,0,0,3.0,11.0,0,4,54.0,97,,4,1,1,1,111
6673,1965,Graduation,Single,23478.0,0,0,,51,28.0,6.0,27.0,12.0,17.0,39.0,1,3,0,3,8,0,0,0,0,0,0,3.0,11.0,0,6,129.0,51,,6,3,2,2,322
7441,1973,Graduation,Divorced,71128.0,1,0,2012-06-10,80,958.0,159.0,447.0,20.0,0.0,31.0,3,2,10,12,7,0,0,0,0,0,0,3.0,11.0,0,24,1615.0,80,4876.0,5,1,5,5,155
1071,1976,PhD,Divorced,70179.0,0,1,,10,532.0,88.0,168.0,69.0,44.0,133.0,3,7,3,13,5,0,0,0,0,0,0,3.0,11.0,0,23,1034.0,10,,6,5,5,4,554
10061,1950,Graduation,Married,59462.0,0,1,2013-05-01,29,724.0,17.0,143.0,0.0,8.0,196.0,2,9,2,12,7,0,0,0,0,0,0,3.0,11.0,0,23,1088.0,29,4551.0,5,4,5,4,454
7187,1969,Master,Together,51371.0,1,1,,52,375.0,42.0,48.0,94.0,66.0,96.0,7,4,10,4,3,0,0,0,0,0,0,3.0,11.0,0,18,721.0,52,,6,3,4,4,344
8775,1969,Graduation,Together,38361.0,1,0,,74,39.0,0.0,56.0,20.0,8.0,14.0,3,3,1,3,7,0,0,0,0,0,0,3.0,11.0,0,7,137.0,74,,5,2,2,2,222
1612,1981,PhD,Single,51371.0,1,0,,82,23.0,0.0,15.0,0.0,2.0,7.0,2,3,0,3,6,0,0,0,0,0,0,3.0,11.0,0,6,47.0,82,,4,1,2,1,121
2345,1982,PhD,Together,70038.0,0,0,,54,587.0,54.0,348.0,71.0,54.0,130.0,1,4,4,8,2,0,0,0,0,0,0,3.0,11.0,0,16,1244.0,54,,6,3,4,5,345
322,1978,Graduation,Together,42554.0,1,1,2013-12-01,93,29.0,1.0,11.0,0.0,0.0,0.0,2,2,0,3,4,0,0,0,0,0,0,3.0,11.0,0,5,41.0,93,4337.0,3,1,2,1,121
10897,1974,Graduation,Married,67445.0,0,1,2012-12-08,63,757.0,80.0,217.0,29.0,80.0,11.0,5,9,6,12,6,0,0,0,0,0,0,3.0,11.0,0,27,1174.0,63,4695.0,6,2,5,5,255
123,1951,Graduation,Widow,67046.0,0,1,2013-06-01,92,544.0,35.0,133.0,23.0,151.0,107.0,2,4,5,4,2,0,0,0,0,0,0,3.0,11.0,0,13,993.0,92,4520.0,6,1,3,4,134
6103,1948,Graduation,Married,42192.0,0,0,2013-06-09,40,40.0,15.0,15.0,17.0,6.0,7.0,1,2,1,3,4,0,0,0,0,0,0,3.0,11.0,0,6,100.0,40,4512.0,6,3,2,2,322
7899,1952,PhD,Married,77610.0,0,1,,70,1245.0,33.0,332.0,21.0,33.0,16.0,2,4,7,4,7,0,0,0,0,0,0,3.0,11.0,0,15,1680.0,70,,6,2,4,5,245
10500,1984,Graduation,Married,31761.0,1,0,2014-05-04,96,19.0,1.0,20.0,16.0,14.0,28.0,2,3,0,4,5,0,0,0,0,0,0,3.0,11.0,0,7,98.0,96,4183.0,6,1,2,2,122
1655,1979,Graduation,Together,34350.0,1,0,,81,16.0,3.0,15.0,2.0,1.0,11.0,1,1,0,3,7,0,0,0,0,0,0,3.0,11.0,0,4,48.0,81,,6,1,1,1,111
2406,1949,Graduation,Together,54591.0,0,1,2013-05-08,63,376.0,4.0,94.0,12.0,9.0,24.0,3,6,2,8,5,0,0,0,0,0,0,3.0,11.0,0,16,519.0,63,4544.0,6,2,4,3,243
2712,1956,Graduation,Married,71866.0,0,1,,85,184.0,178.0,178.0,103.0,39.0,33.0,1,6,3,10,3,0,0,0,0,0,0,3.0,11.0,0,19,715.0,85,,6,1,4,4,144
5517,1969,Graduation,Married,25293.0,1,0,,51,15.0,0.0,11.0,0.0,2.0,9.0,1,1,1,2,8,0,0,0,0,0,0,3.0,11.0,0,4,37.0,51,,4,3,1,1,311
10643,1987,PhD,Single,42000.0,0,0,2013-10-01,23,124.0,83.0,267.0,85.0,59.0,35.0,2,5,2,11,5,0,0,0,0,0,0,3.0,11.0,1,18,653.0,23,4398.0,6,4,4,4,444
2254,1983,Graduation,Married,69520.0,0,0,2013-07-07,95,627.0,120.0,414.0,121.0,80.0,93.0,1,9,6,5,5,0,0,0,0,0,0,3.0,11.0,0,20,1455.0,95,4484.0,6,1,5,5,155
10281,1970,Graduation,Divorced,64713.0,1,0,2014-07-02,11,180.0,60.0,241.0,13.0,54.0,54.0,2,5,5,7,4,0,0,0,0,0,0,3.0,11.0,1,17,602.0,11,4124.0,6,5,4,3,543
6958,1977,Master,Married,27889.0,1,0,2013-05-07,42,14.0,0.0,4.0,0.0,0.0,8.0,1,1,1,2,6,0,0,0,0,0,0,3.0,11.0,0,4,26.0,42,4545.0,3,3,1,1,311
954,1960,Basic,Widow,22123.0,0,0,,77,3.0,3.0,24.0,34.0,7.0,31.0,1,2,1,3,5,0,0,0,0,0,0,3.0,11.0,0,6,102.0,77,,6,2,2,2,222
5079,1971,Graduation,Married,51371.0,1,1,2013-03-03,82,71.0,1.0,16.0,0.0,0.0,9.0,4,2,1,3,8,0,0,0,0,0,0,3.0,11.0,0,6,97.0,82,4610.0,4,1,2,2,122
10339,1954,Master,Together,51371.0,0,1,,83,161.0,0.0,22.0,0.0,0.0,24.0,2,4,1,4,6,0,0,0,0,0,0,3.0,11.0,0,9,207.0,83,,3,1,3,3,133
4643,1973,Graduation,Married,27803.0,1,0,,40,8.0,26.0,46.0,38.0,9.0,49.0,2,3,0,4,8,0,0,0,0,0,0,3.0,11.0,0,7,176.0,40,,6,3,2,2,322
3117,1955,Graduation,Single,51371.0,0,1,,95,264.0,0.0,21.0,12.0,6.0,147.0,3,6,1,5,7,0,0,0,0,0,0,3.0,11.0,0,12,450.0,95,,5,1,3,3,133
6497,1960,Graduation,Married,51651.0,0,1,2012-07-11,32,293.0,6.0,23.0,13.0,6.0,92.0,4,6,2,5,8,0,0,0,0,0,0,3.0,11.0,0,13,433.0,32,4845.0,6,4,3,3,433
5396,1988,Graduation,Married,68487.0,0,0,,48,758.0,12.0,385.0,33.0,89.0,89.0,1,9,7,13,4,0,0,0,0,0,0,3.0,11.0,0,29,1366.0,48,,6,3,5,5,355
5250,1943,Master,Widow,51371.0,0,0,,75,532.0,126.0,490.0,164.0,126.0,126.0,1,5,5,11,1,0,0,1,0,0,0,3.0,11.0,1,21,1564.0,75,,6,2,5,5,255
1052,1969,Graduation,Married,56796.0,0,1,,24,656.0,38.0,161.0,62.0,47.0,37.0,3,8,9,7,7,0,0,0,0,0,0,3.0,11.0,0,24,1001.0,24,,6,4,5,4,454
2802,1992,2n Cycle,Married,87000.0,0,0,,61,196.0,25.0,607.0,67.0,17.0,49.0,1,4,6,7,2,0,0,0,0,0,0,3.0,11.0,0,17,961.0,61,,6,2,4,4,244
6343,1959,Graduation,Married,79823.0,0,1,,6,835.0,73.0,380.0,114.0,73.0,43.0,1,6,9,7,2,0,1,0,0,0,0,3.0,11.0,0,22,1518.0,6,,6,5,5,5,555
6507,1980,Graduation,Single,30828.0,1,0,2013-04-10,16,16.0,11.0,15.0,2.0,0.0,12.0,2,1,1,4,3,0,0,0,0,0,0,3.0,11.0,0,6,56.0,16,4572.0,5,5,2,2,522
7901,1971,Master,Married,34109.0,0,1,2013-06-11,39,9.0,1.0,5.0,2.0,1.0,4.0,1,0,0,3,4,0,0,0,0,0,0,3.0,11.0,0,3,22.0,39,4510.0,6,3,1,1,311
4865,1974,Master,Divorced,53367.0,1,1,,2,229.0,7.0,140.0,10.0,3.0,11.0,7,5,1,8,7,0,0,0,0,0,0,3.0,11.0,1,14,400.0,2,,6,5,3,3,533
2686,1969,Basic,Together,22390.0,0,0,,49,0.0,1.0,4.0,15.0,1.0,5.0,1,1,0,2,7,0,0,0,0,0,0,3.0,11.0,0,3,26.0,49,,5,3,1,1,311
3107,1976,Graduation,Together,71322.0,0,1,2014-02-05,31,121.0,24.0,124.0,24.0,15.0,42.0,1,4,1,7,2,0,0,0,0,0,0,3.0,11.0,0,12,350.0,31,4271.0,6,4,3,3,433
1146,1949,Master,Together,49912.0,0,1,2012-07-09,5,520.0,8.0,223.0,32.0,49.0,42.0,4,10,5,7,8,1,0,0,0,0,0,3.0,11.0,1,22,874.0,5,4847.0,6,5,5,4,554
11031,1950,PhD,Married,48699.0,1,1,,90,26.0,1.0,10.0,2.0,0.0,1.0,1,1,0,3,5,0,0,0,0,0,0,3.0,11.0,0,4,40.0,90,,5,1,1,1,111
7428,1975,Graduation,Together,80144.0,0,0,,47,240.0,132.0,445.0,250.0,192.0,108.0,1,3,7,8,1,0,0,0,0,0,0,3.0,11.0,0,18,1367.0,47,,6,3,4,5,345
975,1956,Graduation,Single,54252.0,1,1,,25,178.0,4.0,26.0,8.0,4.0,44.0,5,4,1,5,6,0,0,0,0,0,0,3.0,11.0,0,10,264.0,25,,6,4,3,3,433
1103,1976,Master,Married,81929.0,1,0,,60,1486.0,55.0,278.0,49.0,0.0,185.0,2,4,4,10,6,1,0,1,0,0,0,3.0,11.0,1,18,2053.0,60,,5,2,4,5,245
3422,1975,Graduation,Married,76068.0,0,1,,67,1115.0,12.0,128.0,33.0,12.0,76.0,1,2,3,4,6,0,1,0,0,1,0,3.0,11.0,0,9,1376.0,67,,6,2,3,5,235
1055,1976,Master,Married,53204.0,1,1,,40,29.0,0.0,8.0,2.0,0.0,6.0,1,1,0,3,4,0,0,0,0,0,0,3.0,11.0,0,4,45.0,40,,4,3,1,1,311
6544,1949,PhD,Together,67911.0,0,1,,63,529.0,0.0,356.0,63.0,28.0,0.0,3,6,7,11,3,0,0,0,0,0,0,3.0,11.0,0,24,976.0,63,,4,2,5,4,254
1241,1984,2n Cycle,Married,14796.0,1,0,,1,13.0,3.0,8.0,7.0,4.0,16.0,2,1,0,3,9,0,0,0,0,0,0,3.0,11.0,1,4,51.0,1,,6,5,1,1,511
2909,1974,PhD,Married,78128.0,0,1,,89,934.0,24.0,230.0,16.0,24.0,36.0,2,8,4,6,3,0,1,1,0,0,0,3.0,11.0,0,18,1264.0,89,,6,1,4,5,145
5802,1972,Basic,Married,14188.0,0,0,,40,2.0,7.0,11.0,16.0,12.0,27.0,1,2,0,4,6,0,0,0,0,0,0,3.0,11.0,0,6,75.0,40,,6,3,2,2,322
1407,1986,Basic,Married,20425.0,1,0,,5,4.0,12.0,5.0,3.0,16.0,17.0,2,2,0,3,7,0,0,0,0,0,0,3.0,11.0,0,5,57.0,5,,6,5,2,2,522
6183,1962,Master,Married,58646.0,0,1,2013-10-06,3,62.0,1.0,44.0,6.0,5.0,22.0,1,2,1,4,4,0,0,0,0,0,0,3.0,11.0,0,7,140.0,3,4393.0,6,5,2,2,522
340,1970,Graduation,Divorced,72967.0,0,1,,1,158.0,35.0,179.0,0.0,0.0,125.0,2,7,2,8,5,1,0,0,0,0,0,3.0,11.0,1,17,497.0,1,,4,5,4,3,543
5991,1949,Master,Married,48150.0,0,1,2013-08-06,24,173.0,2.0,39.0,3.0,2.0,47.0,3,5,1,4,7,0,0,0,0,0,0,3.0,11.0,0,10,266.0,24,4454.0,6,4,3,3,433
3104,1961,Graduation,Single,82332.0,0,0,,89,830.0,59.0,968.0,51.0,79.0,19.0,1,5,3,12,2,0,0,1,0,0,0,3.0,11.0,1,20,2006.0,89,,6,1,5,5,155
9729,1955,Graduation,Widow,58275.0,1,1,2013-02-06,48,189.0,10.0,253.0,56.0,43.0,64.0,6,8,2,7,7,0,0,0,0,0,0,3.0,11.0,0,17,615.0,48,4635.0,6,3,4,3,343
1008,1981,PhD,Together,44953.0,0,0,,31,728.0,17.0,133.0,11.0,8.0,124.0,1,7,3,13,6,1,0,0,0,0,0,3.0,11.0,0,23,1021.0,31,,6,4,5,4,454
11091,1953,Graduation,Together,34587.0,1,1,,68,7.0,2.0,9.0,2.0,0.0,2.0,2,1,0,3,4,0,0,0,0,0,0,3.0,11.0,0,4,22.0,68,,5,2,1,1,211
3969,1974,Master,Together,43018.0,0,1,2013-01-11,46,35.0,4.0,17.0,7.0,6.0,64.0,1,2,2,2,5,0,0,0,0,0,0,3.0,11.0,0,6,133.0,46,4661.0,6,3,2,2,322
1916,1954,Master,Married,45736.0,0,1,,92,188.0,3.0,180.0,20.0,3.0,43.0,5,7,1,6,7,0,0,0,0,0,0,3.0,11.0,0,14,437.0,92,,6,1,3,3,133
9907,1969,Master,Together,66476.0,0,1,2013-04-12,80,742.0,28.0,152.0,25.0,9.0,57.0,2,6,8,10,4,0,0,0,0,0,0,3.0,11.0,0,24,1013.0,80,4570.0,6,1,5,4,154
87,1981,2n Cycle,Married,27733.0,1,0,,16,0.0,7.0,5.0,26.0,2.0,17.0,2,2,0,3,7,0,0,0,0,0,0,3.0,11.0,0,5,57.0,16,,5,5,2,2,522
8659,1952,PhD,Together,69805.0,0,1,,50,750.0,71.0,174.0,13.0,10.0,20.0,2,6,8,11,2,0,0,0,0,0,0,3.0,11.0,0,25,1038.0,50,,6,3,5,4,354
6262,1962,Master,Single,72217.0,0,0,2013-10-04,93,816.0,42.0,450.0,55.0,56.0,154.0,1,3,10,8,2,0,0,0,0,0,0,3.0,11.0,0,21,1573.0,93,4395.0,6,1,5,5,155
6147,1971,Graduation,Divorced,25818.0,1,0,,51,5.0,2.0,8.0,2.0,2.0,9.0,1,0,1,2,7,0,0,0,0,0,0,3.0,11.0,0,3,28.0,51,,6,3,1,1,311
8832,1976,Master,Together,37509.0,1,0,2012-12-09,24,37.0,5.0,56.0,12.0,8.0,5.0,2,3,0,4,7,0,0,0,0,0,0,3.0,11.0,0,7,123.0,24,4694.0,6,4,2,2,422
10067,1976,2n Cycle,Together,25176.0,1,1,2013-10-08,79,4.0,0.0,4.0,0.0,0.0,5.0,1,1,0,2,7,0,0,0,0,0,0,3.0,11.0,0,3,13.0,79,4391.0,3,1,1,1,111
7532,1980,Graduation,Married,43586.0,0,1,,26,99.0,2.0,11.0,4.0,0.0,16.0,3,3,0,4,8,0,0,0,0,0,0,3.0,11.0,0,7,132.0,26,,5,4,2,2,422
4915,1956,2n Cycle,Married,53230.0,0,1,2012-03-08,86,176.0,72.0,98.0,136.0,21.0,229.0,4,5,2,12,5,0,0,0,0,0,0,3.0,11.0,0,19,732.0,86,4970.0,6,1,4,4,144
2115,1957,Graduation,Together,50116.0,1,1,,68,54.0,0.0,10.0,0.0,0.0,2.0,2,1,0,4,5,0,1,0,0,0,0,3.0,11.0,0,5,66.0,68,,3,2,2,2,222
2088,1972,Graduation,Together,84906.0,0,0,2013-04-10,98,997.0,15.0,414.0,99.0,30.0,76.0,1,5,6,12,2,0,1,1,0,1,0,3.0,11.0,0,23,1631.0,98,4572.0,6,1,5,5,155
2493,1966,Graduation,Married,61286.0,0,1,2013-02-08,34,356.0,0.0,107.0,19.0,9.0,117.0,2,7,1,8,5,0,0,0,0,0,0,3.0,11.0,0,16,608.0,34,4633.0,5,4,4,3,443
6292,1986,PhD,Married,82333.0,0,0,,60,1311.0,0.0,359.0,46.0,89.0,17.0,1,4,3,10,2,0,0,1,0,0,0,3.0,11.0,1,17,1822.0,60,,5,2,4,5,245
1631,1965,PhD,Together,65220.0,0,0,2012-03-09,3,890.0,63.0,292.0,0.0,25.0,12.0,4,8,4,7,6,0,0,0,0,0,0,3.0,11.0,1,19,1282.0,3,4969.0,5,5,4,5,545
10104,1974,Graduation,Together,33590.0,2,1,2013-03-11,65,4.0,0.0,2.0,0.0,0.0,2.0,1,1,0,2,7,0,0,0,0,0,0,3.0,11.0,0,3,8.0,65,4602.0,3,2,1,1,211
3006,1976,Graduation,Divorced,30992.0,1,0,,83,17.0,0.0,14.0,7.0,3.0,2.0,1,1,0,3,7,0,0,0,0,0,0,3.0,11.0,0,4,43.0,83,,5,1,1,1,111
3919,1976,Master,Single,72309.0,0,0,2013-11-03,64,960.0,0.0,883.0,50.0,38.0,0.0,1,5,6,8,3,0,0,0,1,0,0,3.0,11.0,1,19,1931.0,64,4365.0,4,2,4,5,245
11181,1949,PhD,Married,156924.0,0,0,,85,2.0,1.0,2.0,1.0,1.0,1.0,0,0,0,0,0,0,0,0,0,0,0,3.0,11.0,0,0,8.0,85,,6,1,1,1,111
642,1980,Basic,Married,16005.0,1,0,,69,1.0,3.0,2.0,20.0,30.0,47.0,3,2,1,2,8,0,0,0,0,0,0,3.0,11.0,0,5,103.0,69,,6,2,2,2,222
10127,1965,Graduation,Married,58692.0,0,1,2014-06-04,21,301.0,11.0,61.0,4.0,7.0,11.0,1,8,2,4,7,0,0,0,0,0,0,3.0,11.0,0,14,395.0,21,4152.0,6,4,3,3,433
271,1969,Graduation,Widow,40590.0,1,1,2013-02-10,30,154.0,0.0,50.0,6.0,11.0,37.0,5,3,4,3,6,1,0,0,0,0,0,3.0,11.0,0,10,258.0,30,4631.0,5,4,3,3,433
4973,1970,Graduation,Single,20587.0,1,0,2014-11-05,39,2.0,3.0,6.0,4.0,1.0,9.0,1,1,1,2,7,0,0,0,0,0,0,3.0,11.0,0,4,25.0,39,3998.0,6,3,1,1,311
2948,1954,Master,Divorced,62637.0,0,1,2014-01-03,76,104.0,12.0,48.0,4.0,12.0,5.0,1,2,2,5,2,0,0,0,0,0,0,3.0,11.0,0,9,185.0,76,4304.0,6,2,3,2,232
2715,1966,Master,Divorced,29435.0,1,1,2012-06-08,11,70.0,3.0,37.0,4.0,2.0,64.0,4,3,2,2,9,0,0,0,0,0,0,3.0,11.0,1,7,180.0,11,4878.0,6,5,2,2,522
10432,1974,Graduation,Divorced,19346.0,1,0,,26,2.0,0.0,9.0,3.0,6.0,2.0,1,1,0,3,8,0,0,0,0,0,0,3.0,11.0,0,4,22.0,26,,5,4,1,1,411
9216,1971,Graduation,Married,35788.0,1,1,,34,23.0,2.0,11.0,3.0,1.0,4.0,2,2,0,3,6,0,0,0,0,0,0,3.0,11.0,0,5,44.0,34,,6,4,2,1,421
7124,1968,Graduation,Divorced,36997.0,1,1,2013-01-02,72,43.0,4.0,12.0,8.0,0.0,27.0,5,2,1,4,5,0,0,0,0,0,0,3.0,11.0,0,7,94.0,72,4670.0,5,2,2,2,222
9727,1957,Graduation,Married,23539.0,0,0,,13,4.0,24.0,11.0,16.0,1.0,25.0,1,2,0,4,6,0,0,0,0,0,0,3.0,11.0,0,6,81.0,13,,6,5,2,2,522
5136,1973,Graduation,Single,65333.0,0,1,,58,654.0,7.0,92.0,0.0,15.0,30.0,7,9,4,8,6,0,1,1,0,0,0,3.0,11.0,0,21,798.0,58,,5,3,5,4,354
9790,1957,Graduation,Single,78499.0,0,0,,12,912.0,72.0,170.0,47.0,36.0,97.0,1,11,3,4,4,0,0,1,0,0,0,3.0,11.0,1,18,1334.0,12,,6,5,4,5,545
1818,1971,PhD,Together,29732.0,1,0,,23,25.0,0.0,8.0,0.0,1.0,4.0,1,2,0,2,9,0,0,0,0,0,0,3.0,11.0,0,4,38.0,23,,4,4,1,1,411
1100,1960,Master,Together,41275.0,1,2,,33,24.0,4.0,22.0,0.0,2.0,9.0,4,3,1,3,5,0,0,0,0,0,0,3.0,11.0,0,7,61.0,33,,5,4,2,2,422
7873,1973,PhD,Together,63516.0,1,1,2013-06-07,30,141.0,11.0,114.0,15.0,14.0,5.0,4,4,1,7,5,0,0,0,0,0,0,3.0,11.0,0,12,300.0,30,4514.0,6,4,3,3,433
10609,1962,PhD,Married,42769.0,0,1,2013-12-10,15,71.0,0.0,13.0,3.0,1.0,0.0,2,1,1,4,4,0,0,0,0,0,0,3.0,11.0,0,6,88.0,15,4328.0,4,5,2,2,522
6950,1958,Master,Married,49572.0,1,1,,25,35.0,1.0,16.0,0.0,1.0,1.0,2,2,0,3,7,0,0,0,0,0,0,3.0,11.0,0,5,54.0,25,,5,4,2,1,421
7233,1972,Graduation,Married,69209.0,0,0,,4,496.0,32.0,849.0,229.0,48.0,128.0,2,5,3,6,4,0,0,0,1,0,0,3.0,11.0,0,14,1782.0,4,,6,5,3,5,535
9481,1976,Graduation,Married,17148.0,1,0,,80,9.0,9.0,11.0,13.0,10.0,16.0,4,3,1,3,8,0,0,0,0,0,0,3.0,11.0,0,7,68.0,80,,6,1,2,2,122
7699,1969,Graduation,Widow,40590.0,1,1,2013-02-10,30,154.0,0.0,50.0,6.0,11.0,37.0,5,3,4,3,6,1,0,0,0,0,0,3.0,11.0,0,10,258.0,30,4631.0,5,4,3,3,433
2711,1976,Master,Together,30560.0,1,0,,6,9.0,1.0,5.0,4.0,5.0,7.0,1,1,0,3,7,0,0,0,0,0,0,3.0,11.0,0,4,31.0,6,,6,5,1,1,511
8933,1983,2n Cycle,Married,32146.0,1,0,2014-12-05,16,26.0,3.0,23.0,4.0,7.0,3.0,2,2,0,4,6,0,0,0,0,0,0,3.0,11.0,0,6,66.0,16,3968.0,6,5,2,2,522
8726,1964,2n Cycle,Divorced,41713.0,1,1,,57,77.0,8.0,44.0,10.0,10.0,25.0,5,3,1,4,6,0,0,0,0,0,0,3.0,11.0,0,8,174.0,57,,6,3,2,2,322
1515,1975,Master,Together,34176.0,0,1,,9,11.0,2.0,7.0,4.0,2.0,2.0,1,1,0,3,3,0,0,0,0,0,0,3.0,11.0,0,4,28.0,9,,6,5,1,1,511
5186,1955,PhD,Married,58482.0,0,1,2014-12-03,59,576.0,7.0,115.0,19.0,7.0,7.0,2,7,4,9,6,0,1,0,0,0,0,3.0,11.0,0,20,731.0,59,3970.0,6,2,5,4,254
10157,1965,Graduation,Single,59686.0,0,1,,78,89.0,15.0,89.0,34.0,42.0,5.0,1,4,1,6,4,0,0,0,0,0,0,3.0,11.0,0,11,274.0,78,,6,2,3,3,233
5667,1964,PhD,Married,60896.0,0,1,2012-11-10,90,1013.0,30.0,399.0,60.0,46.0,153.0,3,9,10,4,6,0,0,0,0,0,0,3.0,11.0,1,23,1701.0,90,4723.0,6,1,5,5,155
902,1980,Graduation,Together,62994.0,1,0,2014-04-03,74,224.0,12.0,48.0,4.0,12.0,12.0,1,6,2,4,6,0,0,0,0,0,0,3.0,11.0,0,12,312.0,74,4214.0,6,2,3,3,233
977,1957,Graduation,Together,47320.0,0,1,2013-01-08,10,200.0,19.0,111.0,50.0,15.0,19.0,6,5,1,8,6,0,0,0,0,0,0,3.0,11.0,0,14,414.0,10,4664.0,6,5,3,3,533
7313,1949,2n Cycle,Widow,74859.0,0,0,2013-03-06,63,570.0,73.0,614.0,133.0,102.0,73.0,1,6,5,11,3,0,0,0,1,0,0,3.0,11.0,0,22,1565.0,63,4607.0,6,2,5,5,255
7600,1992,Basic,Single,15253.0,1,0,,13,1.0,3.0,3.0,8.0,1.0,13.0,2,1,0,3,7,0,0,0,0,0,0,3.0,11.0,0,4,29.0,13,,6,5,1,1,511
9706,1974,PhD,Single,31560.0,1,0,,98,62.0,1.0,20.0,4.0,0.0,7.0,2,2,1,3,8,0,0,0,0,0,0,3.0,11.0,0,6,94.0,98,,5,1,2,2,122
2429,1954,Graduation,Divorced,72071.0,0,1,,4,531.0,69.0,300.0,150.0,138.0,150.0,3,5,4,8,2,0,0,0,0,0,0,3.0,11.0,0,17,1338.0,4,,6,5,4,5,545
3520,1990,Master,Single,91172.0,0,0,,94,162.0,28.0,818.0,0.0,28.0,56.0,0,4,3,7,3,1,0,1,1,1,0,3.0,11.0,1,14,1092.0,94,,5,1,3,4,134
10394,1984,Graduation,Married,90000.0,0,0,,91,675.0,144.0,133.0,94.0,192.0,241.0,1,4,8,5,1,1,0,1,1,0,0,3.0,11.0,0,17,1479.0,91,,6,1,4,5,145
4548,1981,Graduation,Single,41967.0,1,1,,66,23.0,4.0,10.0,0.0,2.0,15.0,1,1,0,3,4,0,0,0,0,0,0,3.0,11.0,0,4,54.0,66,,5,2,1,1,211
9362,1965,Graduation,Single,69263.0,0,1,2014-05-03,14,492.0,5.0,32.0,13.0,5.0,21.0,1,9,1,7,6,0,1,0,0,0,0,3.0,11.0,0,17,568.0,14,4184.0,6,5,4,3,543
3968,1970,2n Cycle,Divorced,65706.0,0,0,,77,918.0,10.0,129.0,13.0,0.0,129.0,1,11,3,12,7,0,1,1,0,1,0,3.0,11.0,1,26,1199.0,77,,5,2,5,5,255
4084,1975,Graduation,Together,60934.0,0,1,,41,224.0,155.0,155.0,192.0,93.0,54.0,2,6,4,11,4,0,0,0,0,0,0,3.0,11.0,0,21,873.0,41,,6,3,5,4,354
6721,1951,Graduation,Married,71965.0,0,1,,21,572.0,19.0,286.0,50.0,38.0,248.0,3,6,3,5,3,0,0,0,0,0,0,3.0,11.0,0,14,1213.0,21,,6,4,3,5,435
2829,1955,Graduation,Married,65210.0,0,1,2014-10-03,25,626.0,0.0,70.0,0.0,7.0,28.0,2,9,3,8,6,0,1,0,1,0,0,3.0,11.0,0,20,731.0,25,4031.0,4,4,5,4,454
1772,1975,PhD,Married,79174.0,0,0,2013-11-01,2,1074.0,37.0,518.0,193.0,92.0,129.0,1,5,6,7,2,0,0,1,1,0,0,3.0,11.0,1,18,2043.0,2,4367.0,6,5,4,5,545
1544,1967,Master,Divorced,81380.0,0,0,,51,741.0,68.0,689.0,224.0,68.0,103.0,1,4,2,10,2,0,0,0,0,0,0,3.0,11.0,0,16,1893.0,51,,6,3,4,5,345
4377,1971,Graduation,Married,52914.0,0,1,2013-07-01,32,254.0,10.0,44.0,30.0,10.0,227.0,2,7,3,3,7,1,0,0,0,0,0,3.0,11.0,0,13,575.0,32,4490.0,6,4,3,3,433
4541,1955,Graduation,Together,38946.0,0,1,,84,116.0,6.0,82.0,6.0,6.0,41.0,2,3,1,6,5,0,0,0,0,0,0,3.0,11.0,0,10,257.0,84,,6,1,3,3,133
1321,1974,Graduation,Married,26067.0,1,0,2013-04-11,49,22.0,2.0,18.0,0.0,2.0,12.0,3,3,0,3,8,0,0,0,0,0,0,3.0,11.0,0,6,56.0,49,4571.0,5,3,2,2,322
8858,1972,PhD,Married,44325.0,0,1,2013-07-03,69,516.0,0.0,21.0,0.0,0.0,5.0,4,8,2,7,8,0,1,0,0,0,0,3.0,11.0,0,17,542.0,69,4488.0,3,2,4,3,243
3266,1964,Graduation,Married,42523.0,0,0,,96,14.0,36.0,11.0,3.0,26.0,35.0,1,1,1,4,2,0,0,0,0,0,0,3.0,11.0,0,6,125.0,96,,6,1,2,2,122
11187,1978,Basic,Single,26487.0,1,0,,23,2.0,8.0,10.0,12.0,14.0,23.0,3,2,1,3,5,0,0,0,0,0,0,3.0,11.0,0,6,69.0,23,,6,4,2,2,422
8207,1957,2n Cycle,Married,53233.0,0,1,,18,28.0,0.0,9.0,3.0,0.0,0.0,1,1,0,3,4,0,0,0,0,0,0,3.0,11.0,0,4,40.0,18,,3,5,1,1,511
9723,1960,Graduation,Married,67716.0,0,1,2013-10-01,8,530.0,142.0,217.0,62.0,9.0,56.0,4,7,4,13,5,0,1,0,0,0,0,3.0,11.0,0,24,1016.0,8,4398.0,6,5,5,4,554
2666,1972,Master,Married,76234.0,0,1,2014-06-02,21,519.0,50.0,167.0,130.0,0.0,41.0,1,8,3,11,3,0,1,0,0,0,0,3.0,11.0,0,22,907.0,21,4154.0,5,4,5,4,454
5721,1956,PhD,Married,84117.0,0,0,2014-11-05,60,611.0,76.0,749.0,59.0,45.0,26.0,1,7,10,6,2,0,0,1,0,0,0,3.0,11.0,0,23,1566.0,60,3998.0,6,2,5,5,255
10652,1957,Master,Together,65487.0,0,0,2014-10-01,48,240.0,67.0,500.0,199.0,0.0,163.0,3,3,5,6,2,0,0,0,0,0,0,3.0,11.0,0,14,1169.0,48,4033.0,5,3,3,4,334
1646,1972,Basic,Married,25224.0,1,0,,36,4.0,9.0,12.0,11.0,2.0,8.0,2,1,1,3,3,0,0,0,0,0,0,3.0,11.0,0,5,46.0,36,,6,4,2,1,421
4418,1983,Master,Single,89616.0,0,0,,36,671.0,47.0,655.0,145.0,111.0,15.0,1,7,5,12,2,0,0,0,0,0,0,3.0,11.0,1,24,1644.0,36,,6,4,5,5,455
2656,1971,Graduation,Divorced,40851.0,1,1,,63,23.0,1.0,7.0,0.0,4.0,24.0,1,1,1,2,7,0,0,0,0,0,0,3.0,11.0,0,4,59.0,63,,5,2,1,2,212
7990,1947,Graduation,Married,27469.0,0,0,2012-02-08,2,9.0,1.0,2.0,3.0,2.0,0.0,1,0,0,3,6,0,0,0,0,0,0,3.0,11.0,0,3,17.0,2,4999.0,5,5,1,1,511
8722,1957,2n Cycle,Married,82347.0,0,0,2012-06-11,38,556.0,54.0,845.0,202.0,133.0,63.0,1,7,7,10,3,1,0,0,1,0,0,3.0,11.0,1,24,1853.0,38,4875.0,6,4,5,5,455
7118,1957,Graduation,Married,73803.0,0,1,2012-01-08,61,833.0,80.0,363.0,52.0,26.0,174.0,2,9,5,6,6,1,0,0,0,0,0,3.0,11.0,1,20,1528.0,61,5030.0,6,2,5,5,255
2980,1952,Master,Single,8820.0,1,1,,52,12.0,0.0,13.0,4.0,2.0,4.0,4,3,0,3,8,0,0,0,0,0,0,3.0,11.0,0,6,35.0,52,,5,3,2,1,321
1839,1974,Graduation,Single,43322.0,0,0,,25,56.0,7.0,48.0,10.0,2.0,18.0,1,3,0,4,7,0,0,0,0,0,0,3.0,11.0,0,7,141.0,25,,6,4,2,2,422
10722,1973,Graduation,Together,55593.0,0,1,,63,293.0,8.0,124.0,11.0,4.0,106.0,2,6,6,3,6,1,0,0,0,0,0,3.0,11.0,0,15,546.0,63,,6,2,4,3,243
2632,1954,Graduation,Married,50501.0,1,1,,10,297.0,0.0,38.0,13.0,0.0,152.0,7,5,4,4,6,1,0,0,0,0,0,3.0,11.0,1,13,500.0,10,,4,5,3,3,533
9014,1975,Graduation,Married,37085.0,1,1,,65,39.0,1.0,16.0,2.0,0.0,3.0,4,3,0,3,8,0,0,0,0,0,0,3.0,11.0,0,6,61.0,65,,5,2,2,2,222
7620,1990,Basic,Single,16185.0,1,0,2013-05-08,71,5.0,11.0,16.0,21.0,8.0,45.0,2,2,2,2,8,0,0,0,0,0,0,3.0,11.0,0,6,106.0,71,4544.0,6,2,2,2,222
10968,1969,Graduation,Single,57731.0,0,1,,0,266.0,21.0,300.0,65.0,8.0,44.0,4,8,8,6,6,0,0,0,0,0,0,3.0,11.0,0,22,704.0,0,,6,5,5,4,554
2736,1978,Graduation,Married,73807.0,0,1,2013-02-01,88,366.0,124.0,156.0,71.0,78.0,54.0,2,5,5,11,2,0,0,0,0,0,0,3.0,11.0,0,21,849.0,88,4640.0,6,1,5,4,154
1876,1990,Graduation,Married,18929.0,0,0,,15,32.0,0.0,8.0,23.0,4.0,18.0,1,1,0,4,6,0,0,0,0,0,0,3.0,11.0,0,5,85.0,15,,5,5,2,2,522
5959,1968,Graduation,Single,35893.0,1,1,,80,158.0,0.0,23.0,0.0,0.0,18.0,6,3,1,5,8,0,0,0,0,0,0,3.0,11.0,0,9,199.0,80,,3,1,3,3,133
1092,1980,Graduation,Married,61014.0,0,1,2012-11-08,17,269.0,129.0,495.0,182.0,43.0,29.0,4,9,3,4,7,0,0,0,0,0,0,3.0,11.0,0,16,1147.0,17,4725.0,6,5,4,4,544
4333,1954,Graduation,Together,32144.0,1,1,,76,41.0,0.0,10.0,0.0,0.0,3.0,4,2,1,3,7,0,1,0,0,0,0,3.0,11.0,0,6,54.0,76,,3,2,2,1,221
3850,1963,Basic,Together,14918.0,0,1,2012-07-12,52,3.0,3.0,3.0,15.0,4.0,15.0,1,1,0,3,6,0,0,0,0,0,0,3.0,11.0,0,4,43.0,52,4844.0,6,3,1,1,311
6168,1963,Graduation,Divorced,45146.0,1,1,,28,33.0,0.0,5.0,0.0,0.0,15.0,2,1,1,2,4,0,0,0,0,0,0,3.0,11.0,0,4,53.0,28,,3,4,1,1,411
607,1955,2n Cycle,Divorced,41769.0,0,1,,31,302.0,29.0,131.0,32.0,0.0,27.0,6,8,1,7,8,0,0,0,0,0,0,3.0,11.0,0,16,521.0,31,,5,4,4,3,443
10469,1981,Graduation,Together,88325.0,0,0,2014-05-02,42,519.0,71.0,860.0,93.0,27.0,53.0,1,6,2,9,2,0,0,0,0,0,0,3.0,11.0,0,17,1623.0,42,4185.0,6,3,4,5,345
6983,1950,Master,Divorced,38054.0,1,1,2014-01-05,24,23.0,2.0,17.0,2.0,1.0,0.0,2,2,0,3,7,0,0,0,0,0,0,3.0,11.0,0,5,45.0,24,4302.0,5,4,2,1,421
3661,1995,2n Cycle,Single,80617.0,0,0,2012-12-10,42,594.0,51.0,631.0,72.0,55.0,32.0,1,4,6,8,2,0,0,0,0,0,0,3.0,11.0,0,18,1435.0,42,4693.0,6,3,4,5,345
9303,1976,Graduation,Married,5305.0,0,1,,12,12.0,4.0,7.0,1.0,3.0,5.0,0,1,0,0,13,0,0,0,0,0,0,3.0,11.0,0,1,32.0,12,,6,5,1,1,511
692,1954,Graduation,Together,36807.0,1,1,,88,4.0,2.0,5.0,0.0,0.0,5.0,1,1,0,2,6,0,0,0,0,0,0,3.0,11.0,0,3,16.0,88,,4,1,1,1,111
736,1983,Graduation,Together,28427.0,1,0,,67,18.0,3.0,19.0,3.0,3.0,6.0,2,2,0,3,8,0,0,0,0,0,0,3.0,11.0,0,5,52.0,67,,6,2,2,1,221
9589,1948,PhD,Widow,82032.0,0,0,2014-05-04,54,332.0,194.0,377.0,149.0,125.0,57.0,0,4,6,7,1,0,0,0,0,0,0,3.0,11.0,0,17,1234.0,54,4183.0,6,3,4,5,345
4838,1978,Graduation,Together,22775.0,1,0,,40,5.0,1.0,8.0,0.0,0.0,1.0,1,1,0,2,8,0,0,0,0,0,0,3.0,11.0,0,3,15.0,40,,4,3,1,1,311
9246,1985,Master,Together,40101.0,1,0,,73,171.0,3.0,129.0,26.0,24.0,62.0,4,6,1,6,7,0,0,0,0,0,0,3.0,11.0,0,13,415.0,73,,6,2,3,3,233
6261,1979,Graduation,Married,58025.0,0,1,,81,270.0,31.0,88.0,11.0,48.0,22.0,3,3,2,10,4,0,0,0,0,0,0,3.0,11.0,0,15,470.0,81,,6,1,4,3,143
7366,1982,Master,Single,75777.0,0,0,2013-04-07,12,712.0,26.0,538.0,69.0,13.0,80.0,1,3,6,11,1,0,1,1,0,0,0,3.0,11.0,1,20,1438.0,12,4575.0,6,5,5,5,555
10659,1979,2n Cycle,Together,7500.0,1,0,2013-07-05,7,2.0,8.0,11.0,3.0,8.0,21.0,4,3,2,2,7,0,0,0,0,0,0,3.0,11.0,0,7,53.0,7,4486.0,6,5,2,1,521
1448,1963,Master,Married,33562.0,1,2,,33,21.0,12.0,12.0,0.0,3.0,3.0,3,2,0,4,4,0,0,0,0,0,0,3.0,11.0,0,6,51.0,33,,5,4,2,1,421
4286,1970,PhD,Single,57642.0,0,1,2014-09-01,24,580.0,6.0,58.0,8.0,0.0,27.0,3,7,6,6,4,1,0,0,0,0,0,3.0,11.0,0,19,679.0,24,4063.0,5,4,4,4,444
4749,1968,Graduation,Together,58554.0,1,1,,55,368.0,24.0,68.0,38.0,0.0,88.0,6,8,2,6,7,0,0,0,0,0,0,3.0,11.0,0,16,586.0,55,,5,3,4,3,343
4478,1979,Graduation,Married,63777.0,1,1,,87,457.0,5.0,106.0,15.0,17.0,53.0,8,11,1,6,8,0,0,0,0,0,0,3.0,11.0,0,18,653.0,87,,6,1,4,4,144
4201,1962,Graduation,Single,57967.0,0,1,2013-03-03,39,229.0,7.0,137.0,4.0,0.0,91.0,5,4,2,8,5,0,0,0,0,0,0,3.0,11.0,0,14,468.0,39,4610.0,5,3,3,3,333
8720,1978,2n Cycle,Together,51371.0,0,0,2012-12-08,53,32.0,2.0,1607.0,12.0,4.0,22.0,0,0,0,1,0,0,1,0,0,0,0,3.0,11.0,0,1,1679.0,53,4695.0,6,3,1,5,315
10084,1972,Graduation,Married,24434.0,2,0,,9,3.0,2.0,8.0,20.0,0.0,17.0,2,2,1,2,7,0,0,0,0,0,0,3.0,11.0,0,5,50.0,9,,5,5,2,1,521
7004,1984,Graduation,Single,11012.0,1,0,,82,24.0,3.0,26.0,7.0,1.0,23.0,3,3,1,2,9,1,0,0,0,0,0,3.0,11.0,0,6,84.0,82,,6,1,2,2,122
9817,1970,Master,Single,44802.0,0,0,,71,853.0,10.0,143.0,13.0,10.0,20.0,2,9,4,12,8,0,0,0,0,0,0,3.0,11.0,0,25,1049.0,71,,6,2,5,4,254
8080,1986,Graduation,Single,26816.0,0,0,,50,5.0,1.0,6.0,3.0,4.0,3.0,1,0,0,3,4,0,0,0,0,0,0,3.0,11.0,0,3,22.0,50,,6,3,1,1,311
9432,1977,Graduation,Together,51371.0,1,0,2013-02-06,23,9.0,14.0,18.0,8.0,1.0,12.0,4,3,1,3,6,0,0,0,0,0,0,3.0,11.0,0,7,62.0,23,4635.0,6,4,2,2,422
8372,1974,Graduation,Married,34421.0,1,0,2013-01-07,81,3.0,3.0,7.0,6.0,2.0,9.0,1,1,0,2,7,0,0,0,0,0,0,3.0,11.0,0,3,30.0,81,4665.0,6,1,1,1,111
10870,1967,Graduation,Married,61223.0,0,1,,46,709.0,43.0,182.0,42.0,118.0,247.0,2,9,3,4,5,0,0,0,0,0,0,3.0,11.0,0,16,1341.0,46,,6,3,4,5,345
4001,1946,PhD,Together,64014.0,2,1,2014-10-06,56,406.0,0.0,30.0,0.0,0.0,8.0,7,8,2,5,7,0,0,0,1,0,0,3.0,11.0,0,15,444.0,56,4028.0,3,3,4,3,343
7270,1981,Graduation,Divorced,56981.0,0,0,,91,908.0,48.0,217.0,32.0,12.0,24.0,1,2,3,13,6,0,1,0,0,0,0,3.0,11.0,0,18,1241.0,91,,6,1,4,5,145
8235,1956,Master,Together,69245.0,0,1,,8,428.0,30.0,214.0,80.0,30.0,61.0,2,6,5,10,3,0,0,0,0,0,0,3.0,11.0,0,21,843.0,8,,6,5,5,4,554
9405,1954,PhD,Married,52869.0,1,1,,40,84.0,3.0,61.0,2.0,1.0,21.0,3,3,1,4,7,0,0,0,0,0,0,3.0,11.0,1,8,172.0,40,,6,3,2,2,322
